pool_id,split,member_id,observed_day,style,message_idx,role,content
public_01,train,syn_ee6abfe4319122c923a1a5aad57e66d6,30,authored_templates_not_real_transcripts,0,assistant,What are you hoping to find?
public_01,train,syn_ee6abfe4319122c923a1a5aad57e66d6,30,authored_templates_not_real_transcripts,1,user,I would like to build a lasting relationship.
public_01,train,syn_ee6abfe4319122c923a1a5aad57e66d6,30,authored_templates_not_real_transcripts,2,assistant,What pace feels comfortable?
public_01,train,syn_ee6abfe4319122c923a1a5aad57e66d6,30,authored_templates_not_real_transcripts,3,user,I am comfortable meeting fairly soon.
public_01,train,syn_ee6abfe4319122c923a1a5aad57e66d6,30,authored_templates_not_real_transcripts,4,assistant,How do you tend to spend free time?
public_01,train,syn_ee6abfe4319122c923a1a5aad57e66d6,30,authored_templates_not_real_transcripts,5,user,I usually prefer a quiet evening.
public_01,train,syn_ee6abfe4319122c923a1a5aad57e66d6,30,authored_templates_not_real_transcripts,6,assistant,What kinds of conversation do you enjoy?
public_01,train,syn_ee6abfe4319122c923a1a5aad57e66d6,30,authored_templates_not_real_transcripts,7,user,I enjoy working through practical questions.
public_01,train,syn_8cb4e6be41c31b818e02fa316c35beb3,30,authored_templates_not_real_transcripts,0,assistant,What are you hoping to find?
public_01,train,syn_8cb4e6be41c31b818e02fa316c35beb3,30,authored_templates_not_real_transcripts,1,user,I would like to build a lasting relationship.
public_01,train,syn_8cb4e6be41c31b818e02fa316c35beb3,30,authored_templates_not_real_transcripts,2,assistant,What pace feels comfortable?
public_01,train,syn_8cb4e6be41c31b818e02fa316c35beb3,30,authored_templates_not_real_transcripts,3,user,A steady pace suits me.
public_01,train,syn_8cb4e6be41c31b818e02fa316c35beb3,30,authored_templates_not_real_transcripts,4,assistant,How do you tend to spend free time?
public_01,train,syn_8cb4e6be41c31b818e02fa316c35beb3,30,authored_templates_not_real_transcripts,5,user,I like a mixture of quiet time and seeing people.
public_01,train,syn_8cb4e6be41c31b818e02fa316c35beb3,30,authored_templates_not_real_transcripts,6,assistant,What kinds of conversation do you enjoy?
public_01,train,syn_8cb4e6be41c31b818e02fa316c35beb3,30,authored_templates_not_real_transcripts,7,user,I enjoy working through practical questions.
public_01,train,syn_e3074c5436df2878fd069b0530a2d947,30,authored_templates_not_real_transcripts,0,assistant,How do you tend to spend free time?
public_01,train,syn_e3074c5436df2878fd069b0530a2d947,30,authored_templates_not_real_transcripts,1,user,I usually prefer a quiet evening.
public_01,train,syn_8af27caff19ffca9d7cfee516f4ea72d,30,authored_templates_not_real_transcripts,0,assistant,What are you hoping to find?
public_01,train,syn_8af27caff19ffca9d7cfee516f4ea72d,30,authored_templates_not_real_transcripts,1,user,I am still working out what I want.
public_01,train,syn_c30a840e9b8e2371264340830ebd5624,30,authored_templates_not_real_transcripts,0,assistant,How do you tend to spend free time?
public_01,train,syn_c30a840e9b8e2371264340830ebd5624,30,authored_templates_not_real_transcripts,1,user,I usually prefer a quiet evening.
public_01,train,syn_c30a840e9b8e2371264340830ebd5624,30,authored_templates_not_real_transcripts,2,assistant,What kinds of conversation do you enjoy?
public_01,train,syn_c30a840e9b8e2371264340830ebd5624,30,authored_templates_not_real_transcripts,3,user,I enjoy talking about ideas.
public_01,train,syn_9ec439916390faad55ad37dd7bfc633b,30,authored_templates_not_real_transcripts,0,assistant,What are you hoping to find?
public_01,train,syn_9ec439916390faad55ad37dd7bfc633b,30,authored_templates_not_real_transcripts,1,user,I would like to build a lasting relationship.
public_01,train,syn_9ec439916390faad55ad37dd7bfc633b,30,authored_templates_not_real_transcripts,2,assistant,What pace feels comfortable?
public_01,train,syn_9ec439916390faad55ad37dd7bfc633b,30,authored_templates_not_real_transcripts,3,user,I prefer to get to know someone gradually.
public_01,train,syn_9ec439916390faad55ad37dd7bfc633b,30,authored_templates_not_real_transcripts,4,assistant,How do you tend to spend free time?
public_01,train,syn_9ec439916390faad55ad37dd7bfc633b,30,authored_templates_not_real_transcripts,5,user,I enjoy having plans with people.
public_01,train,syn_9ec439916390faad55ad37dd7bfc633b,30,authored_templates_not_real_transcripts,6,assistant,What kinds of conversation do you enjoy?
public_01,train,syn_9ec439916390faad55ad37dd7bfc633b,30,authored_templates_not_real_transcripts,7,user,I like hearing the stories behind things.
public_01,train,syn_d2b4bebb2b5dd3ebd12518b9c4ce9772,30,authored_templates_not_real_transcripts,0,assistant,What are you hoping to find?
public_01,train,syn_d2b4bebb2b5dd3ebd12518b9c4ce9772,30,authored_templates_not_real_transcripts,1,user,I would like to build a lasting relationship.
public_01,train,syn_d2b4bebb2b5dd3ebd12518b9c4ce9772,30,authored_templates_not_real_transcripts,2,assistant,What pace feels comfortable?
public_01,train,syn_d2b4bebb2b5dd3ebd12518b9c4ce9772,30,authored_templates_not_real_transcripts,3,user,I am comfortable meeting fairly soon.
public_01,train,syn_d2b4bebb2b5dd3ebd12518b9c4ce9772,30,authored_templates_not_real_transcripts,4,assistant,How do you tend to spend free time?
public_01,train,syn_d2b4bebb2b5dd3ebd12518b9c4ce9772,30,authored_templates_not_real_transcripts,5,user,I usually prefer a quiet evening.
public_01,train,syn_d2b4bebb2b5dd3ebd12518b9c4ce9772,30,authored_templates_not_real_transcripts,6,assistant,What kinds of conversation do you enjoy?
public_01,train,syn_d2b4bebb2b5dd3ebd12518b9c4ce9772,30,authored_templates_not_real_transcripts,7,user,I enjoy talking about ideas.
public_01,train,syn_d715b900be79fe830c7a239f7481ff40,30,authored_templates_not_real_transcripts,0,assistant,What are you hoping to find?
public_01,train,syn_d715b900be79fe830c7a239f7481ff40,30,authored_templates_not_real_transcripts,1,user,I am still working out what I want.
public_01,train,syn_ffdc447101d85a0aba41567cc7b1bb7b,30,authored_templates_not_real_transcripts,0,assistant,What pace feels comfortable?
public_01,train,syn_ffdc447101d85a0aba41567cc7b1bb7b,30,authored_templates_not_real_transcripts,1,user,I prefer to get to know someone gradually.
public_01,train,syn_ffdc447101d85a0aba41567cc7b1bb7b,30,authored_templates_not_real_transcripts,2,assistant,How do you tend to spend free time?
public_01,train,syn_ffdc447101d85a0aba41567cc7b1bb7b,30,authored_templates_not_real_transcripts,3,user,I usually prefer a quiet evening.
public_01,train,syn_99ce189452ac7a452245453cf27c0175,30,authored_templates_not_real_transcripts,0,assistant,How do you tend to spend free time?
public_01,train,syn_99ce189452ac7a452245453cf27c0175,30,authored_templates_not_real_transcripts,1,user,I usually prefer a quiet evening.
public_01,train,syn_66eec2310bb6b235626cd3b2d0f492a0,30,authored_templates_not_real_transcripts,0,assistant,How do you tend to spend free time?
public_01,train,syn_66eec2310bb6b235626cd3b2d0f492a0,30,authored_templates_not_real_transcripts,1,user,I usually prefer a quiet evening.
public_01,train,syn_51c3093687ec35fc141741284be4579c,30,authored_templates_not_real_transcripts,0,assistant,What are you hoping to find?
public_01,train,syn_51c3093687ec35fc141741284be4579c,30,authored_templates_not_real_transcripts,1,user,I am still working out what I want.
public_01,train,syn_51c3093687ec35fc141741284be4579c,30,authored_templates_not_real_transcripts,2,assistant,What pace feels comfortable?
public_01,train,syn_51c3093687ec35fc141741284be4579c,30,authored_templates_not_real_transcripts,3,user,A steady pace suits me.
public_01,train,syn_51c3093687ec35fc141741284be4579c,30,authored_templates_not_real_transcripts,4,assistant,How do you tend to spend free time?
public_01,train,syn_51c3093687ec35fc141741284be4579c,30,authored_templates_not_real_transcripts,5,user,I enjoy having plans with people.
public_01,train,syn_51c3093687ec35fc141741284be4579c,30,authored_templates_not_real_transcripts,6,assistant,What kinds of conversation do you enjoy?
public_01,train,syn_51c3093687ec35fc141741284be4579c,30,authored_templates_not_real_transcripts,7,user,I like hearing the stories behind things.
public_01,train,syn_fb8bec73650305fbc2d28ae8dc25c2ec,30,authored_templates_not_real_transcripts,0,assistant,What are you hoping to find?
public_01,train,syn_fb8bec73650305fbc2d28ae8dc25c2ec,30,authored_templates_not_real_transcripts,1,user,I am still working out what I want.
public_01,train,syn_fb8bec73650305fbc2d28ae8dc25c2ec,30,authored_templates_not_real_transcripts,2,assistant,What pace feels comfortable?
public_01,train,syn_fb8bec73650305fbc2d28ae8dc25c2ec,30,authored_templates_not_real_transcripts,3,user,I am comfortable meeting fairly soon.
public_01,train,syn_fb8bec73650305fbc2d28ae8dc25c2ec,30,authored_templates_not_real_transcripts,4,assistant,How do you tend to spend free time?
public_01,train,syn_fb8bec73650305fbc2d28ae8dc25c2ec,30,authored_templates_not_real_transcripts,5,user,I enjoy having plans with people.
public_01,train,syn_fb8bec73650305fbc2d28ae8dc25c2ec,30,authored_templates_not_real_transcripts,6,assistant,What kinds of conversation do you enjoy?
public_01,train,syn_fb8bec73650305fbc2d28ae8dc25c2ec,30,authored_templates_not_real_transcripts,7,user,I enjoy talking about ideas.
public_01,train,syn_909e654df8322aaeaf7e43e67db2d2d6,30,authored_templates_not_real_transcripts,0,assistant,What are you hoping to find?
public_01,train,syn_909e654df8322aaeaf7e43e67db2d2d6,30,authored_templates_not_real_transcripts,1,user,I am still working out what I want.
public_01,train,syn_3e94cf4755a04dc34451e7870d909bfb,30,authored_templates_not_real_transcripts,0,assistant,What are you hoping to find?
public_01,train,syn_3e94cf4755a04dc34451e7870d909bfb,30,authored_templates_not_real_transcripts,1,user,I would like to build a lasting relationship.
public_01,train,syn_3e94cf4755a04dc34451e7870d909bfb,30,authored_templates_not_real_transcripts,2,assistant,What pace feels comfortable?
public_01,train,syn_3e94cf4755a04dc34451e7870d909bfb,30,authored_templates_not_real_transcripts,3,user,I am comfortable meeting fairly soon.
public_01,train,syn_3e94cf4755a04dc34451e7870d909bfb,30,authored_templates_not_real_transcripts,4,assistant,How do you tend to spend free time?
public_01,train,syn_3e94cf4755a04dc34451e7870d909bfb,30,authored_templates_not_real_transcripts,5,user,I enjoy having plans with people.
public_01,train,syn_3e94cf4755a04dc34451e7870d909bfb,30,authored_templates_not_real_transcripts,6,assistant,What kinds of conversation do you enjoy?
public_01,train,syn_3e94cf4755a04dc34451e7870d909bfb,30,authored_templates_not_real_transcripts,7,user,I enjoy talking about ideas.
public_01,train,syn_eff358b076f1f3e854a9fac6dcd3f567,30,authored_templates_not_real_transcripts,0,assistant,What kinds of conversation do you enjoy?
public_01,train,syn_eff358b076f1f3e854a9fac6dcd3f567,30,authored_templates_not_real_transcripts,1,user,I enjoy talking about ideas.
public_01,train,syn_61637b96c19e5874362ba732e2301987,30,authored_templates_not_real_transcripts,0,assistant,What kinds of conversation do you enjoy?
public_01,train,syn_61637b96c19e5874362ba732e2301987,30,authored_templates_not_real_transcripts,1,user,I like a playful conversation.
public_01,train,syn_b4622763ed1476794c24ad8f6e66b7a6,30,authored_templates_not_real_transcripts,0,assistant,What are you hoping to find?
public_01,train,syn_b4622763ed1476794c24ad8f6e66b7a6,30,authored_templates_not_real_transcripts,1,user,I am still working out what I want.
public_01,train,syn_b4622763ed1476794c24ad8f6e66b7a6,30,authored_templates_not_real_transcripts,2,assistant,What pace feels comfortable?
public_01,train,syn_b4622763ed1476794c24ad8f6e66b7a6,30,authored_templates_not_real_transcripts,3,user,I prefer to get to know someone gradually.
public_01,train,syn_b4622763ed1476794c24ad8f6e66b7a6,30,authored_templates_not_real_transcripts,4,assistant,How do you tend to spend free time?
public_01,train,syn_b4622763ed1476794c24ad8f6e66b7a6,30,authored_templates_not_real_transcripts,5,user,I like a mixture of quiet time and seeing people.
public_01,train,syn_b4622763ed1476794c24ad8f6e66b7a6,30,authored_templates_not_real_transcripts,6,assistant,What kinds of conversation do you enjoy?
public_01,train,syn_b4622763ed1476794c24ad8f6e66b7a6,30,authored_templates_not_real_transcripts,7,user,I enjoy working through practical questions.
public_01,train,syn_aad7734833bf13651bfa0ea1773077e3,30,authored_templates_not_real_transcripts,0,assistant,What are you hoping to find?
public_01,train,syn_aad7734833bf13651bfa0ea1773077e3,30,authored_templates_not_real_transcripts,1,user,I am still working out what I want.
public_01,train,syn_aad7734833bf13651bfa0ea1773077e3,30,authored_templates_not_real_transcripts,2,assistant,What pace feels comfortable?
public_01,train,syn_aad7734833bf13651bfa0ea1773077e3,30,authored_templates_not_real_transcripts,3,user,I prefer to get to know someone gradually.
public_01,train,syn_aad7734833bf13651bfa0ea1773077e3,30,authored_templates_not_real_transcripts,4,assistant,How do you tend to spend free time?
public_01,train,syn_aad7734833bf13651bfa0ea1773077e3,30,authored_templates_not_real_transcripts,5,user,I like a mixture of quiet time and seeing people.
public_01,train,syn_aad7734833bf13651bfa0ea1773077e3,30,authored_templates_not_real_transcripts,6,assistant,What kinds of conversation do you enjoy?
public_01,train,syn_aad7734833bf13651bfa0ea1773077e3,30,authored_templates_not_real_transcripts,7,user,I enjoy talking about ideas.
public_01,train,syn_734427fd4171fc91c915c76e78a10755,30,authored_templates_not_real_transcripts,0,assistant,What are you hoping to find?
public_01,train,syn_734427fd4171fc91c915c76e78a10755,30,authored_templates_not_real_transcripts,1,user,I would like to build a lasting relationship.
public_01,train,syn_1e8bad18a1c14d863cef63a9970d8344,30,authored_templates_not_real_transcripts,0,assistant,What are you hoping to find?
public_01,train,syn_1e8bad18a1c14d863cef63a9970d8344,30,authored_templates_not_real_transcripts,1,user,I would like to build a lasting relationship.
public_01,train,syn_1e8bad18a1c14d863cef63a9970d8344,30,authored_templates_not_real_transcripts,2,assistant,What pace feels comfortable?
public_01,train,syn_1e8bad18a1c14d863cef63a9970d8344,30,authored_templates_not_real_transcripts,3,user,I prefer to get to know someone gradually.
public_01,train,syn_1e8bad18a1c14d863cef63a9970d8344,30,authored_templates_not_real_transcripts,4,assistant,How do you tend to spend free time?
public_01,train,syn_1e8bad18a1c14d863cef63a9970d8344,30,authored_templates_not_real_transcripts,5,user,I like a mixture of quiet time and seeing people.
public_01,train,syn_1e8bad18a1c14d863cef63a9970d8344,30,authored_templates_not_real_transcripts,6,assistant,What kinds of conversation do you enjoy?
public_01,train,syn_1e8bad18a1c14d863cef63a9970d8344,30,authored_templates_not_real_transcripts,7,user,I like a playful conversation.
public_01,train,syn_352914af12aa16727b4924aa5f48ebd1,30,authored_templates_not_real_transcripts,0,assistant,What are you hoping to find?
public_01,train,syn_352914af12aa16727b4924aa5f48ebd1,30,authored_templates_not_real_transcripts,1,user,I am still working out what I want.
public_01,train,syn_352914af12aa16727b4924aa5f48ebd1,30,authored_templates_not_real_transcripts,2,assistant,What pace feels comfortable?
public_01,train,syn_352914af12aa16727b4924aa5f48ebd1,30,authored_templates_not_real_transcripts,3,user,I prefer to get to know someone gradually.
public_01,train,syn_352914af12aa16727b4924aa5f48ebd1,30,authored_templates_not_real_transcripts,4,assistant,How do you tend to spend free time?
public_01,train,syn_352914af12aa16727b4924aa5f48ebd1,30,authored_templates_not_real_transcripts,5,user,I enjoy having plans with people.
public_01,train,syn_352914af12aa16727b4924aa5f48ebd1,30,authored_templates_not_real_transcripts,6,assistant,What kinds of conversation do you enjoy?
public_01,train,syn_352914af12aa16727b4924aa5f48ebd1,30,authored_templates_not_real_transcripts,7,user,I enjoy talking about ideas.
public_01,train,syn_e79da0d36035d273f913520318d5706f,30,authored_templates_not_real_transcripts,0,assistant,What pace feels comfortable?
public_01,train,syn_e79da0d36035d273f913520318d5706f,30,authored_templates_not_real_transcripts,1,user,I am comfortable meeting fairly soon.
public_01,train,syn_931803caf0039572c776ae1e2579aee8,30,authored_templates_not_real_transcripts,0,assistant,What pace feels comfortable?
public_01,train,syn_931803caf0039572c776ae1e2579aee8,30,authored_templates_not_real_transcripts,1,user,I prefer to get to know someone gradually.
public_01,train,syn_6f243cc46db344937a9a55d12b2ee6ba,30,authored_templates_not_real_transcripts,0,assistant,What pace feels comfortable?
public_01,train,syn_6f243cc46db344937a9a55d12b2ee6ba,30,authored_templates_not_real_transcripts,1,user,I prefer to get to know someone gradually.
public_01,train,syn_6f243cc46db344937a9a55d12b2ee6ba,30,authored_templates_not_real_transcripts,2,assistant,What kinds of conversation do you enjoy?
public_01,train,syn_6f243cc46db344937a9a55d12b2ee6ba,30,authored_templates_not_real_transcripts,3,user,I enjoy working through practical questions.
public_01,train,syn_c430220c3b380c7f5245206579ef8b20,30,authored_templates_not_real_transcripts,0,assistant,What are you hoping to find?
public_01,train,syn_c430220c3b380c7f5245206579ef8b20,30,authored_templates_not_real_transcripts,1,user,I would like to build a lasting relationship.
public_01,train,syn_c430220c3b380c7f5245206579ef8b20,30,authored_templates_not_real_transcripts,2,assistant,What pace feels comfortable?
public_01,train,syn_c430220c3b380c7f5245206579ef8b20,30,authored_templates_not_real_transcripts,3,user,I prefer to get to know someone gradually.
public_01,train,syn_c430220c3b380c7f5245206579ef8b20,30,authored_templates_not_real_transcripts,4,assistant,How do you tend to spend free time?
public_01,train,syn_c430220c3b380c7f5245206579ef8b20,30,authored_templates_not_real_transcripts,5,user,I usually prefer a quiet evening.
public_01,train,syn_c430220c3b380c7f5245206579ef8b20,30,authored_templates_not_real_transcripts,6,assistant,What kinds of conversation do you enjoy?
public_01,train,syn_c430220c3b380c7f5245206579ef8b20,30,authored_templates_not_real_transcripts,7,user,I enjoy working through practical questions.
public_01,train,syn_5a2a81135dd5330ac19618741db86306,30,authored_templates_not_real_transcripts,0,assistant,What are you hoping to find?
public_01,train,syn_5a2a81135dd5330ac19618741db86306,30,authored_templates_not_real_transcripts,1,user,I am still working out what I want.
public_01,train,syn_5a2a81135dd5330ac19618741db86306,30,authored_templates_not_real_transcripts,2,assistant,What pace feels comfortable?
public_01,train,syn_5a2a81135dd5330ac19618741db86306,30,authored_templates_not_real_transcripts,3,user,A steady pace suits me.
public_01,train,syn_5a2a81135dd5330ac19618741db86306,30,authored_templates_not_real_transcripts,4,assistant,How do you tend to spend free time?
public_01,train,syn_5a2a81135dd5330ac19618741db86306,30,authored_templates_not_real_transcripts,5,user,I usually prefer a quiet evening.
public_01,train,syn_5a2a81135dd5330ac19618741db86306,30,authored_templates_not_real_transcripts,6,assistant,What kinds of conversation do you enjoy?
public_01,train,syn_5a2a81135dd5330ac19618741db86306,30,authored_templates_not_real_transcripts,7,user,I enjoy talking about ideas.
public_01,train,syn_8844134060c74553e4679322c94b6946,30,authored_templates_not_real_transcripts,0,assistant,What are you hoping to find?
public_01,train,syn_8844134060c74553e4679322c94b6946,30,authored_templates_not_real_transcripts,1,user,I would like to build a lasting relationship.
public_01,train,syn_8844134060c74553e4679322c94b6946,30,authored_templates_not_real_transcripts,2,assistant,What pace feels comfortable?
public_01,train,syn_8844134060c74553e4679322c94b6946,30,authored_templates_not_real_transcripts,3,user,A steady pace suits me.
public_01,train,syn_8844134060c74553e4679322c94b6946,30,authored_templates_not_real_transcripts,4,assistant,How do you tend to spend free time?
public_01,train,syn_8844134060c74553e4679322c94b6946,30,authored_templates_not_real_transcripts,5,user,I usually prefer a quiet evening.
public_01,train,syn_8844134060c74553e4679322c94b6946,30,authored_templates_not_real_transcripts,6,assistant,What kinds of conversation do you enjoy?
public_01,train,syn_8844134060c74553e4679322c94b6946,30,authored_templates_not_real_transcripts,7,user,I like a playful conversation.
public_01,train,syn_97c9450dbb229dd5ed181a5065471e8c,30,authored_templates_not_real_transcripts,0,assistant,How do you tend to spend free time?
public_01,train,syn_97c9450dbb229dd5ed181a5065471e8c,30,authored_templates_not_real_transcripts,1,user,I like a mixture of quiet time and seeing people.
public_01,train,syn_192994820a6f592444c8f48dee08c198,30,authored_templates_not_real_transcripts,0,assistant,What are you hoping to find?
public_01,train,syn_192994820a6f592444c8f48dee08c198,30,authored_templates_not_real_transcripts,1,user,I would like to build a lasting relationship.
public_01,train,syn_192994820a6f592444c8f48dee08c198,30,authored_templates_not_real_transcripts,2,assistant,What pace feels comfortable?
public_01,train,syn_192994820a6f592444c8f48dee08c198,30,authored_templates_not_real_transcripts,3,user,I am comfortable meeting fairly soon.
public_01,train,syn_192994820a6f592444c8f48dee08c198,30,authored_templates_not_real_transcripts,4,assistant,How do you tend to spend free time?
public_01,train,syn_192994820a6f592444c8f48dee08c198,30,authored_templates_not_real_transcripts,5,user,I usually prefer a quiet evening.
public_01,train,syn_192994820a6f592444c8f48dee08c198,30,authored_templates_not_real_transcripts,6,assistant,What kinds of conversation do you enjoy?
public_01,train,syn_192994820a6f592444c8f48dee08c198,30,authored_templates_not_real_transcripts,7,user,I enjoy working through practical questions.
public_01,train,syn_a9c181161ee8f96a7dda3ab35860d64a,30,authored_templates_not_real_transcripts,0,assistant,What are you hoping to find?
public_01,train,syn_a9c181161ee8f96a7dda3ab35860d64a,30,authored_templates_not_real_transcripts,1,user,I am still working out what I want.
public_01,train,syn_a9c181161ee8f96a7dda3ab35860d64a,30,authored_templates_not_real_transcripts,2,assistant,What pace feels comfortable?
public_01,train,syn_a9c181161ee8f96a7dda3ab35860d64a,30,authored_templates_not_real_transcripts,3,user,I am comfortable meeting fairly soon.
public_01,train,syn_a9c181161ee8f96a7dda3ab35860d64a,30,authored_templates_not_real_transcripts,4,assistant,How do you tend to spend free time?
public_01,train,syn_a9c181161ee8f96a7dda3ab35860d64a,30,authored_templates_not_real_transcripts,5,user,I like a mixture of quiet time and seeing people.
public_01,train,syn_a9c181161ee8f96a7dda3ab35860d64a,30,authored_templates_not_real_transcripts,6,assistant,What kinds of conversation do you enjoy?
public_01,train,syn_a9c181161ee8f96a7dda3ab35860d64a,30,authored_templates_not_real_transcripts,7,user,I like a playful conversation.
public_01,train,syn_c8159a786e4b0ddbd75622fca4022686,30,authored_templates_not_real_transcripts,0,assistant,What are you hoping to find?
public_01,train,syn_c8159a786e4b0ddbd75622fca4022686,30,authored_templates_not_real_transcripts,1,user,I would like to build a lasting relationship.
public_01,train,syn_c8159a786e4b0ddbd75622fca4022686,30,authored_templates_not_real_transcripts,2,assistant,What pace feels comfortable?
public_01,train,syn_c8159a786e4b0ddbd75622fca4022686,30,authored_templates_not_real_transcripts,3,user,I am comfortable meeting fairly soon.
public_01,train,syn_c8159a786e4b0ddbd75622fca4022686,30,authored_templates_not_real_transcripts,4,assistant,How do you tend to spend free time?
public_01,train,syn_c8159a786e4b0ddbd75622fca4022686,30,authored_templates_not_real_transcripts,5,user,I usually prefer a quiet evening.
public_01,train,syn_c8159a786e4b0ddbd75622fca4022686,30,authored_templates_not_real_transcripts,6,assistant,What kinds of conversation do you enjoy?
public_01,train,syn_c8159a786e4b0ddbd75622fca4022686,30,authored_templates_not_real_transcripts,7,user,I like hearing the stories behind things.
public_01,train,syn_c3a013f799394dc268d343fcbe8270b0,30,authored_templates_not_real_transcripts,0,assistant,What are you hoping to find?
public_01,train,syn_c3a013f799394dc268d343fcbe8270b0,30,authored_templates_not_real_transcripts,1,user,I am still working out what I want.
public_01,train,syn_c3a013f799394dc268d343fcbe8270b0,30,authored_templates_not_real_transcripts,2,assistant,What pace feels comfortable?
public_01,train,syn_c3a013f799394dc268d343fcbe8270b0,30,authored_templates_not_real_transcripts,3,user,I prefer to get to know someone gradually.
public_01,train,syn_c3a013f799394dc268d343fcbe8270b0,30,authored_templates_not_real_transcripts,4,assistant,How do you tend to spend free time?
public_01,train,syn_c3a013f799394dc268d343fcbe8270b0,30,authored_templates_not_real_transcripts,5,user,I usually prefer a quiet evening.
public_01,train,syn_c3a013f799394dc268d343fcbe8270b0,30,authored_templates_not_real_transcripts,6,assistant,What kinds of conversation do you enjoy?
public_01,train,syn_c3a013f799394dc268d343fcbe8270b0,30,authored_templates_not_real_transcripts,7,user,I like hearing the stories behind things.
public_01,train,syn_3c8584c1f25243303edf1fcc0a7848b8,30,authored_templates_not_real_transcripts,0,assistant,What are you hoping to find?
public_01,train,syn_3c8584c1f25243303edf1fcc0a7848b8,30,authored_templates_not_real_transcripts,1,user,I am still working out what I want.
public_01,train,syn_3c8584c1f25243303edf1fcc0a7848b8,30,authored_templates_not_real_transcripts,2,assistant,What pace feels comfortable?
public_01,train,syn_3c8584c1f25243303edf1fcc0a7848b8,30,authored_templates_not_real_transcripts,3,user,I am comfortable meeting fairly soon.
public_01,train,syn_3c8584c1f25243303edf1fcc0a7848b8,30,authored_templates_not_real_transcripts,4,assistant,How do you tend to spend free time?
public_01,train,syn_3c8584c1f25243303edf1fcc0a7848b8,30,authored_templates_not_real_transcripts,5,user,I usually prefer a quiet evening.
public_01,train,syn_3c8584c1f25243303edf1fcc0a7848b8,30,authored_templates_not_real_transcripts,6,assistant,What kinds of conversation do you enjoy?
public_01,train,syn_3c8584c1f25243303edf1fcc0a7848b8,30,authored_templates_not_real_transcripts,7,user,I enjoy talking about ideas.
public_01,train,syn_d43f90e258ae91543e5fe6e4a6a2e2da,30,authored_templates_not_real_transcripts,0,assistant,What are you hoping to find?
public_01,train,syn_d43f90e258ae91543e5fe6e4a6a2e2da,30,authored_templates_not_real_transcripts,1,user,I am still working out what I want.
public_01,train,syn_d43f90e258ae91543e5fe6e4a6a2e2da,30,authored_templates_not_real_transcripts,2,assistant,What pace feels comfortable?
public_01,train,syn_d43f90e258ae91543e5fe6e4a6a2e2da,30,authored_templates_not_real_transcripts,3,user,I am comfortable meeting fairly soon.
public_01,train,syn_d43f90e258ae91543e5fe6e4a6a2e2da,30,authored_templates_not_real_transcripts,4,assistant,How do you tend to spend free time?
public_01,train,syn_d43f90e258ae91543e5fe6e4a6a2e2da,30,authored_templates_not_real_transcripts,5,user,I usually prefer a quiet evening.
public_01,train,syn_d43f90e258ae91543e5fe6e4a6a2e2da,30,authored_templates_not_real_transcripts,6,assistant,What kinds of conversation do you enjoy?
public_01,train,syn_d43f90e258ae91543e5fe6e4a6a2e2da,30,authored_templates_not_real_transcripts,7,user,I like a playful conversation.
public_01,train,syn_4bae37c3b69c792c35e1731394f0f149,30,authored_templates_not_real_transcripts,0,assistant,What are you hoping to find?
public_01,train,syn_4bae37c3b69c792c35e1731394f0f149,30,authored_templates_not_real_transcripts,1,user,I am still working out what I want.
public_01,train,syn_4bae37c3b69c792c35e1731394f0f149,30,authored_templates_not_real_transcripts,2,assistant,What pace feels comfortable?
public_01,train,syn_4bae37c3b69c792c35e1731394f0f149,30,authored_templates_not_real_transcripts,3,user,I prefer to get to know someone gradually.
public_01,train,syn_4bae37c3b69c792c35e1731394f0f149,30,authored_templates_not_real_transcripts,4,assistant,How do you tend to spend free time?
public_01,train,syn_4bae37c3b69c792c35e1731394f0f149,30,authored_templates_not_real_transcripts,5,user,I usually prefer a quiet evening.
public_01,train,syn_4bae37c3b69c792c35e1731394f0f149,30,authored_templates_not_real_transcripts,6,assistant,What kinds of conversation do you enjoy?
public_01,train,syn_4bae37c3b69c792c35e1731394f0f149,30,authored_templates_not_real_transcripts,7,user,I like hearing the stories behind things.
public_01,train,syn_f832ca06708876cdd8c0cb8b6770ff42,30,authored_templates_not_real_transcripts,0,assistant,What pace feels comfortable?
public_01,train,syn_f832ca06708876cdd8c0cb8b6770ff42,30,authored_templates_not_real_transcripts,1,user,A steady pace suits me.
public_01,train,syn_d6ce4a175220e5944d253b206d70b5ae,30,authored_templates_not_real_transcripts,0,assistant,What pace feels comfortable?
public_01,train,syn_d6ce4a175220e5944d253b206d70b5ae,30,authored_templates_not_real_transcripts,1,user,I am comfortable meeting fairly soon.
public_01,train,syn_d6ce4a175220e5944d253b206d70b5ae,30,authored_templates_not_real_transcripts,2,assistant,How do you tend to spend free time?
public_01,train,syn_d6ce4a175220e5944d253b206d70b5ae,30,authored_templates_not_real_transcripts,3,user,I like a mixture of quiet time and seeing people.
public_01,train,syn_1590c7c7e61f068af7c1b8fe352500bc,30,authored_templates_not_real_transcripts,0,assistant,What are you hoping to find?
public_01,train,syn_1590c7c7e61f068af7c1b8fe352500bc,30,authored_templates_not_real_transcripts,1,user,I am still working out what I want.
public_01,train,syn_1590c7c7e61f068af7c1b8fe352500bc,30,authored_templates_not_real_transcripts,2,assistant,What pace feels comfortable?
public_01,train,syn_1590c7c7e61f068af7c1b8fe352500bc,30,authored_templates_not_real_transcripts,3,user,I am comfortable meeting fairly soon.
public_01,train,syn_1590c7c7e61f068af7c1b8fe352500bc,30,authored_templates_not_real_transcripts,4,assistant,How do you tend to spend free time?
public_01,train,syn_1590c7c7e61f068af7c1b8fe352500bc,30,authored_templates_not_real_transcripts,5,user,I usually prefer a quiet evening.
public_01,train,syn_1590c7c7e61f068af7c1b8fe352500bc,30,authored_templates_not_real_transcripts,6,assistant,What kinds of conversation do you enjoy?
public_01,train,syn_1590c7c7e61f068af7c1b8fe352500bc,30,authored_templates_not_real_transcripts,7,user,I like hearing the stories behind things.
public_01,train,syn_55abe9af5dcae1efeae9e681ee12a167,30,authored_templates_not_real_transcripts,0,assistant,What are you hoping to find?
public_01,train,syn_55abe9af5dcae1efeae9e681ee12a167,30,authored_templates_not_real_transcripts,1,user,I am still working out what I want.
public_01,train,syn_55abe9af5dcae1efeae9e681ee12a167,30,authored_templates_not_real_transcripts,2,assistant,What pace feels comfortable?
public_01,train,syn_55abe9af5dcae1efeae9e681ee12a167,30,authored_templates_not_real_transcripts,3,user,I am comfortable meeting fairly soon.
public_01,train,syn_55abe9af5dcae1efeae9e681ee12a167,30,authored_templates_not_real_transcripts,4,assistant,How do you tend to spend free time?
public_01,train,syn_55abe9af5dcae1efeae9e681ee12a167,30,authored_templates_not_real_transcripts,5,user,I like a mixture of quiet time and seeing people.
public_01,train,syn_55abe9af5dcae1efeae9e681ee12a167,30,authored_templates_not_real_transcripts,6,assistant,What kinds of conversation do you enjoy?
public_01,train,syn_55abe9af5dcae1efeae9e681ee12a167,30,authored_templates_not_real_transcripts,7,user,I like a playful conversation.
public_01,train,syn_6cc64e64e56700dd377616f3e4e856ed,30,authored_templates_not_real_transcripts,0,assistant,How do you tend to spend free time?
public_01,train,syn_6cc64e64e56700dd377616f3e4e856ed,30,authored_templates_not_real_transcripts,1,user,I enjoy having plans with people.
public_01,train,syn_5c232c51de253a52d729d5e516f23960,30,authored_templates_not_real_transcripts,0,assistant,What are you hoping to find?
public_01,train,syn_5c232c51de253a52d729d5e516f23960,30,authored_templates_not_real_transcripts,1,user,I am still working out what I want.
public_01,train,syn_5c232c51de253a52d729d5e516f23960,30,authored_templates_not_real_transcripts,2,assistant,What pace feels comfortable?
public_01,train,syn_5c232c51de253a52d729d5e516f23960,30,authored_templates_not_real_transcripts,3,user,A steady pace suits me.
public_01,train,syn_5c232c51de253a52d729d5e516f23960,30,authored_templates_not_real_transcripts,4,assistant,How do you tend to spend free time?
public_01,train,syn_5c232c51de253a52d729d5e516f23960,30,authored_templates_not_real_transcripts,5,user,I like a mixture of quiet time and seeing people.
public_01,train,syn_5c232c51de253a52d729d5e516f23960,30,authored_templates_not_real_transcripts,6,assistant,What kinds of conversation do you enjoy?
public_01,train,syn_5c232c51de253a52d729d5e516f23960,30,authored_templates_not_real_transcripts,7,user,I like hearing the stories behind things.
public_01,train,syn_cfd27ca6495326d0508ba804ba64f5ca,30,authored_templates_not_real_transcripts,0,assistant,What are you hoping to find?
public_01,train,syn_cfd27ca6495326d0508ba804ba64f5ca,30,authored_templates_not_real_transcripts,1,user,I would like to build a lasting relationship.
public_01,train,syn_cfd27ca6495326d0508ba804ba64f5ca,30,authored_templates_not_real_transcripts,2,assistant,What pace feels comfortable?
public_01,train,syn_cfd27ca6495326d0508ba804ba64f5ca,30,authored_templates_not_real_transcripts,3,user,I prefer to get to know someone gradually.
public_01,train,syn_cfd27ca6495326d0508ba804ba64f5ca,30,authored_templates_not_real_transcripts,4,assistant,How do you tend to spend free time?
public_01,train,syn_cfd27ca6495326d0508ba804ba64f5ca,30,authored_templates_not_real_transcripts,5,user,I usually prefer a quiet evening.
public_01,train,syn_cfd27ca6495326d0508ba804ba64f5ca,30,authored_templates_not_real_transcripts,6,assistant,What kinds of conversation do you enjoy?
public_01,train,syn_cfd27ca6495326d0508ba804ba64f5ca,30,authored_templates_not_real_transcripts,7,user,I enjoy working through practical questions.
public_01,train,syn_73bade12cb37db49977a98fa82bc3625,30,authored_templates_not_real_transcripts,0,assistant,What are you hoping to find?
public_01,train,syn_73bade12cb37db49977a98fa82bc3625,30,authored_templates_not_real_transcripts,1,user,I am still working out what I want.
public_01,train,syn_73bade12cb37db49977a98fa82bc3625,30,authored_templates_not_real_transcripts,2,assistant,What pace feels comfortable?
public_01,train,syn_73bade12cb37db49977a98fa82bc3625,30,authored_templates_not_real_transcripts,3,user,I prefer to get to know someone gradually.
public_01,train,syn_73bade12cb37db49977a98fa82bc3625,30,authored_templates_not_real_transcripts,4,assistant,How do you tend to spend free time?
public_01,train,syn_73bade12cb37db49977a98fa82bc3625,30,authored_templates_not_real_transcripts,5,user,I usually prefer a quiet evening.
public_01,train,syn_73bade12cb37db49977a98fa82bc3625,30,authored_templates_not_real_transcripts,6,assistant,What kinds of conversation do you enjoy?
public_01,train,syn_73bade12cb37db49977a98fa82bc3625,30,authored_templates_not_real_transcripts,7,user,I enjoy working through practical questions.
public_01,train,syn_8c175ea6644f49872b41ca89274a2a5d,30,authored_templates_not_real_transcripts,0,assistant,How do you tend to spend free time?
public_01,train,syn_8c175ea6644f49872b41ca89274a2a5d,30,authored_templates_not_real_transcripts,1,user,I usually prefer a quiet evening.
public_01,train,syn_20f522f1e3a7a003f116f3de574666ce,30,authored_templates_not_real_transcripts,0,assistant,What are you hoping to find?
public_01,train,syn_20f522f1e3a7a003f116f3de574666ce,30,authored_templates_not_real_transcripts,1,user,I am still working out what I want.
public_01,train,syn_20f522f1e3a7a003f116f3de574666ce,30,authored_templates_not_real_transcripts,2,assistant,What pace feels comfortable?
public_01,train,syn_20f522f1e3a7a003f116f3de574666ce,30,authored_templates_not_real_transcripts,3,user,I am comfortable meeting fairly soon.
public_01,train,syn_20f522f1e3a7a003f116f3de574666ce,30,authored_templates_not_real_transcripts,4,assistant,How do you tend to spend free time?
public_01,train,syn_20f522f1e3a7a003f116f3de574666ce,30,authored_templates_not_real_transcripts,5,user,I usually prefer a quiet evening.
public_01,train,syn_20f522f1e3a7a003f116f3de574666ce,30,authored_templates_not_real_transcripts,6,assistant,What kinds of conversation do you enjoy?
public_01,train,syn_20f522f1e3a7a003f116f3de574666ce,30,authored_templates_not_real_transcripts,7,user,I enjoy working through practical questions.
public_01,train,syn_686f542b8a5e1355485e9675bec78f25,30,authored_templates_not_real_transcripts,0,assistant,What are you hoping to find?
public_01,train,syn_686f542b8a5e1355485e9675bec78f25,30,authored_templates_not_real_transcripts,1,user,I would like to build a lasting relationship.
public_01,train,syn_686f542b8a5e1355485e9675bec78f25,30,authored_templates_not_real_transcripts,2,assistant,What pace feels comfortable?
public_01,train,syn_686f542b8a5e1355485e9675bec78f25,30,authored_templates_not_real_transcripts,3,user,I am comfortable meeting fairly soon.
public_01,train,syn_686f542b8a5e1355485e9675bec78f25,30,authored_templates_not_real_transcripts,4,assistant,How do you tend to spend free time?
public_01,train,syn_686f542b8a5e1355485e9675bec78f25,30,authored_templates_not_real_transcripts,5,user,I enjoy having plans with people.
public_01,train,syn_686f542b8a5e1355485e9675bec78f25,30,authored_templates_not_real_transcripts,6,assistant,What kinds of conversation do you enjoy?
public_01,train,syn_686f542b8a5e1355485e9675bec78f25,30,authored_templates_not_real_transcripts,7,user,I like a playful conversation.
public_01,train,syn_ff08099ce3f31cccc83bab0bdfe3f334,30,authored_templates_not_real_transcripts,0,assistant,What are you hoping to find?
public_01,train,syn_ff08099ce3f31cccc83bab0bdfe3f334,30,authored_templates_not_real_transcripts,1,user,I am still working out what I want.
public_01,train,syn_ff08099ce3f31cccc83bab0bdfe3f334,30,authored_templates_not_real_transcripts,2,assistant,What pace feels comfortable?
public_01,train,syn_ff08099ce3f31cccc83bab0bdfe3f334,30,authored_templates_not_real_transcripts,3,user,I am comfortable meeting fairly soon.
public_01,train,syn_ff08099ce3f31cccc83bab0bdfe3f334,30,authored_templates_not_real_transcripts,4,assistant,How do you tend to spend free time?
public_01,train,syn_ff08099ce3f31cccc83bab0bdfe3f334,30,authored_templates_not_real_transcripts,5,user,I like a mixture of quiet time and seeing people.
public_01,train,syn_ff08099ce3f31cccc83bab0bdfe3f334,30,authored_templates_not_real_transcripts,6,assistant,What kinds of conversation do you enjoy?
public_01,train,syn_ff08099ce3f31cccc83bab0bdfe3f334,30,authored_templates_not_real_transcripts,7,user,I like a playful conversation.
public_01,train,syn_d424b3730c44c0f783cae21891d709f2,30,authored_templates_not_real_transcripts,0,assistant,What pace feels comfortable?
public_01,train,syn_d424b3730c44c0f783cae21891d709f2,30,authored_templates_not_real_transcripts,1,user,I am comfortable meeting fairly soon.
public_01,train,syn_41c413cc05ebffa5a48edf51e8b5f41c,30,authored_templates_not_real_transcripts,0,assistant,What kinds of conversation do you enjoy?
public_01,train,syn_41c413cc05ebffa5a48edf51e8b5f41c,30,authored_templates_not_real_transcripts,1,user,I like hearing the stories behind things.
public_01,train,syn_9b8c0c3cc7a2dc44f3c6da30185d8865,30,authored_templates_not_real_transcripts,0,assistant,What are you hoping to find?
public_01,train,syn_9b8c0c3cc7a2dc44f3c6da30185d8865,30,authored_templates_not_real_transcripts,1,user,I would like to build a lasting relationship.
public_01,train,syn_9b8c0c3cc7a2dc44f3c6da30185d8865,30,authored_templates_not_real_transcripts,2,assistant,What pace feels comfortable?
public_01,train,syn_9b8c0c3cc7a2dc44f3c6da30185d8865,30,authored_templates_not_real_transcripts,3,user,I prefer to get to know someone gradually.
public_01,train,syn_9b8c0c3cc7a2dc44f3c6da30185d8865,30,authored_templates_not_real_transcripts,4,assistant,How do you tend to spend free time?
public_01,train,syn_9b8c0c3cc7a2dc44f3c6da30185d8865,30,authored_templates_not_real_transcripts,5,user,I enjoy having plans with people.
public_01,train,syn_9b8c0c3cc7a2dc44f3c6da30185d8865,30,authored_templates_not_real_transcripts,6,assistant,What kinds of conversation do you enjoy?
public_01,train,syn_9b8c0c3cc7a2dc44f3c6da30185d8865,30,authored_templates_not_real_transcripts,7,user,I enjoy talking about ideas.
public_01,train,syn_55f5be77b53c2ba09e4b6e525c1db2e4,30,authored_templates_not_real_transcripts,0,assistant,What are you hoping to find?
public_01,train,syn_55f5be77b53c2ba09e4b6e525c1db2e4,30,authored_templates_not_real_transcripts,1,user,I am still working out what I want.
public_01,train,syn_55f5be77b53c2ba09e4b6e525c1db2e4,30,authored_templates_not_real_transcripts,2,assistant,What pace feels comfortable?
public_01,train,syn_55f5be77b53c2ba09e4b6e525c1db2e4,30,authored_templates_not_real_transcripts,3,user,A steady pace suits me.
public_01,train,syn_55f5be77b53c2ba09e4b6e525c1db2e4,30,authored_templates_not_real_transcripts,4,assistant,How do you tend to spend free time?
public_01,train,syn_55f5be77b53c2ba09e4b6e525c1db2e4,30,authored_templates_not_real_transcripts,5,user,I enjoy having plans with people.
public_01,train,syn_55f5be77b53c2ba09e4b6e525c1db2e4,30,authored_templates_not_real_transcripts,6,assistant,What kinds of conversation do you enjoy?
public_01,train,syn_55f5be77b53c2ba09e4b6e525c1db2e4,30,authored_templates_not_real_transcripts,7,user,I like a playful conversation.
public_01,train,syn_d4a71b0211d2d383deb726a6d7e8f337,30,authored_templates_not_real_transcripts,0,assistant,What are you hoping to find?
public_01,train,syn_d4a71b0211d2d383deb726a6d7e8f337,30,authored_templates_not_real_transcripts,1,user,I would like to build a lasting relationship.
public_01,train,syn_d4a71b0211d2d383deb726a6d7e8f337,30,authored_templates_not_real_transcripts,2,assistant,What pace feels comfortable?
public_01,train,syn_d4a71b0211d2d383deb726a6d7e8f337,30,authored_templates_not_real_transcripts,3,user,I prefer to get to know someone gradually.
public_01,train,syn_d4a71b0211d2d383deb726a6d7e8f337,30,authored_templates_not_real_transcripts,4,assistant,How do you tend to spend free time?
public_01,train,syn_d4a71b0211d2d383deb726a6d7e8f337,30,authored_templates_not_real_transcripts,5,user,I like a mixture of quiet time and seeing people.
public_01,train,syn_d4a71b0211d2d383deb726a6d7e8f337,30,authored_templates_not_real_transcripts,6,assistant,What kinds of conversation do you enjoy?
public_01,train,syn_d4a71b0211d2d383deb726a6d7e8f337,30,authored_templates_not_real_transcripts,7,user,I like hearing the stories behind things.
public_01,train,syn_337d765b9764b8a2ee932deabdac71bc,30,authored_templates_not_real_transcripts,0,assistant,What are you hoping to find?
public_01,train,syn_337d765b9764b8a2ee932deabdac71bc,30,authored_templates_not_real_transcripts,1,user,I am still working out what I want.
public_01,train,syn_337d765b9764b8a2ee932deabdac71bc,30,authored_templates_not_real_transcripts,2,assistant,What pace feels comfortable?
public_01,train,syn_337d765b9764b8a2ee932deabdac71bc,30,authored_templates_not_real_transcripts,3,user,I am comfortable meeting fairly soon.
public_01,train,syn_337d765b9764b8a2ee932deabdac71bc,30,authored_templates_not_real_transcripts,4,assistant,How do you tend to spend free time?
public_01,train,syn_337d765b9764b8a2ee932deabdac71bc,30,authored_templates_not_real_transcripts,5,user,I usually prefer a quiet evening.
public_01,train,syn_337d765b9764b8a2ee932deabdac71bc,30,authored_templates_not_real_transcripts,6,assistant,What kinds of conversation do you enjoy?
public_01,train,syn_337d765b9764b8a2ee932deabdac71bc,30,authored_templates_not_real_transcripts,7,user,I like a playful conversation.
public_01,train,syn_3e633c5b7371b3f4750e2a5a25cb7e5b,30,authored_templates_not_real_transcripts,0,assistant,What are you hoping to find?
public_01,train,syn_3e633c5b7371b3f4750e2a5a25cb7e5b,30,authored_templates_not_real_transcripts,1,user,I would like to build a lasting relationship.
public_01,train,syn_3e633c5b7371b3f4750e2a5a25cb7e5b,30,authored_templates_not_real_transcripts,2,assistant,How do you tend to spend free time?
public_01,train,syn_3e633c5b7371b3f4750e2a5a25cb7e5b,30,authored_templates_not_real_transcripts,3,user,I usually prefer a quiet evening.
public_01,train,syn_49e3e49b02ef389261d13172be7c8611,30,authored_templates_not_real_transcripts,0,assistant,What are you hoping to find?
public_01,train,syn_49e3e49b02ef389261d13172be7c8611,30,authored_templates_not_real_transcripts,1,user,I would like to build a lasting relationship.
public_01,train,syn_49e3e49b02ef389261d13172be7c8611,30,authored_templates_not_real_transcripts,2,assistant,What pace feels comfortable?
public_01,train,syn_49e3e49b02ef389261d13172be7c8611,30,authored_templates_not_real_transcripts,3,user,I am comfortable meeting fairly soon.
public_01,train,syn_49e3e49b02ef389261d13172be7c8611,30,authored_templates_not_real_transcripts,4,assistant,How do you tend to spend free time?
public_01,train,syn_49e3e49b02ef389261d13172be7c8611,30,authored_templates_not_real_transcripts,5,user,I enjoy having plans with people.
public_01,train,syn_49e3e49b02ef389261d13172be7c8611,30,authored_templates_not_real_transcripts,6,assistant,What kinds of conversation do you enjoy?
public_01,train,syn_49e3e49b02ef389261d13172be7c8611,30,authored_templates_not_real_transcripts,7,user,I like a playful conversation.
public_01,train,syn_e95994b2b21da9c083bd60cac88cc8e4,30,authored_templates_not_real_transcripts,0,assistant,What kinds of conversation do you enjoy?
public_01,train,syn_e95994b2b21da9c083bd60cac88cc8e4,30,authored_templates_not_real_transcripts,1,user,I enjoy working through practical questions.
public_01,train,syn_0478ca12afcd6883e3f5c278a8248756,30,authored_templates_not_real_transcripts,0,assistant,What are you hoping to find?
public_01,train,syn_0478ca12afcd6883e3f5c278a8248756,30,authored_templates_not_real_transcripts,1,user,I would like to build a lasting relationship.
public_01,train,syn_0478ca12afcd6883e3f5c278a8248756,30,authored_templates_not_real_transcripts,2,assistant,What pace feels comfortable?
public_01,train,syn_0478ca12afcd6883e3f5c278a8248756,30,authored_templates_not_real_transcripts,3,user,I prefer to get to know someone gradually.
public_01,train,syn_0478ca12afcd6883e3f5c278a8248756,30,authored_templates_not_real_transcripts,4,assistant,How do you tend to spend free time?
public_01,train,syn_0478ca12afcd6883e3f5c278a8248756,30,authored_templates_not_real_transcripts,5,user,I usually prefer a quiet evening.
public_01,train,syn_0478ca12afcd6883e3f5c278a8248756,30,authored_templates_not_real_transcripts,6,assistant,What kinds of conversation do you enjoy?
public_01,train,syn_0478ca12afcd6883e3f5c278a8248756,30,authored_templates_not_real_transcripts,7,user,I enjoy talking about ideas.
public_01,train,syn_955338430d2d3ed49573828cd492e4e6,30,authored_templates_not_real_transcripts,0,assistant,What pace feels comfortable?
public_01,train,syn_955338430d2d3ed49573828cd492e4e6,30,authored_templates_not_real_transcripts,1,user,I am comfortable meeting fairly soon.
public_01,train,syn_9409cbe11aee260e242330d15e174d81,30,authored_templates_not_real_transcripts,0,assistant,What are you hoping to find?
public_01,train,syn_9409cbe11aee260e242330d15e174d81,30,authored_templates_not_real_transcripts,1,user,I am still working out what I want.
public_01,train,syn_9409cbe11aee260e242330d15e174d81,30,authored_templates_not_real_transcripts,2,assistant,What pace feels comfortable?
public_01,train,syn_9409cbe11aee260e242330d15e174d81,30,authored_templates_not_real_transcripts,3,user,A steady pace suits me.
public_01,train,syn_9409cbe11aee260e242330d15e174d81,30,authored_templates_not_real_transcripts,4,assistant,How do you tend to spend free time?
public_01,train,syn_9409cbe11aee260e242330d15e174d81,30,authored_templates_not_real_transcripts,5,user,I like a mixture of quiet time and seeing people.
public_01,train,syn_9409cbe11aee260e242330d15e174d81,30,authored_templates_not_real_transcripts,6,assistant,What kinds of conversation do you enjoy?
public_01,train,syn_9409cbe11aee260e242330d15e174d81,30,authored_templates_not_real_transcripts,7,user,I enjoy talking about ideas.
public_01,train,syn_caea61ca26d1d63b01ec102e3d0795e7,30,authored_templates_not_real_transcripts,0,assistant,What are you hoping to find?
public_01,train,syn_caea61ca26d1d63b01ec102e3d0795e7,30,authored_templates_not_real_transcripts,1,user,I am still working out what I want.
public_01,train,syn_caea61ca26d1d63b01ec102e3d0795e7,30,authored_templates_not_real_transcripts,2,assistant,What pace feels comfortable?
public_01,train,syn_caea61ca26d1d63b01ec102e3d0795e7,30,authored_templates_not_real_transcripts,3,user,I am comfortable meeting fairly soon.
public_01,train,syn_caea61ca26d1d63b01ec102e3d0795e7,30,authored_templates_not_real_transcripts,4,assistant,How do you tend to spend free time?
public_01,train,syn_caea61ca26d1d63b01ec102e3d0795e7,30,authored_templates_not_real_transcripts,5,user,I like a mixture of quiet time and seeing people.
public_01,train,syn_caea61ca26d1d63b01ec102e3d0795e7,30,authored_templates_not_real_transcripts,6,assistant,What kinds of conversation do you enjoy?
public_01,train,syn_caea61ca26d1d63b01ec102e3d0795e7,30,authored_templates_not_real_transcripts,7,user,I enjoy talking about ideas.
public_01,train,syn_cd0a30bf2986f5686372fc1af9bb730c,30,authored_templates_not_real_transcripts,0,assistant,What are you hoping to find?
public_01,train,syn_cd0a30bf2986f5686372fc1af9bb730c,30,authored_templates_not_real_transcripts,1,user,I am still working out what I want.
public_01,train,syn_cd0a30bf2986f5686372fc1af9bb730c,30,authored_templates_not_real_transcripts,2,assistant,What pace feels comfortable?
public_01,train,syn_cd0a30bf2986f5686372fc1af9bb730c,30,authored_templates_not_real_transcripts,3,user,I am comfortable meeting fairly soon.
public_01,train,syn_cd0a30bf2986f5686372fc1af9bb730c,30,authored_templates_not_real_transcripts,4,assistant,How do you tend to spend free time?
public_01,train,syn_cd0a30bf2986f5686372fc1af9bb730c,30,authored_templates_not_real_transcripts,5,user,I enjoy having plans with people.
public_01,train,syn_cd0a30bf2986f5686372fc1af9bb730c,30,authored_templates_not_real_transcripts,6,assistant,What kinds of conversation do you enjoy?
public_01,train,syn_cd0a30bf2986f5686372fc1af9bb730c,30,authored_templates_not_real_transcripts,7,user,I like a playful conversation.
public_01,train,syn_fab24125d9f5f201ce174b69e74ab7e0,30,authored_templates_not_real_transcripts,0,assistant,How do you tend to spend free time?
public_01,train,syn_fab24125d9f5f201ce174b69e74ab7e0,30,authored_templates_not_real_transcripts,1,user,I like a mixture of quiet time and seeing people.
public_01,train,syn_9c6986d8dc0b3fcddf89823f14169e58,30,authored_templates_not_real_transcripts,0,assistant,What are you hoping to find?
public_01,train,syn_9c6986d8dc0b3fcddf89823f14169e58,30,authored_templates_not_real_transcripts,1,user,I am still working out what I want.
public_01,train,syn_9c6986d8dc0b3fcddf89823f14169e58,30,authored_templates_not_real_transcripts,2,assistant,What pace feels comfortable?
public_01,train,syn_9c6986d8dc0b3fcddf89823f14169e58,30,authored_templates_not_real_transcripts,3,user,I prefer to get to know someone gradually.
public_01,train,syn_9c6986d8dc0b3fcddf89823f14169e58,30,authored_templates_not_real_transcripts,4,assistant,How do you tend to spend free time?
public_01,train,syn_9c6986d8dc0b3fcddf89823f14169e58,30,authored_templates_not_real_transcripts,5,user,I like a mixture of quiet time and seeing people.
public_01,train,syn_9c6986d8dc0b3fcddf89823f14169e58,30,authored_templates_not_real_transcripts,6,assistant,What kinds of conversation do you enjoy?
public_01,train,syn_9c6986d8dc0b3fcddf89823f14169e58,30,authored_templates_not_real_transcripts,7,user,I enjoy talking about ideas.
public_01,train,syn_6017efd3cd8e375efdd4db43ec2dc45b,30,authored_templates_not_real_transcripts,0,assistant,What kinds of conversation do you enjoy?
public_01,train,syn_6017efd3cd8e375efdd4db43ec2dc45b,30,authored_templates_not_real_transcripts,1,user,I enjoy working through practical questions.
public_01,train,syn_cb5ccb4d0ef4b2baee21637f3c7c12bb,30,authored_templates_not_real_transcripts,0,assistant,What are you hoping to find?
public_01,train,syn_cb5ccb4d0ef4b2baee21637f3c7c12bb,30,authored_templates_not_real_transcripts,1,user,I would like to build a lasting relationship.
public_01,train,syn_cb5ccb4d0ef4b2baee21637f3c7c12bb,30,authored_templates_not_real_transcripts,2,assistant,What pace feels comfortable?
public_01,train,syn_cb5ccb4d0ef4b2baee21637f3c7c12bb,30,authored_templates_not_real_transcripts,3,user,I prefer to get to know someone gradually.
public_01,train,syn_cb5ccb4d0ef4b2baee21637f3c7c12bb,30,authored_templates_not_real_transcripts,4,assistant,How do you tend to spend free time?
public_01,train,syn_cb5ccb4d0ef4b2baee21637f3c7c12bb,30,authored_templates_not_real_transcripts,5,user,I usually prefer a quiet evening.
public_01,train,syn_cb5ccb4d0ef4b2baee21637f3c7c12bb,30,authored_templates_not_real_transcripts,6,assistant,What kinds of conversation do you enjoy?
public_01,train,syn_cb5ccb4d0ef4b2baee21637f3c7c12bb,30,authored_templates_not_real_transcripts,7,user,I like a playful conversation.
public_01,train,syn_da0425280e817cf099af8abcdd9116bf,30,authored_templates_not_real_transcripts,0,assistant,What are you hoping to find?
public_01,train,syn_da0425280e817cf099af8abcdd9116bf,30,authored_templates_not_real_transcripts,1,user,I am still working out what I want.
public_01,train,syn_da0425280e817cf099af8abcdd9116bf,30,authored_templates_not_real_transcripts,2,assistant,What pace feels comfortable?
public_01,train,syn_da0425280e817cf099af8abcdd9116bf,30,authored_templates_not_real_transcripts,3,user,I prefer to get to know someone gradually.
public_01,train,syn_da0425280e817cf099af8abcdd9116bf,30,authored_templates_not_real_transcripts,4,assistant,How do you tend to spend free time?
public_01,train,syn_da0425280e817cf099af8abcdd9116bf,30,authored_templates_not_real_transcripts,5,user,I like a mixture of quiet time and seeing people.
public_01,train,syn_da0425280e817cf099af8abcdd9116bf,30,authored_templates_not_real_transcripts,6,assistant,What kinds of conversation do you enjoy?
public_01,train,syn_da0425280e817cf099af8abcdd9116bf,30,authored_templates_not_real_transcripts,7,user,I like a playful conversation.
public_01,train,syn_dac6ff4452913f2419cdedcc570879e7,30,authored_templates_not_real_transcripts,0,assistant,How do you tend to spend free time?
public_01,train,syn_dac6ff4452913f2419cdedcc570879e7,30,authored_templates_not_real_transcripts,1,user,I usually prefer a quiet evening.
public_01,train,syn_ce55981e45ac6f27b30673e97f790453,30,authored_templates_not_real_transcripts,0,assistant,What are you hoping to find?
public_01,train,syn_ce55981e45ac6f27b30673e97f790453,30,authored_templates_not_real_transcripts,1,user,I am still working out what I want.
public_01,train,syn_ce55981e45ac6f27b30673e97f790453,30,authored_templates_not_real_transcripts,2,assistant,What pace feels comfortable?
public_01,train,syn_ce55981e45ac6f27b30673e97f790453,30,authored_templates_not_real_transcripts,3,user,A steady pace suits me.
public_01,train,syn_ce55981e45ac6f27b30673e97f790453,30,authored_templates_not_real_transcripts,4,assistant,How do you tend to spend free time?
public_01,train,syn_ce55981e45ac6f27b30673e97f790453,30,authored_templates_not_real_transcripts,5,user,I usually prefer a quiet evening.
public_01,train,syn_ce55981e45ac6f27b30673e97f790453,30,authored_templates_not_real_transcripts,6,assistant,What kinds of conversation do you enjoy?
public_01,train,syn_ce55981e45ac6f27b30673e97f790453,30,authored_templates_not_real_transcripts,7,user,I like a playful conversation.
public_01,train,syn_67b98a758839f66495dad68189ea28e0,30,authored_templates_not_real_transcripts,0,assistant,How do you tend to spend free time?
public_01,train,syn_67b98a758839f66495dad68189ea28e0,30,authored_templates_not_real_transcripts,1,user,I usually prefer a quiet evening.
public_01,train,syn_15c58533d97d59cd8fa8f6889005853b,30,authored_templates_not_real_transcripts,0,assistant,What are you hoping to find?
public_01,train,syn_15c58533d97d59cd8fa8f6889005853b,30,authored_templates_not_real_transcripts,1,user,I am still working out what I want.
public_01,train,syn_2c5890b4a7795ece2ecfaa5e16ad4013,30,authored_templates_not_real_transcripts,0,assistant,What are you hoping to find?
public_01,train,syn_2c5890b4a7795ece2ecfaa5e16ad4013,30,authored_templates_not_real_transcripts,1,user,I am still working out what I want.
public_01,train,syn_2c5890b4a7795ece2ecfaa5e16ad4013,30,authored_templates_not_real_transcripts,2,assistant,What pace feels comfortable?
public_01,train,syn_2c5890b4a7795ece2ecfaa5e16ad4013,30,authored_templates_not_real_transcripts,3,user,A steady pace suits me.
public_01,train,syn_2c5890b4a7795ece2ecfaa5e16ad4013,30,authored_templates_not_real_transcripts,4,assistant,How do you tend to spend free time?
public_01,train,syn_2c5890b4a7795ece2ecfaa5e16ad4013,30,authored_templates_not_real_transcripts,5,user,I like a mixture of quiet time and seeing people.
public_01,train,syn_2c5890b4a7795ece2ecfaa5e16ad4013,30,authored_templates_not_real_transcripts,6,assistant,What kinds of conversation do you enjoy?
public_01,train,syn_2c5890b4a7795ece2ecfaa5e16ad4013,30,authored_templates_not_real_transcripts,7,user,I like hearing the stories behind things.
public_01,train,syn_5c806a8d5045685cf1ea5b9707ccb5e1,30,authored_templates_not_real_transcripts,0,assistant,What pace feels comfortable?
public_01,train,syn_5c806a8d5045685cf1ea5b9707ccb5e1,30,authored_templates_not_real_transcripts,1,user,I am comfortable meeting fairly soon.
public_01,train,syn_88dc38cd8bc767cba32d5e5af22fd633,30,authored_templates_not_real_transcripts,0,assistant,What are you hoping to find?
public_01,train,syn_88dc38cd8bc767cba32d5e5af22fd633,30,authored_templates_not_real_transcripts,1,user,I am still working out what I want.
public_01,train,syn_5ae04ac802905ecbd5f96319a3f155b0,30,authored_templates_not_real_transcripts,0,assistant,What are you hoping to find?
public_01,train,syn_5ae04ac802905ecbd5f96319a3f155b0,30,authored_templates_not_real_transcripts,1,user,I am still working out what I want.
public_01,train,syn_5ae04ac802905ecbd5f96319a3f155b0,30,authored_templates_not_real_transcripts,2,assistant,What pace feels comfortable?
public_01,train,syn_5ae04ac802905ecbd5f96319a3f155b0,30,authored_templates_not_real_transcripts,3,user,I prefer to get to know someone gradually.
public_01,train,syn_5ae04ac802905ecbd5f96319a3f155b0,30,authored_templates_not_real_transcripts,4,assistant,How do you tend to spend free time?
public_01,train,syn_5ae04ac802905ecbd5f96319a3f155b0,30,authored_templates_not_real_transcripts,5,user,I like a mixture of quiet time and seeing people.
public_01,train,syn_5ae04ac802905ecbd5f96319a3f155b0,30,authored_templates_not_real_transcripts,6,assistant,What kinds of conversation do you enjoy?
public_01,train,syn_5ae04ac802905ecbd5f96319a3f155b0,30,authored_templates_not_real_transcripts,7,user,I enjoy working through practical questions.
public_01,train,syn_c763a71c84bfe5830cf66f3f7268ad7a,30,authored_templates_not_real_transcripts,0,assistant,What are you hoping to find?
public_01,train,syn_c763a71c84bfe5830cf66f3f7268ad7a,30,authored_templates_not_real_transcripts,1,user,I am still working out what I want.
public_01,train,syn_c763a71c84bfe5830cf66f3f7268ad7a,30,authored_templates_not_real_transcripts,2,assistant,What pace feels comfortable?
public_01,train,syn_c763a71c84bfe5830cf66f3f7268ad7a,30,authored_templates_not_real_transcripts,3,user,A steady pace suits me.
public_01,train,syn_c763a71c84bfe5830cf66f3f7268ad7a,30,authored_templates_not_real_transcripts,4,assistant,How do you tend to spend free time?
public_01,train,syn_c763a71c84bfe5830cf66f3f7268ad7a,30,authored_templates_not_real_transcripts,5,user,I enjoy having plans with people.
public_01,train,syn_c763a71c84bfe5830cf66f3f7268ad7a,30,authored_templates_not_real_transcripts,6,assistant,What kinds of conversation do you enjoy?
public_01,train,syn_c763a71c84bfe5830cf66f3f7268ad7a,30,authored_templates_not_real_transcripts,7,user,I enjoy working through practical questions.
public_01,train,syn_6214069ad878006480ec8a15e3ea4d73,30,authored_templates_not_real_transcripts,0,assistant,What are you hoping to find?
public_01,train,syn_6214069ad878006480ec8a15e3ea4d73,30,authored_templates_not_real_transcripts,1,user,I am still working out what I want.
public_01,train,syn_6214069ad878006480ec8a15e3ea4d73,30,authored_templates_not_real_transcripts,2,assistant,What pace feels comfortable?
public_01,train,syn_6214069ad878006480ec8a15e3ea4d73,30,authored_templates_not_real_transcripts,3,user,A steady pace suits me.
public_01,train,syn_6214069ad878006480ec8a15e3ea4d73,30,authored_templates_not_real_transcripts,4,assistant,How do you tend to spend free time?
public_01,train,syn_6214069ad878006480ec8a15e3ea4d73,30,authored_templates_not_real_transcripts,5,user,I like a mixture of quiet time and seeing people.
public_01,train,syn_6214069ad878006480ec8a15e3ea4d73,30,authored_templates_not_real_transcripts,6,assistant,What kinds of conversation do you enjoy?
public_01,train,syn_6214069ad878006480ec8a15e3ea4d73,30,authored_templates_not_real_transcripts,7,user,I enjoy talking about ideas.
public_01,train,syn_bd58a8686e319b00ca603fc2518d8660,30,authored_templates_not_real_transcripts,0,assistant,What kinds of conversation do you enjoy?
public_01,train,syn_bd58a8686e319b00ca603fc2518d8660,30,authored_templates_not_real_transcripts,1,user,I enjoy working through practical questions.
public_01,train,syn_840717cabf80dd61fd2934169bbd08b8,30,authored_templates_not_real_transcripts,0,assistant,What are you hoping to find?
public_01,train,syn_840717cabf80dd61fd2934169bbd08b8,30,authored_templates_not_real_transcripts,1,user,I am still working out what I want.
public_01,train,syn_840717cabf80dd61fd2934169bbd08b8,30,authored_templates_not_real_transcripts,2,assistant,What pace feels comfortable?
public_01,train,syn_840717cabf80dd61fd2934169bbd08b8,30,authored_templates_not_real_transcripts,3,user,I prefer to get to know someone gradually.
public_01,train,syn_840717cabf80dd61fd2934169bbd08b8,30,authored_templates_not_real_transcripts,4,assistant,How do you tend to spend free time?
public_01,train,syn_840717cabf80dd61fd2934169bbd08b8,30,authored_templates_not_real_transcripts,5,user,I usually prefer a quiet evening.
public_01,train,syn_840717cabf80dd61fd2934169bbd08b8,30,authored_templates_not_real_transcripts,6,assistant,What kinds of conversation do you enjoy?
public_01,train,syn_840717cabf80dd61fd2934169bbd08b8,30,authored_templates_not_real_transcripts,7,user,I like hearing the stories behind things.
public_01,train,syn_a54d3aa09c7bf925a105d9d2dceb09da,30,authored_templates_not_real_transcripts,0,assistant,What are you hoping to find?
public_01,train,syn_a54d3aa09c7bf925a105d9d2dceb09da,30,authored_templates_not_real_transcripts,1,user,I would like to build a lasting relationship.
public_01,train,syn_848942b9908ff818fa6fb497f438e33b,30,authored_templates_not_real_transcripts,0,assistant,What are you hoping to find?
public_01,train,syn_848942b9908ff818fa6fb497f438e33b,30,authored_templates_not_real_transcripts,1,user,I would like to build a lasting relationship.
public_01,train,syn_848942b9908ff818fa6fb497f438e33b,30,authored_templates_not_real_transcripts,2,assistant,What pace feels comfortable?
public_01,train,syn_848942b9908ff818fa6fb497f438e33b,30,authored_templates_not_real_transcripts,3,user,A steady pace suits me.
public_01,train,syn_848942b9908ff818fa6fb497f438e33b,30,authored_templates_not_real_transcripts,4,assistant,How do you tend to spend free time?
public_01,train,syn_848942b9908ff818fa6fb497f438e33b,30,authored_templates_not_real_transcripts,5,user,I usually prefer a quiet evening.
public_01,train,syn_848942b9908ff818fa6fb497f438e33b,30,authored_templates_not_real_transcripts,6,assistant,What kinds of conversation do you enjoy?
public_01,train,syn_848942b9908ff818fa6fb497f438e33b,30,authored_templates_not_real_transcripts,7,user,I like hearing the stories behind things.
public_01,train,syn_13e9244b2b75c491c04f6db27ffec35a,30,authored_templates_not_real_transcripts,0,assistant,How do you tend to spend free time?
public_01,train,syn_13e9244b2b75c491c04f6db27ffec35a,30,authored_templates_not_real_transcripts,1,user,I enjoy having plans with people.
public_01,train,syn_6774330328f6d2ac379ccb6fa733c323,30,authored_templates_not_real_transcripts,0,assistant,What are you hoping to find?
public_01,train,syn_6774330328f6d2ac379ccb6fa733c323,30,authored_templates_not_real_transcripts,1,user,I would like to build a lasting relationship.
public_01,train,syn_6774330328f6d2ac379ccb6fa733c323,30,authored_templates_not_real_transcripts,2,assistant,What pace feels comfortable?
public_01,train,syn_6774330328f6d2ac379ccb6fa733c323,30,authored_templates_not_real_transcripts,3,user,I am comfortable meeting fairly soon.
public_01,train,syn_6774330328f6d2ac379ccb6fa733c323,30,authored_templates_not_real_transcripts,4,assistant,How do you tend to spend free time?
public_01,train,syn_6774330328f6d2ac379ccb6fa733c323,30,authored_templates_not_real_transcripts,5,user,I like a mixture of quiet time and seeing people.
public_01,train,syn_6774330328f6d2ac379ccb6fa733c323,30,authored_templates_not_real_transcripts,6,assistant,What kinds of conversation do you enjoy?
public_01,train,syn_6774330328f6d2ac379ccb6fa733c323,30,authored_templates_not_real_transcripts,7,user,I enjoy talking about ideas.
public_01,train,syn_95978ca6beef92cdc4b127a48f00725c,30,authored_templates_not_real_transcripts,0,assistant,What are you hoping to find?
public_01,train,syn_95978ca6beef92cdc4b127a48f00725c,30,authored_templates_not_real_transcripts,1,user,I would like to build a lasting relationship.
public_01,train,syn_95978ca6beef92cdc4b127a48f00725c,30,authored_templates_not_real_transcripts,2,assistant,What pace feels comfortable?
public_01,train,syn_95978ca6beef92cdc4b127a48f00725c,30,authored_templates_not_real_transcripts,3,user,A steady pace suits me.
public_01,train,syn_95978ca6beef92cdc4b127a48f00725c,30,authored_templates_not_real_transcripts,4,assistant,How do you tend to spend free time?
public_01,train,syn_95978ca6beef92cdc4b127a48f00725c,30,authored_templates_not_real_transcripts,5,user,I usually prefer a quiet evening.
public_01,train,syn_95978ca6beef92cdc4b127a48f00725c,30,authored_templates_not_real_transcripts,6,assistant,What kinds of conversation do you enjoy?
public_01,train,syn_95978ca6beef92cdc4b127a48f00725c,30,authored_templates_not_real_transcripts,7,user,I enjoy talking about ideas.
public_01,train,syn_8ce7b7a126e840e21f92c19cbec28b18,30,authored_templates_not_real_transcripts,0,assistant,What pace feels comfortable?
public_01,train,syn_8ce7b7a126e840e21f92c19cbec28b18,30,authored_templates_not_real_transcripts,1,user,A steady pace suits me.
public_01,train,syn_0d7dff22d568fbecf4cd0c1e10999b6e,30,authored_templates_not_real_transcripts,0,assistant,What are you hoping to find?
public_01,train,syn_0d7dff22d568fbecf4cd0c1e10999b6e,30,authored_templates_not_real_transcripts,1,user,I am still working out what I want.
public_01,train,syn_0d7dff22d568fbecf4cd0c1e10999b6e,30,authored_templates_not_real_transcripts,2,assistant,What pace feels comfortable?
public_01,train,syn_0d7dff22d568fbecf4cd0c1e10999b6e,30,authored_templates_not_real_transcripts,3,user,I prefer to get to know someone gradually.
public_01,train,syn_0d7dff22d568fbecf4cd0c1e10999b6e,30,authored_templates_not_real_transcripts,4,assistant,How do you tend to spend free time?
public_01,train,syn_0d7dff22d568fbecf4cd0c1e10999b6e,30,authored_templates_not_real_transcripts,5,user,I like a mixture of quiet time and seeing people.
public_01,train,syn_0d7dff22d568fbecf4cd0c1e10999b6e,30,authored_templates_not_real_transcripts,6,assistant,What kinds of conversation do you enjoy?
public_01,train,syn_0d7dff22d568fbecf4cd0c1e10999b6e,30,authored_templates_not_real_transcripts,7,user,I like a playful conversation.
public_01,train,syn_bdf9fe7bc35e403f389e503e92728035,30,authored_templates_not_real_transcripts,0,assistant,What are you hoping to find?
public_01,train,syn_bdf9fe7bc35e403f389e503e92728035,30,authored_templates_not_real_transcripts,1,user,I would like to build a lasting relationship.
public_01,train,syn_bdf9fe7bc35e403f389e503e92728035,30,authored_templates_not_real_transcripts,2,assistant,What pace feels comfortable?
public_01,train,syn_bdf9fe7bc35e403f389e503e92728035,30,authored_templates_not_real_transcripts,3,user,A steady pace suits me.
public_01,train,syn_bdf9fe7bc35e403f389e503e92728035,30,authored_templates_not_real_transcripts,4,assistant,How do you tend to spend free time?
public_01,train,syn_bdf9fe7bc35e403f389e503e92728035,30,authored_templates_not_real_transcripts,5,user,I enjoy having plans with people.
public_01,train,syn_bdf9fe7bc35e403f389e503e92728035,30,authored_templates_not_real_transcripts,6,assistant,What kinds of conversation do you enjoy?
public_01,train,syn_bdf9fe7bc35e403f389e503e92728035,30,authored_templates_not_real_transcripts,7,user,I enjoy talking about ideas.
public_01,train,syn_8bc2d0f5590b227962e2f044536a2b3d,30,authored_templates_not_real_transcripts,0,assistant,What are you hoping to find?
public_01,train,syn_8bc2d0f5590b227962e2f044536a2b3d,30,authored_templates_not_real_transcripts,1,user,I am still working out what I want.
public_01,train,syn_6cfb88f980ceab7343e2bdd152490fdd,30,authored_templates_not_real_transcripts,0,assistant,What are you hoping to find?
public_01,train,syn_6cfb88f980ceab7343e2bdd152490fdd,30,authored_templates_not_real_transcripts,1,user,I am still working out what I want.
public_01,train,syn_6cfb88f980ceab7343e2bdd152490fdd,30,authored_templates_not_real_transcripts,2,assistant,What pace feels comfortable?
public_01,train,syn_6cfb88f980ceab7343e2bdd152490fdd,30,authored_templates_not_real_transcripts,3,user,A steady pace suits me.
public_01,train,syn_6cfb88f980ceab7343e2bdd152490fdd,30,authored_templates_not_real_transcripts,4,assistant,How do you tend to spend free time?
public_01,train,syn_6cfb88f980ceab7343e2bdd152490fdd,30,authored_templates_not_real_transcripts,5,user,I usually prefer a quiet evening.
public_01,train,syn_6cfb88f980ceab7343e2bdd152490fdd,30,authored_templates_not_real_transcripts,6,assistant,What kinds of conversation do you enjoy?
public_01,train,syn_6cfb88f980ceab7343e2bdd152490fdd,30,authored_templates_not_real_transcripts,7,user,I enjoy working through practical questions.
public_01,train,syn_f15d634cb9bdbec5a685e918ac67aae3,30,authored_templates_not_real_transcripts,0,assistant,What are you hoping to find?
public_01,train,syn_f15d634cb9bdbec5a685e918ac67aae3,30,authored_templates_not_real_transcripts,1,user,I am still working out what I want.
public_01,train,syn_3b757727e68e22909b699b106b31fe72,30,authored_templates_not_real_transcripts,0,assistant,What are you hoping to find?
public_01,train,syn_3b757727e68e22909b699b106b31fe72,30,authored_templates_not_real_transcripts,1,user,I am still working out what I want.
public_01,train,syn_3b757727e68e22909b699b106b31fe72,30,authored_templates_not_real_transcripts,2,assistant,What pace feels comfortable?
public_01,train,syn_3b757727e68e22909b699b106b31fe72,30,authored_templates_not_real_transcripts,3,user,A steady pace suits me.
public_01,train,syn_3b757727e68e22909b699b106b31fe72,30,authored_templates_not_real_transcripts,4,assistant,How do you tend to spend free time?
public_01,train,syn_3b757727e68e22909b699b106b31fe72,30,authored_templates_not_real_transcripts,5,user,I like a mixture of quiet time and seeing people.
public_01,train,syn_3b757727e68e22909b699b106b31fe72,30,authored_templates_not_real_transcripts,6,assistant,What kinds of conversation do you enjoy?
public_01,train,syn_3b757727e68e22909b699b106b31fe72,30,authored_templates_not_real_transcripts,7,user,I enjoy working through practical questions.
public_01,train,syn_6f1f708432a102eed2023dbf3af9cb96,30,authored_templates_not_real_transcripts,0,assistant,How do you tend to spend free time?
public_01,train,syn_6f1f708432a102eed2023dbf3af9cb96,30,authored_templates_not_real_transcripts,1,user,I like a mixture of quiet time and seeing people.
public_01,train,syn_6f1f708432a102eed2023dbf3af9cb96,30,authored_templates_not_real_transcripts,2,assistant,What kinds of conversation do you enjoy?
public_01,train,syn_6f1f708432a102eed2023dbf3af9cb96,30,authored_templates_not_real_transcripts,3,user,I enjoy talking about ideas.
public_01,train,syn_d3927dfb4ba1444e5c3b6e48d99aac7c,30,authored_templates_not_real_transcripts,0,assistant,What pace feels comfortable?
public_01,train,syn_d3927dfb4ba1444e5c3b6e48d99aac7c,30,authored_templates_not_real_transcripts,1,user,I prefer to get to know someone gradually.
public_01,train,syn_f147f878931a307b02955c4cc72badc4,30,authored_templates_not_real_transcripts,0,assistant,What are you hoping to find?
public_01,train,syn_f147f878931a307b02955c4cc72badc4,30,authored_templates_not_real_transcripts,1,user,I would like to build a lasting relationship.
public_01,train,syn_f147f878931a307b02955c4cc72badc4,30,authored_templates_not_real_transcripts,2,assistant,What pace feels comfortable?
public_01,train,syn_f147f878931a307b02955c4cc72badc4,30,authored_templates_not_real_transcripts,3,user,I am comfortable meeting fairly soon.
public_01,train,syn_f147f878931a307b02955c4cc72badc4,30,authored_templates_not_real_transcripts,4,assistant,How do you tend to spend free time?
public_01,train,syn_f147f878931a307b02955c4cc72badc4,30,authored_templates_not_real_transcripts,5,user,I enjoy having plans with people.
public_01,train,syn_f147f878931a307b02955c4cc72badc4,30,authored_templates_not_real_transcripts,6,assistant,What kinds of conversation do you enjoy?
public_01,train,syn_f147f878931a307b02955c4cc72badc4,30,authored_templates_not_real_transcripts,7,user,I enjoy talking about ideas.
public_01,train,syn_c8173f9ff896f70b35273e7528e0a64f,30,authored_templates_not_real_transcripts,0,assistant,What are you hoping to find?
public_01,train,syn_c8173f9ff896f70b35273e7528e0a64f,30,authored_templates_not_real_transcripts,1,user,I am still working out what I want.
public_01,train,syn_c8173f9ff896f70b35273e7528e0a64f,30,authored_templates_not_real_transcripts,2,assistant,What pace feels comfortable?
public_01,train,syn_c8173f9ff896f70b35273e7528e0a64f,30,authored_templates_not_real_transcripts,3,user,I am comfortable meeting fairly soon.
public_01,train,syn_c8173f9ff896f70b35273e7528e0a64f,30,authored_templates_not_real_transcripts,4,assistant,How do you tend to spend free time?
public_01,train,syn_c8173f9ff896f70b35273e7528e0a64f,30,authored_templates_not_real_transcripts,5,user,I enjoy having plans with people.
public_01,train,syn_c8173f9ff896f70b35273e7528e0a64f,30,authored_templates_not_real_transcripts,6,assistant,What kinds of conversation do you enjoy?
public_01,train,syn_c8173f9ff896f70b35273e7528e0a64f,30,authored_templates_not_real_transcripts,7,user,I enjoy talking about ideas.
public_01,train,syn_0b5739186226003ae4ee382252b03e24,30,authored_templates_not_real_transcripts,0,assistant,What are you hoping to find?
public_01,train,syn_0b5739186226003ae4ee382252b03e24,30,authored_templates_not_real_transcripts,1,user,I am still working out what I want.
public_01,train,syn_0b5739186226003ae4ee382252b03e24,30,authored_templates_not_real_transcripts,2,assistant,What pace feels comfortable?
public_01,train,syn_0b5739186226003ae4ee382252b03e24,30,authored_templates_not_real_transcripts,3,user,A steady pace suits me.
public_01,train,syn_0b5739186226003ae4ee382252b03e24,30,authored_templates_not_real_transcripts,4,assistant,How do you tend to spend free time?
public_01,train,syn_0b5739186226003ae4ee382252b03e24,30,authored_templates_not_real_transcripts,5,user,I enjoy having plans with people.
public_01,train,syn_0b5739186226003ae4ee382252b03e24,30,authored_templates_not_real_transcripts,6,assistant,What kinds of conversation do you enjoy?
public_01,train,syn_0b5739186226003ae4ee382252b03e24,30,authored_templates_not_real_transcripts,7,user,I enjoy talking about ideas.
public_01,train,syn_6f9931ff2615574082c987876707a54f,30,authored_templates_not_real_transcripts,0,assistant,What are you hoping to find?
public_01,train,syn_6f9931ff2615574082c987876707a54f,30,authored_templates_not_real_transcripts,1,user,I would like to build a lasting relationship.
public_01,train,syn_6f9931ff2615574082c987876707a54f,30,authored_templates_not_real_transcripts,2,assistant,What pace feels comfortable?
public_01,train,syn_6f9931ff2615574082c987876707a54f,30,authored_templates_not_real_transcripts,3,user,I prefer to get to know someone gradually.
public_01,train,syn_6f9931ff2615574082c987876707a54f,30,authored_templates_not_real_transcripts,4,assistant,How do you tend to spend free time?
public_01,train,syn_6f9931ff2615574082c987876707a54f,30,authored_templates_not_real_transcripts,5,user,I enjoy having plans with people.
public_01,train,syn_6f9931ff2615574082c987876707a54f,30,authored_templates_not_real_transcripts,6,assistant,What kinds of conversation do you enjoy?
public_01,train,syn_6f9931ff2615574082c987876707a54f,30,authored_templates_not_real_transcripts,7,user,I enjoy talking about ideas.
public_01,train,syn_59ee16daf6ced41ec84ce58ffa9bbd3f,30,authored_templates_not_real_transcripts,0,assistant,What are you hoping to find?
public_01,train,syn_59ee16daf6ced41ec84ce58ffa9bbd3f,30,authored_templates_not_real_transcripts,1,user,I am still working out what I want.
public_01,train,syn_59ee16daf6ced41ec84ce58ffa9bbd3f,30,authored_templates_not_real_transcripts,2,assistant,What pace feels comfortable?
public_01,train,syn_59ee16daf6ced41ec84ce58ffa9bbd3f,30,authored_templates_not_real_transcripts,3,user,I am comfortable meeting fairly soon.
public_01,train,syn_59ee16daf6ced41ec84ce58ffa9bbd3f,30,authored_templates_not_real_transcripts,4,assistant,How do you tend to spend free time?
public_01,train,syn_59ee16daf6ced41ec84ce58ffa9bbd3f,30,authored_templates_not_real_transcripts,5,user,I enjoy having plans with people.
public_01,train,syn_59ee16daf6ced41ec84ce58ffa9bbd3f,30,authored_templates_not_real_transcripts,6,assistant,What kinds of conversation do you enjoy?
public_01,train,syn_59ee16daf6ced41ec84ce58ffa9bbd3f,30,authored_templates_not_real_transcripts,7,user,I enjoy working through practical questions.
public_01,train,syn_419d0ec727a60418eae4b4652ef3d0d8,30,authored_templates_not_real_transcripts,0,assistant,What are you hoping to find?
public_01,train,syn_419d0ec727a60418eae4b4652ef3d0d8,30,authored_templates_not_real_transcripts,1,user,I would like to build a lasting relationship.
public_01,train,syn_419d0ec727a60418eae4b4652ef3d0d8,30,authored_templates_not_real_transcripts,2,assistant,What pace feels comfortable?
public_01,train,syn_419d0ec727a60418eae4b4652ef3d0d8,30,authored_templates_not_real_transcripts,3,user,I prefer to get to know someone gradually.
public_01,train,syn_419d0ec727a60418eae4b4652ef3d0d8,30,authored_templates_not_real_transcripts,4,assistant,How do you tend to spend free time?
public_01,train,syn_419d0ec727a60418eae4b4652ef3d0d8,30,authored_templates_not_real_transcripts,5,user,I usually prefer a quiet evening.
public_01,train,syn_419d0ec727a60418eae4b4652ef3d0d8,30,authored_templates_not_real_transcripts,6,assistant,What kinds of conversation do you enjoy?
public_01,train,syn_419d0ec727a60418eae4b4652ef3d0d8,30,authored_templates_not_real_transcripts,7,user,I enjoy talking about ideas.
public_01,train,syn_69fb1bdb9c93ae509ba2d51152cc2bcb,30,authored_templates_not_real_transcripts,0,assistant,What are you hoping to find?
public_01,train,syn_69fb1bdb9c93ae509ba2d51152cc2bcb,30,authored_templates_not_real_transcripts,1,user,I would like to build a lasting relationship.
public_01,train,syn_69fb1bdb9c93ae509ba2d51152cc2bcb,30,authored_templates_not_real_transcripts,2,assistant,What pace feels comfortable?
public_01,train,syn_69fb1bdb9c93ae509ba2d51152cc2bcb,30,authored_templates_not_real_transcripts,3,user,I prefer to get to know someone gradually.
public_01,train,syn_69fb1bdb9c93ae509ba2d51152cc2bcb,30,authored_templates_not_real_transcripts,4,assistant,How do you tend to spend free time?
public_01,train,syn_69fb1bdb9c93ae509ba2d51152cc2bcb,30,authored_templates_not_real_transcripts,5,user,I enjoy having plans with people.
public_01,train,syn_69fb1bdb9c93ae509ba2d51152cc2bcb,30,authored_templates_not_real_transcripts,6,assistant,What kinds of conversation do you enjoy?
public_01,train,syn_69fb1bdb9c93ae509ba2d51152cc2bcb,30,authored_templates_not_real_transcripts,7,user,I like a playful conversation.
public_01,train,syn_c6c9ae5038330a59cbdfa233e5fdeca4,30,authored_templates_not_real_transcripts,0,assistant,What are you hoping to find?
public_01,train,syn_c6c9ae5038330a59cbdfa233e5fdeca4,30,authored_templates_not_real_transcripts,1,user,I am still working out what I want.
public_01,train,syn_c6c9ae5038330a59cbdfa233e5fdeca4,30,authored_templates_not_real_transcripts,2,assistant,What pace feels comfortable?
public_01,train,syn_c6c9ae5038330a59cbdfa233e5fdeca4,30,authored_templates_not_real_transcripts,3,user,A steady pace suits me.
public_01,train,syn_c6c9ae5038330a59cbdfa233e5fdeca4,30,authored_templates_not_real_transcripts,4,assistant,How do you tend to spend free time?
public_01,train,syn_c6c9ae5038330a59cbdfa233e5fdeca4,30,authored_templates_not_real_transcripts,5,user,I usually prefer a quiet evening.
public_01,train,syn_c6c9ae5038330a59cbdfa233e5fdeca4,30,authored_templates_not_real_transcripts,6,assistant,What kinds of conversation do you enjoy?
public_01,train,syn_c6c9ae5038330a59cbdfa233e5fdeca4,30,authored_templates_not_real_transcripts,7,user,I like hearing the stories behind things.
public_01,train,syn_5dadd330655811c1eda72a1e118aaac5,30,authored_templates_not_real_transcripts,0,assistant,What are you hoping to find?
public_01,train,syn_5dadd330655811c1eda72a1e118aaac5,30,authored_templates_not_real_transcripts,1,user,I would like to build a lasting relationship.
public_01,train,syn_5dadd330655811c1eda72a1e118aaac5,30,authored_templates_not_real_transcripts,2,assistant,What pace feels comfortable?
public_01,train,syn_5dadd330655811c1eda72a1e118aaac5,30,authored_templates_not_real_transcripts,3,user,I prefer to get to know someone gradually.
public_01,train,syn_5dadd330655811c1eda72a1e118aaac5,30,authored_templates_not_real_transcripts,4,assistant,How do you tend to spend free time?
public_01,train,syn_5dadd330655811c1eda72a1e118aaac5,30,authored_templates_not_real_transcripts,5,user,I like a mixture of quiet time and seeing people.
public_01,train,syn_5dadd330655811c1eda72a1e118aaac5,30,authored_templates_not_real_transcripts,6,assistant,What kinds of conversation do you enjoy?
public_01,train,syn_5dadd330655811c1eda72a1e118aaac5,30,authored_templates_not_real_transcripts,7,user,I like hearing the stories behind things.
public_01,train,syn_763a960f76090dda778b7e0fc805eb9f,30,authored_templates_not_real_transcripts,0,assistant,What are you hoping to find?
public_01,train,syn_763a960f76090dda778b7e0fc805eb9f,30,authored_templates_not_real_transcripts,1,user,I am still working out what I want.
public_01,train,syn_763a960f76090dda778b7e0fc805eb9f,30,authored_templates_not_real_transcripts,2,assistant,What pace feels comfortable?
public_01,train,syn_763a960f76090dda778b7e0fc805eb9f,30,authored_templates_not_real_transcripts,3,user,A steady pace suits me.
public_01,train,syn_763a960f76090dda778b7e0fc805eb9f,30,authored_templates_not_real_transcripts,4,assistant,How do you tend to spend free time?
public_01,train,syn_763a960f76090dda778b7e0fc805eb9f,30,authored_templates_not_real_transcripts,5,user,I usually prefer a quiet evening.
public_01,train,syn_763a960f76090dda778b7e0fc805eb9f,30,authored_templates_not_real_transcripts,6,assistant,What kinds of conversation do you enjoy?
public_01,train,syn_763a960f76090dda778b7e0fc805eb9f,30,authored_templates_not_real_transcripts,7,user,I enjoy working through practical questions.
public_01,train,syn_4612f67d9f3934456b62a7652e0f5c2f,30,authored_templates_not_real_transcripts,0,assistant,What are you hoping to find?
public_01,train,syn_4612f67d9f3934456b62a7652e0f5c2f,30,authored_templates_not_real_transcripts,1,user,I am still working out what I want.
public_01,train,syn_4612f67d9f3934456b62a7652e0f5c2f,30,authored_templates_not_real_transcripts,2,assistant,What pace feels comfortable?
public_01,train,syn_4612f67d9f3934456b62a7652e0f5c2f,30,authored_templates_not_real_transcripts,3,user,A steady pace suits me.
public_01,train,syn_4612f67d9f3934456b62a7652e0f5c2f,30,authored_templates_not_real_transcripts,4,assistant,How do you tend to spend free time?
public_01,train,syn_4612f67d9f3934456b62a7652e0f5c2f,30,authored_templates_not_real_transcripts,5,user,I enjoy having plans with people.
public_01,train,syn_4612f67d9f3934456b62a7652e0f5c2f,30,authored_templates_not_real_transcripts,6,assistant,What kinds of conversation do you enjoy?
public_01,train,syn_4612f67d9f3934456b62a7652e0f5c2f,30,authored_templates_not_real_transcripts,7,user,I like hearing the stories behind things.
public_01,train,syn_739ff4360363089ee9451df20b3c98a2,30,authored_templates_not_real_transcripts,0,assistant,What are you hoping to find?
public_01,train,syn_739ff4360363089ee9451df20b3c98a2,30,authored_templates_not_real_transcripts,1,user,I would like to build a lasting relationship.
public_01,train,syn_739ff4360363089ee9451df20b3c98a2,30,authored_templates_not_real_transcripts,2,assistant,What pace feels comfortable?
public_01,train,syn_739ff4360363089ee9451df20b3c98a2,30,authored_templates_not_real_transcripts,3,user,I am comfortable meeting fairly soon.
public_01,train,syn_739ff4360363089ee9451df20b3c98a2,30,authored_templates_not_real_transcripts,4,assistant,How do you tend to spend free time?
public_01,train,syn_739ff4360363089ee9451df20b3c98a2,30,authored_templates_not_real_transcripts,5,user,I like a mixture of quiet time and seeing people.
public_02,train,syn_d75df7ee5c1faa9f52135cb13ccc38b7,30,authored_templates_not_real_transcripts,0,assistant,What are you hoping to find?
public_02,train,syn_d75df7ee5c1faa9f52135cb13ccc38b7,30,authored_templates_not_real_transcripts,1,user,I am still working out what I want.
public_02,train,syn_d75df7ee5c1faa9f52135cb13ccc38b7,30,authored_templates_not_real_transcripts,2,assistant,What pace feels comfortable?
public_02,train,syn_d75df7ee5c1faa9f52135cb13ccc38b7,30,authored_templates_not_real_transcripts,3,user,A steady pace suits me.
public_02,train,syn_d75df7ee5c1faa9f52135cb13ccc38b7,30,authored_templates_not_real_transcripts,4,assistant,How do you tend to spend free time?
public_02,train,syn_d75df7ee5c1faa9f52135cb13ccc38b7,30,authored_templates_not_real_transcripts,5,user,I usually prefer a quiet evening.
public_02,train,syn_d75df7ee5c1faa9f52135cb13ccc38b7,30,authored_templates_not_real_transcripts,6,assistant,What kinds of conversation do you enjoy?
public_02,train,syn_d75df7ee5c1faa9f52135cb13ccc38b7,30,authored_templates_not_real_transcripts,7,user,I enjoy working through practical questions.
public_02,train,syn_9780271663b2599273144f180e877968,30,authored_templates_not_real_transcripts,0,assistant,What are you hoping to find?
public_02,train,syn_9780271663b2599273144f180e877968,30,authored_templates_not_real_transcripts,1,user,I am still working out what I want.
public_02,train,syn_9780271663b2599273144f180e877968,30,authored_templates_not_real_transcripts,2,assistant,What pace feels comfortable?
public_02,train,syn_9780271663b2599273144f180e877968,30,authored_templates_not_real_transcripts,3,user,I prefer to get to know someone gradually.
public_02,train,syn_9780271663b2599273144f180e877968,30,authored_templates_not_real_transcripts,4,assistant,How do you tend to spend free time?
public_02,train,syn_9780271663b2599273144f180e877968,30,authored_templates_not_real_transcripts,5,user,I like a mixture of quiet time and seeing people.
public_02,train,syn_9780271663b2599273144f180e877968,30,authored_templates_not_real_transcripts,6,assistant,What kinds of conversation do you enjoy?
public_02,train,syn_9780271663b2599273144f180e877968,30,authored_templates_not_real_transcripts,7,user,I enjoy working through practical questions.
public_02,train,syn_a739d0a9c49e0d3691316cb05117c32c,30,authored_templates_not_real_transcripts,0,assistant,What are you hoping to find?
public_02,train,syn_a739d0a9c49e0d3691316cb05117c32c,30,authored_templates_not_real_transcripts,1,user,I would like to build a lasting relationship.
public_02,train,syn_a739d0a9c49e0d3691316cb05117c32c,30,authored_templates_not_real_transcripts,2,assistant,What pace feels comfortable?
public_02,train,syn_a739d0a9c49e0d3691316cb05117c32c,30,authored_templates_not_real_transcripts,3,user,I am comfortable meeting fairly soon.
public_02,train,syn_a739d0a9c49e0d3691316cb05117c32c,30,authored_templates_not_real_transcripts,4,assistant,How do you tend to spend free time?
public_02,train,syn_a739d0a9c49e0d3691316cb05117c32c,30,authored_templates_not_real_transcripts,5,user,I usually prefer a quiet evening.
public_02,train,syn_a739d0a9c49e0d3691316cb05117c32c,30,authored_templates_not_real_transcripts,6,assistant,What kinds of conversation do you enjoy?
public_02,train,syn_a739d0a9c49e0d3691316cb05117c32c,30,authored_templates_not_real_transcripts,7,user,I like a playful conversation.
public_02,train,syn_9a6819069e54f8e26098a5a7064afa51,30,authored_templates_not_real_transcripts,0,assistant,What are you hoping to find?
public_02,train,syn_9a6819069e54f8e26098a5a7064afa51,30,authored_templates_not_real_transcripts,1,user,I would like to build a lasting relationship.
public_02,train,syn_9a6819069e54f8e26098a5a7064afa51,30,authored_templates_not_real_transcripts,2,assistant,What pace feels comfortable?
public_02,train,syn_9a6819069e54f8e26098a5a7064afa51,30,authored_templates_not_real_transcripts,3,user,I am comfortable meeting fairly soon.
public_02,train,syn_9a6819069e54f8e26098a5a7064afa51,30,authored_templates_not_real_transcripts,4,assistant,How do you tend to spend free time?
public_02,train,syn_9a6819069e54f8e26098a5a7064afa51,30,authored_templates_not_real_transcripts,5,user,I like a mixture of quiet time and seeing people.
public_02,train,syn_9a6819069e54f8e26098a5a7064afa51,30,authored_templates_not_real_transcripts,6,assistant,What kinds of conversation do you enjoy?
public_02,train,syn_9a6819069e54f8e26098a5a7064afa51,30,authored_templates_not_real_transcripts,7,user,I like a playful conversation.
public_02,train,syn_d74b0dd4151173ffd1051b16080142f8,30,authored_templates_not_real_transcripts,0,assistant,What are you hoping to find?
public_02,train,syn_d74b0dd4151173ffd1051b16080142f8,30,authored_templates_not_real_transcripts,1,user,I am still working out what I want.
public_02,train,syn_d74b0dd4151173ffd1051b16080142f8,30,authored_templates_not_real_transcripts,2,assistant,What pace feels comfortable?
public_02,train,syn_d74b0dd4151173ffd1051b16080142f8,30,authored_templates_not_real_transcripts,3,user,A steady pace suits me.
public_02,train,syn_d74b0dd4151173ffd1051b16080142f8,30,authored_templates_not_real_transcripts,4,assistant,How do you tend to spend free time?
public_02,train,syn_d74b0dd4151173ffd1051b16080142f8,30,authored_templates_not_real_transcripts,5,user,I enjoy having plans with people.
public_02,train,syn_d74b0dd4151173ffd1051b16080142f8,30,authored_templates_not_real_transcripts,6,assistant,What kinds of conversation do you enjoy?
public_02,train,syn_d74b0dd4151173ffd1051b16080142f8,30,authored_templates_not_real_transcripts,7,user,I like hearing the stories behind things.
public_02,train,syn_4b24cce531aeb6bec399ad003eb5bf35,30,authored_templates_not_real_transcripts,0,assistant,What are you hoping to find?
public_02,train,syn_4b24cce531aeb6bec399ad003eb5bf35,30,authored_templates_not_real_transcripts,1,user,I am still working out what I want.
public_02,train,syn_4b24cce531aeb6bec399ad003eb5bf35,30,authored_templates_not_real_transcripts,2,assistant,What pace feels comfortable?
public_02,train,syn_4b24cce531aeb6bec399ad003eb5bf35,30,authored_templates_not_real_transcripts,3,user,I prefer to get to know someone gradually.
public_02,train,syn_4b24cce531aeb6bec399ad003eb5bf35,30,authored_templates_not_real_transcripts,4,assistant,How do you tend to spend free time?
public_02,train,syn_4b24cce531aeb6bec399ad003eb5bf35,30,authored_templates_not_real_transcripts,5,user,I like a mixture of quiet time and seeing people.
public_02,train,syn_4b24cce531aeb6bec399ad003eb5bf35,30,authored_templates_not_real_transcripts,6,assistant,What kinds of conversation do you enjoy?
public_02,train,syn_4b24cce531aeb6bec399ad003eb5bf35,30,authored_templates_not_real_transcripts,7,user,I like a playful conversation.
public_02,train,syn_a2f02a2600f647a9e2042b830b841fad,30,authored_templates_not_real_transcripts,0,assistant,What are you hoping to find?
public_02,train,syn_a2f02a2600f647a9e2042b830b841fad,30,authored_templates_not_real_transcripts,1,user,I would like to build a lasting relationship.
public_02,train,syn_a2f02a2600f647a9e2042b830b841fad,30,authored_templates_not_real_transcripts,2,assistant,What pace feels comfortable?
public_02,train,syn_a2f02a2600f647a9e2042b830b841fad,30,authored_templates_not_real_transcripts,3,user,I prefer to get to know someone gradually.
public_02,train,syn_a2f02a2600f647a9e2042b830b841fad,30,authored_templates_not_real_transcripts,4,assistant,How do you tend to spend free time?
public_02,train,syn_a2f02a2600f647a9e2042b830b841fad,30,authored_templates_not_real_transcripts,5,user,I usually prefer a quiet evening.
public_02,train,syn_a2f02a2600f647a9e2042b830b841fad,30,authored_templates_not_real_transcripts,6,assistant,What kinds of conversation do you enjoy?
public_02,train,syn_a2f02a2600f647a9e2042b830b841fad,30,authored_templates_not_real_transcripts,7,user,I like a playful conversation.
public_02,train,syn_6a872e5484f4fffe6c58c75890a3de35,30,authored_templates_not_real_transcripts,0,assistant,What pace feels comfortable?
public_02,train,syn_6a872e5484f4fffe6c58c75890a3de35,30,authored_templates_not_real_transcripts,1,user,I prefer to get to know someone gradually.
public_02,train,syn_4b57337d2f0c61d365d36a51553229ee,30,authored_templates_not_real_transcripts,0,assistant,What are you hoping to find?
public_02,train,syn_4b57337d2f0c61d365d36a51553229ee,30,authored_templates_not_real_transcripts,1,user,I would like to build a lasting relationship.
public_02,train,syn_4b57337d2f0c61d365d36a51553229ee,30,authored_templates_not_real_transcripts,2,assistant,What pace feels comfortable?
public_02,train,syn_4b57337d2f0c61d365d36a51553229ee,30,authored_templates_not_real_transcripts,3,user,I prefer to get to know someone gradually.
public_02,train,syn_4b57337d2f0c61d365d36a51553229ee,30,authored_templates_not_real_transcripts,4,assistant,How do you tend to spend free time?
public_02,train,syn_4b57337d2f0c61d365d36a51553229ee,30,authored_templates_not_real_transcripts,5,user,I like a mixture of quiet time and seeing people.
public_02,train,syn_4b57337d2f0c61d365d36a51553229ee,30,authored_templates_not_real_transcripts,6,assistant,What kinds of conversation do you enjoy?
public_02,train,syn_4b57337d2f0c61d365d36a51553229ee,30,authored_templates_not_real_transcripts,7,user,I like hearing the stories behind things.
public_02,train,syn_59a88df1af7fb13a625b5e8ef85fdd57,30,authored_templates_not_real_transcripts,0,assistant,What kinds of conversation do you enjoy?
public_02,train,syn_59a88df1af7fb13a625b5e8ef85fdd57,30,authored_templates_not_real_transcripts,1,user,I like a playful conversation.
public_02,train,syn_e5cce1af94b8d389a93346ad7182ff82,30,authored_templates_not_real_transcripts,0,assistant,What pace feels comfortable?
public_02,train,syn_e5cce1af94b8d389a93346ad7182ff82,30,authored_templates_not_real_transcripts,1,user,A steady pace suits me.
public_02,train,syn_b62a562d357dbffb36ec5681fb0509dd,30,authored_templates_not_real_transcripts,0,assistant,What are you hoping to find?
public_02,train,syn_b62a562d357dbffb36ec5681fb0509dd,30,authored_templates_not_real_transcripts,1,user,I am still working out what I want.
public_02,train,syn_c58e8eb0c882695da0ed7627b3275fe8,30,authored_templates_not_real_transcripts,0,assistant,What are you hoping to find?
public_02,train,syn_c58e8eb0c882695da0ed7627b3275fe8,30,authored_templates_not_real_transcripts,1,user,I would like to build a lasting relationship.
public_02,train,syn_c58e8eb0c882695da0ed7627b3275fe8,30,authored_templates_not_real_transcripts,2,assistant,What pace feels comfortable?
public_02,train,syn_c58e8eb0c882695da0ed7627b3275fe8,30,authored_templates_not_real_transcripts,3,user,I prefer to get to know someone gradually.
public_02,train,syn_c58e8eb0c882695da0ed7627b3275fe8,30,authored_templates_not_real_transcripts,4,assistant,How do you tend to spend free time?
public_02,train,syn_c58e8eb0c882695da0ed7627b3275fe8,30,authored_templates_not_real_transcripts,5,user,I usually prefer a quiet evening.
public_02,train,syn_c58e8eb0c882695da0ed7627b3275fe8,30,authored_templates_not_real_transcripts,6,assistant,What kinds of conversation do you enjoy?
public_02,train,syn_c58e8eb0c882695da0ed7627b3275fe8,30,authored_templates_not_real_transcripts,7,user,I enjoy working through practical questions.
public_02,train,syn_0572ee6d58c36a05390e18b6fb365d13,30,authored_templates_not_real_transcripts,0,assistant,What pace feels comfortable?
public_02,train,syn_0572ee6d58c36a05390e18b6fb365d13,30,authored_templates_not_real_transcripts,1,user,A steady pace suits me.
public_02,train,syn_bc5dc1bed9bd1944ab69f17c8c85e2cb,30,authored_templates_not_real_transcripts,0,assistant,What are you hoping to find?
public_02,train,syn_bc5dc1bed9bd1944ab69f17c8c85e2cb,30,authored_templates_not_real_transcripts,1,user,I would like to build a lasting relationship.
public_02,train,syn_bc5dc1bed9bd1944ab69f17c8c85e2cb,30,authored_templates_not_real_transcripts,2,assistant,What pace feels comfortable?
public_02,train,syn_bc5dc1bed9bd1944ab69f17c8c85e2cb,30,authored_templates_not_real_transcripts,3,user,A steady pace suits me.
public_02,train,syn_bc5dc1bed9bd1944ab69f17c8c85e2cb,30,authored_templates_not_real_transcripts,4,assistant,How do you tend to spend free time?
public_02,train,syn_bc5dc1bed9bd1944ab69f17c8c85e2cb,30,authored_templates_not_real_transcripts,5,user,I enjoy having plans with people.
public_02,train,syn_bc5dc1bed9bd1944ab69f17c8c85e2cb,30,authored_templates_not_real_transcripts,6,assistant,What kinds of conversation do you enjoy?
public_02,train,syn_bc5dc1bed9bd1944ab69f17c8c85e2cb,30,authored_templates_not_real_transcripts,7,user,I like hearing the stories behind things.
public_02,train,syn_123815248e2a76967ece217db6a1c911,30,authored_templates_not_real_transcripts,0,assistant,What are you hoping to find?
public_02,train,syn_123815248e2a76967ece217db6a1c911,30,authored_templates_not_real_transcripts,1,user,I would like to build a lasting relationship.
public_02,train,syn_123815248e2a76967ece217db6a1c911,30,authored_templates_not_real_transcripts,2,assistant,What pace feels comfortable?
public_02,train,syn_123815248e2a76967ece217db6a1c911,30,authored_templates_not_real_transcripts,3,user,A steady pace suits me.
public_02,train,syn_123815248e2a76967ece217db6a1c911,30,authored_templates_not_real_transcripts,4,assistant,How do you tend to spend free time?
public_02,train,syn_123815248e2a76967ece217db6a1c911,30,authored_templates_not_real_transcripts,5,user,I usually prefer a quiet evening.
public_02,train,syn_123815248e2a76967ece217db6a1c911,30,authored_templates_not_real_transcripts,6,assistant,What kinds of conversation do you enjoy?
public_02,train,syn_123815248e2a76967ece217db6a1c911,30,authored_templates_not_real_transcripts,7,user,I like hearing the stories behind things.
public_02,train,syn_3d14ef2847c85348679e4fa514071b64,30,authored_templates_not_real_transcripts,0,assistant,What are you hoping to find?
public_02,train,syn_3d14ef2847c85348679e4fa514071b64,30,authored_templates_not_real_transcripts,1,user,I am still working out what I want.
public_02,train,syn_3d14ef2847c85348679e4fa514071b64,30,authored_templates_not_real_transcripts,2,assistant,What pace feels comfortable?
public_02,train,syn_3d14ef2847c85348679e4fa514071b64,30,authored_templates_not_real_transcripts,3,user,I prefer to get to know someone gradually.
public_02,train,syn_3d14ef2847c85348679e4fa514071b64,30,authored_templates_not_real_transcripts,4,assistant,How do you tend to spend free time?
public_02,train,syn_3d14ef2847c85348679e4fa514071b64,30,authored_templates_not_real_transcripts,5,user,I usually prefer a quiet evening.
public_02,train,syn_3d14ef2847c85348679e4fa514071b64,30,authored_templates_not_real_transcripts,6,assistant,What kinds of conversation do you enjoy?
public_02,train,syn_3d14ef2847c85348679e4fa514071b64,30,authored_templates_not_real_transcripts,7,user,I like hearing the stories behind things.
public_02,train,syn_2faf6bd80b4684e5be18bb52ff0255c2,30,authored_templates_not_real_transcripts,0,assistant,What are you hoping to find?
public_02,train,syn_2faf6bd80b4684e5be18bb52ff0255c2,30,authored_templates_not_real_transcripts,1,user,I am still working out what I want.
public_02,train,syn_2faf6bd80b4684e5be18bb52ff0255c2,30,authored_templates_not_real_transcripts,2,assistant,What pace feels comfortable?
public_02,train,syn_2faf6bd80b4684e5be18bb52ff0255c2,30,authored_templates_not_real_transcripts,3,user,I prefer to get to know someone gradually.
public_02,train,syn_2faf6bd80b4684e5be18bb52ff0255c2,30,authored_templates_not_real_transcripts,4,assistant,How do you tend to spend free time?
public_02,train,syn_2faf6bd80b4684e5be18bb52ff0255c2,30,authored_templates_not_real_transcripts,5,user,I like a mixture of quiet time and seeing people.
public_02,train,syn_2faf6bd80b4684e5be18bb52ff0255c2,30,authored_templates_not_real_transcripts,6,assistant,What kinds of conversation do you enjoy?
public_02,train,syn_2faf6bd80b4684e5be18bb52ff0255c2,30,authored_templates_not_real_transcripts,7,user,I like hearing the stories behind things.
public_02,train,syn_4ab039bc016a7f9170528808204c430f,30,authored_templates_not_real_transcripts,0,assistant,What are you hoping to find?
public_02,train,syn_4ab039bc016a7f9170528808204c430f,30,authored_templates_not_real_transcripts,1,user,I am still working out what I want.
public_02,train,syn_4ab039bc016a7f9170528808204c430f,30,authored_templates_not_real_transcripts,2,assistant,What pace feels comfortable?
public_02,train,syn_4ab039bc016a7f9170528808204c430f,30,authored_templates_not_real_transcripts,3,user,I prefer to get to know someone gradually.
public_02,train,syn_4ab039bc016a7f9170528808204c430f,30,authored_templates_not_real_transcripts,4,assistant,How do you tend to spend free time?
public_02,train,syn_4ab039bc016a7f9170528808204c430f,30,authored_templates_not_real_transcripts,5,user,I enjoy having plans with people.
public_02,train,syn_4ab039bc016a7f9170528808204c430f,30,authored_templates_not_real_transcripts,6,assistant,What kinds of conversation do you enjoy?
public_02,train,syn_4ab039bc016a7f9170528808204c430f,30,authored_templates_not_real_transcripts,7,user,I enjoy working through practical questions.
public_02,train,syn_74e0a24f3a3b7f2fbfe2298b202d08bc,30,authored_templates_not_real_transcripts,0,assistant,What are you hoping to find?
public_02,train,syn_74e0a24f3a3b7f2fbfe2298b202d08bc,30,authored_templates_not_real_transcripts,1,user,I am still working out what I want.
public_02,train,syn_74e0a24f3a3b7f2fbfe2298b202d08bc,30,authored_templates_not_real_transcripts,2,assistant,What pace feels comfortable?
public_02,train,syn_74e0a24f3a3b7f2fbfe2298b202d08bc,30,authored_templates_not_real_transcripts,3,user,A steady pace suits me.
public_02,train,syn_74e0a24f3a3b7f2fbfe2298b202d08bc,30,authored_templates_not_real_transcripts,4,assistant,How do you tend to spend free time?
public_02,train,syn_74e0a24f3a3b7f2fbfe2298b202d08bc,30,authored_templates_not_real_transcripts,5,user,I like a mixture of quiet time and seeing people.
public_02,train,syn_74e0a24f3a3b7f2fbfe2298b202d08bc,30,authored_templates_not_real_transcripts,6,assistant,What kinds of conversation do you enjoy?
public_02,train,syn_74e0a24f3a3b7f2fbfe2298b202d08bc,30,authored_templates_not_real_transcripts,7,user,I like a playful conversation.
public_02,train,syn_8793b8ff68d13b5079930443ace5c1fa,30,authored_templates_not_real_transcripts,0,assistant,What are you hoping to find?
public_02,train,syn_8793b8ff68d13b5079930443ace5c1fa,30,authored_templates_not_real_transcripts,1,user,I would like to build a lasting relationship.
public_02,train,syn_1b0d4134d1050964a580a21b036a88d7,30,authored_templates_not_real_transcripts,0,assistant,What are you hoping to find?
public_02,train,syn_1b0d4134d1050964a580a21b036a88d7,30,authored_templates_not_real_transcripts,1,user,I am still working out what I want.
public_02,train,syn_1b0d4134d1050964a580a21b036a88d7,30,authored_templates_not_real_transcripts,2,assistant,What pace feels comfortable?
public_02,train,syn_1b0d4134d1050964a580a21b036a88d7,30,authored_templates_not_real_transcripts,3,user,I prefer to get to know someone gradually.
public_02,train,syn_1b0d4134d1050964a580a21b036a88d7,30,authored_templates_not_real_transcripts,4,assistant,How do you tend to spend free time?
public_02,train,syn_1b0d4134d1050964a580a21b036a88d7,30,authored_templates_not_real_transcripts,5,user,I usually prefer a quiet evening.
public_02,train,syn_1b0d4134d1050964a580a21b036a88d7,30,authored_templates_not_real_transcripts,6,assistant,What kinds of conversation do you enjoy?
public_02,train,syn_1b0d4134d1050964a580a21b036a88d7,30,authored_templates_not_real_transcripts,7,user,I enjoy talking about ideas.
public_02,train,syn_df2351b216e9b989fdcdb980be123864,30,authored_templates_not_real_transcripts,0,assistant,How do you tend to spend free time?
public_02,train,syn_df2351b216e9b989fdcdb980be123864,30,authored_templates_not_real_transcripts,1,user,I like a mixture of quiet time and seeing people.
public_02,train,syn_df2351b216e9b989fdcdb980be123864,30,authored_templates_not_real_transcripts,2,assistant,What kinds of conversation do you enjoy?
public_02,train,syn_df2351b216e9b989fdcdb980be123864,30,authored_templates_not_real_transcripts,3,user,I like a playful conversation.
public_02,train,syn_7db0447bd7972126f3c340691a555852,30,authored_templates_not_real_transcripts,0,assistant,What are you hoping to find?
public_02,train,syn_7db0447bd7972126f3c340691a555852,30,authored_templates_not_real_transcripts,1,user,I would like to build a lasting relationship.
public_02,train,syn_7db0447bd7972126f3c340691a555852,30,authored_templates_not_real_transcripts,2,assistant,What pace feels comfortable?
public_02,train,syn_7db0447bd7972126f3c340691a555852,30,authored_templates_not_real_transcripts,3,user,I prefer to get to know someone gradually.
public_02,train,syn_7db0447bd7972126f3c340691a555852,30,authored_templates_not_real_transcripts,4,assistant,How do you tend to spend free time?
public_02,train,syn_7db0447bd7972126f3c340691a555852,30,authored_templates_not_real_transcripts,5,user,I enjoy having plans with people.
public_02,train,syn_7db0447bd7972126f3c340691a555852,30,authored_templates_not_real_transcripts,6,assistant,What kinds of conversation do you enjoy?
public_02,train,syn_7db0447bd7972126f3c340691a555852,30,authored_templates_not_real_transcripts,7,user,I enjoy working through practical questions.
public_02,train,syn_90213c190680922a29c711b54742d3e1,30,authored_templates_not_real_transcripts,0,assistant,What are you hoping to find?
public_02,train,syn_90213c190680922a29c711b54742d3e1,30,authored_templates_not_real_transcripts,1,user,I am still working out what I want.
public_02,train,syn_90213c190680922a29c711b54742d3e1,30,authored_templates_not_real_transcripts,2,assistant,What pace feels comfortable?
public_02,train,syn_90213c190680922a29c711b54742d3e1,30,authored_templates_not_real_transcripts,3,user,I prefer to get to know someone gradually.
public_02,train,syn_90213c190680922a29c711b54742d3e1,30,authored_templates_not_real_transcripts,4,assistant,How do you tend to spend free time?
public_02,train,syn_90213c190680922a29c711b54742d3e1,30,authored_templates_not_real_transcripts,5,user,I enjoy having plans with people.
public_02,train,syn_90213c190680922a29c711b54742d3e1,30,authored_templates_not_real_transcripts,6,assistant,What kinds of conversation do you enjoy?
public_02,train,syn_90213c190680922a29c711b54742d3e1,30,authored_templates_not_real_transcripts,7,user,I enjoy talking about ideas.
public_02,train,syn_ad946c4e2d51c4381a00d6a3a07c8f5c,30,authored_templates_not_real_transcripts,0,assistant,What are you hoping to find?
public_02,train,syn_ad946c4e2d51c4381a00d6a3a07c8f5c,30,authored_templates_not_real_transcripts,1,user,I am still working out what I want.
public_02,train,syn_ad946c4e2d51c4381a00d6a3a07c8f5c,30,authored_templates_not_real_transcripts,2,assistant,What pace feels comfortable?
public_02,train,syn_ad946c4e2d51c4381a00d6a3a07c8f5c,30,authored_templates_not_real_transcripts,3,user,I am comfortable meeting fairly soon.
public_02,train,syn_ad946c4e2d51c4381a00d6a3a07c8f5c,30,authored_templates_not_real_transcripts,4,assistant,How do you tend to spend free time?
public_02,train,syn_ad946c4e2d51c4381a00d6a3a07c8f5c,30,authored_templates_not_real_transcripts,5,user,I usually prefer a quiet evening.
public_02,train,syn_ad946c4e2d51c4381a00d6a3a07c8f5c,30,authored_templates_not_real_transcripts,6,assistant,What kinds of conversation do you enjoy?
public_02,train,syn_ad946c4e2d51c4381a00d6a3a07c8f5c,30,authored_templates_not_real_transcripts,7,user,I like hearing the stories behind things.
public_02,train,syn_87eee99f19a766f188fe72ef10a2384c,30,authored_templates_not_real_transcripts,0,assistant,What kinds of conversation do you enjoy?
public_02,train,syn_87eee99f19a766f188fe72ef10a2384c,30,authored_templates_not_real_transcripts,1,user,I like a playful conversation.
public_02,train,syn_a68f501e9c1069329ec78eaead07c015,30,authored_templates_not_real_transcripts,0,assistant,What are you hoping to find?
public_02,train,syn_a68f501e9c1069329ec78eaead07c015,30,authored_templates_not_real_transcripts,1,user,I would like to build a lasting relationship.
public_02,train,syn_a68f501e9c1069329ec78eaead07c015,30,authored_templates_not_real_transcripts,2,assistant,What pace feels comfortable?
public_02,train,syn_a68f501e9c1069329ec78eaead07c015,30,authored_templates_not_real_transcripts,3,user,A steady pace suits me.
public_02,train,syn_a68f501e9c1069329ec78eaead07c015,30,authored_templates_not_real_transcripts,4,assistant,How do you tend to spend free time?
public_02,train,syn_a68f501e9c1069329ec78eaead07c015,30,authored_templates_not_real_transcripts,5,user,I like a mixture of quiet time and seeing people.
public_02,train,syn_a68f501e9c1069329ec78eaead07c015,30,authored_templates_not_real_transcripts,6,assistant,What kinds of conversation do you enjoy?
public_02,train,syn_a68f501e9c1069329ec78eaead07c015,30,authored_templates_not_real_transcripts,7,user,I enjoy talking about ideas.
public_02,train,syn_3ebeda0df1a2553d085d9f96dac06445,30,authored_templates_not_real_transcripts,0,assistant,What are you hoping to find?
public_02,train,syn_3ebeda0df1a2553d085d9f96dac06445,30,authored_templates_not_real_transcripts,1,user,I would like to build a lasting relationship.
public_02,train,syn_3ebeda0df1a2553d085d9f96dac06445,30,authored_templates_not_real_transcripts,2,assistant,What pace feels comfortable?
public_02,train,syn_3ebeda0df1a2553d085d9f96dac06445,30,authored_templates_not_real_transcripts,3,user,I prefer to get to know someone gradually.
public_02,train,syn_3ebeda0df1a2553d085d9f96dac06445,30,authored_templates_not_real_transcripts,4,assistant,How do you tend to spend free time?
public_02,train,syn_3ebeda0df1a2553d085d9f96dac06445,30,authored_templates_not_real_transcripts,5,user,I enjoy having plans with people.
public_02,train,syn_3ebeda0df1a2553d085d9f96dac06445,30,authored_templates_not_real_transcripts,6,assistant,What kinds of conversation do you enjoy?
public_02,train,syn_3ebeda0df1a2553d085d9f96dac06445,30,authored_templates_not_real_transcripts,7,user,I enjoy working through practical questions.
public_02,train,syn_ca3ae74486f269449eb584f474ff27e7,30,authored_templates_not_real_transcripts,0,assistant,What are you hoping to find?
public_02,train,syn_ca3ae74486f269449eb584f474ff27e7,30,authored_templates_not_real_transcripts,1,user,I would like to build a lasting relationship.
public_02,train,syn_ca3ae74486f269449eb584f474ff27e7,30,authored_templates_not_real_transcripts,2,assistant,What pace feels comfortable?
public_02,train,syn_ca3ae74486f269449eb584f474ff27e7,30,authored_templates_not_real_transcripts,3,user,A steady pace suits me.
public_02,train,syn_ca3ae74486f269449eb584f474ff27e7,30,authored_templates_not_real_transcripts,4,assistant,How do you tend to spend free time?
public_02,train,syn_ca3ae74486f269449eb584f474ff27e7,30,authored_templates_not_real_transcripts,5,user,I usually prefer a quiet evening.
public_02,train,syn_ca3ae74486f269449eb584f474ff27e7,30,authored_templates_not_real_transcripts,6,assistant,What kinds of conversation do you enjoy?
public_02,train,syn_ca3ae74486f269449eb584f474ff27e7,30,authored_templates_not_real_transcripts,7,user,I enjoy talking about ideas.
public_02,train,syn_83a10b886c37d4b67300884e3a838d70,30,authored_templates_not_real_transcripts,0,assistant,What are you hoping to find?
public_02,train,syn_83a10b886c37d4b67300884e3a838d70,30,authored_templates_not_real_transcripts,1,user,I am still working out what I want.
public_02,train,syn_2056609e060881f2404b3e6d30d72b1b,30,authored_templates_not_real_transcripts,0,assistant,What are you hoping to find?
public_02,train,syn_2056609e060881f2404b3e6d30d72b1b,30,authored_templates_not_real_transcripts,1,user,I am still working out what I want.
public_02,train,syn_2056609e060881f2404b3e6d30d72b1b,30,authored_templates_not_real_transcripts,2,assistant,What pace feels comfortable?
public_02,train,syn_2056609e060881f2404b3e6d30d72b1b,30,authored_templates_not_real_transcripts,3,user,A steady pace suits me.
public_02,train,syn_2056609e060881f2404b3e6d30d72b1b,30,authored_templates_not_real_transcripts,4,assistant,How do you tend to spend free time?
public_02,train,syn_2056609e060881f2404b3e6d30d72b1b,30,authored_templates_not_real_transcripts,5,user,I usually prefer a quiet evening.
public_02,train,syn_2056609e060881f2404b3e6d30d72b1b,30,authored_templates_not_real_transcripts,6,assistant,What kinds of conversation do you enjoy?
public_02,train,syn_2056609e060881f2404b3e6d30d72b1b,30,authored_templates_not_real_transcripts,7,user,I like a playful conversation.
public_02,train,syn_88a2837332f6912a8c262589243c20e2,30,authored_templates_not_real_transcripts,0,assistant,What are you hoping to find?
public_02,train,syn_88a2837332f6912a8c262589243c20e2,30,authored_templates_not_real_transcripts,1,user,I would like to build a lasting relationship.
public_02,train,syn_88a2837332f6912a8c262589243c20e2,30,authored_templates_not_real_transcripts,2,assistant,What pace feels comfortable?
public_02,train,syn_88a2837332f6912a8c262589243c20e2,30,authored_templates_not_real_transcripts,3,user,I am comfortable meeting fairly soon.
public_02,train,syn_88a2837332f6912a8c262589243c20e2,30,authored_templates_not_real_transcripts,4,assistant,How do you tend to spend free time?
public_02,train,syn_88a2837332f6912a8c262589243c20e2,30,authored_templates_not_real_transcripts,5,user,I enjoy having plans with people.
public_02,train,syn_88a2837332f6912a8c262589243c20e2,30,authored_templates_not_real_transcripts,6,assistant,What kinds of conversation do you enjoy?
public_02,train,syn_88a2837332f6912a8c262589243c20e2,30,authored_templates_not_real_transcripts,7,user,I like a playful conversation.
public_02,train,syn_231cd68a43c8a600556433e677ead788,30,authored_templates_not_real_transcripts,0,assistant,What pace feels comfortable?
public_02,train,syn_231cd68a43c8a600556433e677ead788,30,authored_templates_not_real_transcripts,1,user,I prefer to get to know someone gradually.
public_02,train,syn_231cd68a43c8a600556433e677ead788,30,authored_templates_not_real_transcripts,2,assistant,How do you tend to spend free time?
public_02,train,syn_231cd68a43c8a600556433e677ead788,30,authored_templates_not_real_transcripts,3,user,I enjoy having plans with people.
public_02,train,syn_13516bb80dd39f3ce4ef943eca9d421e,30,authored_templates_not_real_transcripts,0,assistant,What are you hoping to find?
public_02,train,syn_13516bb80dd39f3ce4ef943eca9d421e,30,authored_templates_not_real_transcripts,1,user,I would like to build a lasting relationship.
public_02,train,syn_13516bb80dd39f3ce4ef943eca9d421e,30,authored_templates_not_real_transcripts,2,assistant,What pace feels comfortable?
public_02,train,syn_13516bb80dd39f3ce4ef943eca9d421e,30,authored_templates_not_real_transcripts,3,user,A steady pace suits me.
public_02,train,syn_13516bb80dd39f3ce4ef943eca9d421e,30,authored_templates_not_real_transcripts,4,assistant,How do you tend to spend free time?
public_02,train,syn_13516bb80dd39f3ce4ef943eca9d421e,30,authored_templates_not_real_transcripts,5,user,I usually prefer a quiet evening.
public_02,train,syn_13516bb80dd39f3ce4ef943eca9d421e,30,authored_templates_not_real_transcripts,6,assistant,What kinds of conversation do you enjoy?
public_02,train,syn_13516bb80dd39f3ce4ef943eca9d421e,30,authored_templates_not_real_transcripts,7,user,I enjoy talking about ideas.
public_02,train,syn_c317705f90a517571b63aec42fee59d2,30,authored_templates_not_real_transcripts,0,assistant,What are you hoping to find?
public_02,train,syn_c317705f90a517571b63aec42fee59d2,30,authored_templates_not_real_transcripts,1,user,I am still working out what I want.
public_02,train,syn_c317705f90a517571b63aec42fee59d2,30,authored_templates_not_real_transcripts,2,assistant,What pace feels comfortable?
public_02,train,syn_c317705f90a517571b63aec42fee59d2,30,authored_templates_not_real_transcripts,3,user,I prefer to get to know someone gradually.
public_02,train,syn_c317705f90a517571b63aec42fee59d2,30,authored_templates_not_real_transcripts,4,assistant,How do you tend to spend free time?
public_02,train,syn_c317705f90a517571b63aec42fee59d2,30,authored_templates_not_real_transcripts,5,user,I like a mixture of quiet time and seeing people.
public_02,train,syn_c317705f90a517571b63aec42fee59d2,30,authored_templates_not_real_transcripts,6,assistant,What kinds of conversation do you enjoy?
public_02,train,syn_c317705f90a517571b63aec42fee59d2,30,authored_templates_not_real_transcripts,7,user,I like hearing the stories behind things.
public_02,train,syn_74655d9a89e1bc132109f53eefcfff70,30,authored_templates_not_real_transcripts,0,assistant,What are you hoping to find?
public_02,train,syn_74655d9a89e1bc132109f53eefcfff70,30,authored_templates_not_real_transcripts,1,user,I would like to build a lasting relationship.
public_02,train,syn_74655d9a89e1bc132109f53eefcfff70,30,authored_templates_not_real_transcripts,2,assistant,How do you tend to spend free time?
public_02,train,syn_74655d9a89e1bc132109f53eefcfff70,30,authored_templates_not_real_transcripts,3,user,I usually prefer a quiet evening.
public_02,train,syn_4f59c929a394a8f79a1a9c3051421c77,30,authored_templates_not_real_transcripts,0,assistant,How do you tend to spend free time?
public_02,train,syn_4f59c929a394a8f79a1a9c3051421c77,30,authored_templates_not_real_transcripts,1,user,I usually prefer a quiet evening.
public_02,train,syn_32297fb064c264489c9e4039876f24ba,30,authored_templates_not_real_transcripts,0,assistant,What are you hoping to find?
public_02,train,syn_32297fb064c264489c9e4039876f24ba,30,authored_templates_not_real_transcripts,1,user,I am still working out what I want.
public_02,train,syn_453566d4cacb67aa483140013fe5fbdf,30,authored_templates_not_real_transcripts,0,assistant,What are you hoping to find?
public_02,train,syn_453566d4cacb67aa483140013fe5fbdf,30,authored_templates_not_real_transcripts,1,user,I am still working out what I want.
public_02,train,syn_453566d4cacb67aa483140013fe5fbdf,30,authored_templates_not_real_transcripts,2,assistant,What pace feels comfortable?
public_02,train,syn_453566d4cacb67aa483140013fe5fbdf,30,authored_templates_not_real_transcripts,3,user,A steady pace suits me.
public_02,train,syn_453566d4cacb67aa483140013fe5fbdf,30,authored_templates_not_real_transcripts,4,assistant,How do you tend to spend free time?
public_02,train,syn_453566d4cacb67aa483140013fe5fbdf,30,authored_templates_not_real_transcripts,5,user,I like a mixture of quiet time and seeing people.
public_02,train,syn_453566d4cacb67aa483140013fe5fbdf,30,authored_templates_not_real_transcripts,6,assistant,What kinds of conversation do you enjoy?
public_02,train,syn_453566d4cacb67aa483140013fe5fbdf,30,authored_templates_not_real_transcripts,7,user,I enjoy working through practical questions.
public_02,train,syn_964b47ce9e65d08b24ac9115da831a47,30,authored_templates_not_real_transcripts,0,assistant,What are you hoping to find?
public_02,train,syn_964b47ce9e65d08b24ac9115da831a47,30,authored_templates_not_real_transcripts,1,user,I am still working out what I want.
public_02,train,syn_964b47ce9e65d08b24ac9115da831a47,30,authored_templates_not_real_transcripts,2,assistant,What pace feels comfortable?
public_02,train,syn_964b47ce9e65d08b24ac9115da831a47,30,authored_templates_not_real_transcripts,3,user,I am comfortable meeting fairly soon.
public_02,train,syn_964b47ce9e65d08b24ac9115da831a47,30,authored_templates_not_real_transcripts,4,assistant,How do you tend to spend free time?
public_02,train,syn_964b47ce9e65d08b24ac9115da831a47,30,authored_templates_not_real_transcripts,5,user,I enjoy having plans with people.
public_02,train,syn_964b47ce9e65d08b24ac9115da831a47,30,authored_templates_not_real_transcripts,6,assistant,What kinds of conversation do you enjoy?
public_02,train,syn_964b47ce9e65d08b24ac9115da831a47,30,authored_templates_not_real_transcripts,7,user,I enjoy talking about ideas.
public_02,train,syn_0f8c602e06af6c647dedd4d5cc2def16,30,authored_templates_not_real_transcripts,0,assistant,What are you hoping to find?
public_02,train,syn_0f8c602e06af6c647dedd4d5cc2def16,30,authored_templates_not_real_transcripts,1,user,I am still working out what I want.
public_02,train,syn_0f8c602e06af6c647dedd4d5cc2def16,30,authored_templates_not_real_transcripts,2,assistant,What pace feels comfortable?
public_02,train,syn_0f8c602e06af6c647dedd4d5cc2def16,30,authored_templates_not_real_transcripts,3,user,I am comfortable meeting fairly soon.
public_02,train,syn_0f8c602e06af6c647dedd4d5cc2def16,30,authored_templates_not_real_transcripts,4,assistant,How do you tend to spend free time?
public_02,train,syn_0f8c602e06af6c647dedd4d5cc2def16,30,authored_templates_not_real_transcripts,5,user,I enjoy having plans with people.
public_02,train,syn_0f8c602e06af6c647dedd4d5cc2def16,30,authored_templates_not_real_transcripts,6,assistant,What kinds of conversation do you enjoy?
public_02,train,syn_0f8c602e06af6c647dedd4d5cc2def16,30,authored_templates_not_real_transcripts,7,user,I enjoy talking about ideas.
public_02,train,syn_576b0b21e0dbd7a6bfdf295c4ff7fad8,30,authored_templates_not_real_transcripts,0,assistant,How do you tend to spend free time?
public_02,train,syn_576b0b21e0dbd7a6bfdf295c4ff7fad8,30,authored_templates_not_real_transcripts,1,user,I enjoy having plans with people.
public_02,train,syn_cb551d4f45bda03e995e82defa207630,30,authored_templates_not_real_transcripts,0,assistant,What are you hoping to find?
public_02,train,syn_cb551d4f45bda03e995e82defa207630,30,authored_templates_not_real_transcripts,1,user,I am still working out what I want.
public_02,train,syn_cb551d4f45bda03e995e82defa207630,30,authored_templates_not_real_transcripts,2,assistant,What pace feels comfortable?
public_02,train,syn_cb551d4f45bda03e995e82defa207630,30,authored_templates_not_real_transcripts,3,user,I am comfortable meeting fairly soon.
public_02,train,syn_cb551d4f45bda03e995e82defa207630,30,authored_templates_not_real_transcripts,4,assistant,How do you tend to spend free time?
public_02,train,syn_cb551d4f45bda03e995e82defa207630,30,authored_templates_not_real_transcripts,5,user,I enjoy having plans with people.
public_02,train,syn_cb551d4f45bda03e995e82defa207630,30,authored_templates_not_real_transcripts,6,assistant,What kinds of conversation do you enjoy?
public_02,train,syn_cb551d4f45bda03e995e82defa207630,30,authored_templates_not_real_transcripts,7,user,I like hearing the stories behind things.
public_02,train,syn_9e3068d8d35b9eefda160e3de29ef47f,30,authored_templates_not_real_transcripts,0,assistant,What are you hoping to find?
public_02,train,syn_9e3068d8d35b9eefda160e3de29ef47f,30,authored_templates_not_real_transcripts,1,user,I am still working out what I want.
public_02,train,syn_9e3068d8d35b9eefda160e3de29ef47f,30,authored_templates_not_real_transcripts,2,assistant,What pace feels comfortable?
public_02,train,syn_9e3068d8d35b9eefda160e3de29ef47f,30,authored_templates_not_real_transcripts,3,user,I prefer to get to know someone gradually.
public_02,train,syn_9e3068d8d35b9eefda160e3de29ef47f,30,authored_templates_not_real_transcripts,4,assistant,How do you tend to spend free time?
public_02,train,syn_9e3068d8d35b9eefda160e3de29ef47f,30,authored_templates_not_real_transcripts,5,user,I enjoy having plans with people.
public_02,train,syn_9e3068d8d35b9eefda160e3de29ef47f,30,authored_templates_not_real_transcripts,6,assistant,What kinds of conversation do you enjoy?
public_02,train,syn_9e3068d8d35b9eefda160e3de29ef47f,30,authored_templates_not_real_transcripts,7,user,I like a playful conversation.
public_02,train,syn_528915a798e73da7402ac8df8dfa38b2,30,authored_templates_not_real_transcripts,0,assistant,What are you hoping to find?
public_02,train,syn_528915a798e73da7402ac8df8dfa38b2,30,authored_templates_not_real_transcripts,1,user,I am still working out what I want.
public_02,train,syn_528915a798e73da7402ac8df8dfa38b2,30,authored_templates_not_real_transcripts,2,assistant,What pace feels comfortable?
public_02,train,syn_528915a798e73da7402ac8df8dfa38b2,30,authored_templates_not_real_transcripts,3,user,I prefer to get to know someone gradually.
public_02,train,syn_528915a798e73da7402ac8df8dfa38b2,30,authored_templates_not_real_transcripts,4,assistant,How do you tend to spend free time?
public_02,train,syn_528915a798e73da7402ac8df8dfa38b2,30,authored_templates_not_real_transcripts,5,user,I enjoy having plans with people.
public_02,train,syn_528915a798e73da7402ac8df8dfa38b2,30,authored_templates_not_real_transcripts,6,assistant,What kinds of conversation do you enjoy?
public_02,train,syn_528915a798e73da7402ac8df8dfa38b2,30,authored_templates_not_real_transcripts,7,user,I enjoy working through practical questions.
public_02,train,syn_1653cc8b5bd51e5da9b32ad68410ff2a,30,authored_templates_not_real_transcripts,0,assistant,What are you hoping to find?
public_02,train,syn_1653cc8b5bd51e5da9b32ad68410ff2a,30,authored_templates_not_real_transcripts,1,user,I would like to build a lasting relationship.
public_02,train,syn_1653cc8b5bd51e5da9b32ad68410ff2a,30,authored_templates_not_real_transcripts,2,assistant,What pace feels comfortable?
public_02,train,syn_1653cc8b5bd51e5da9b32ad68410ff2a,30,authored_templates_not_real_transcripts,3,user,I am comfortable meeting fairly soon.
public_02,train,syn_1653cc8b5bd51e5da9b32ad68410ff2a,30,authored_templates_not_real_transcripts,4,assistant,How do you tend to spend free time?
public_02,train,syn_1653cc8b5bd51e5da9b32ad68410ff2a,30,authored_templates_not_real_transcripts,5,user,I usually prefer a quiet evening.
public_02,train,syn_1653cc8b5bd51e5da9b32ad68410ff2a,30,authored_templates_not_real_transcripts,6,assistant,What kinds of conversation do you enjoy?
public_02,train,syn_1653cc8b5bd51e5da9b32ad68410ff2a,30,authored_templates_not_real_transcripts,7,user,I enjoy talking about ideas.
public_02,train,syn_86a700b706a3f9d202eeee624e20ac53,30,authored_templates_not_real_transcripts,0,assistant,What pace feels comfortable?
public_02,train,syn_86a700b706a3f9d202eeee624e20ac53,30,authored_templates_not_real_transcripts,1,user,I prefer to get to know someone gradually.
public_02,train,syn_86a700b706a3f9d202eeee624e20ac53,30,authored_templates_not_real_transcripts,2,assistant,What kinds of conversation do you enjoy?
public_02,train,syn_86a700b706a3f9d202eeee624e20ac53,30,authored_templates_not_real_transcripts,3,user,I like a playful conversation.
public_02,train,syn_b4409bb8867ef48b4cd95b298a3702ee,30,authored_templates_not_real_transcripts,0,assistant,What kinds of conversation do you enjoy?
public_02,train,syn_b4409bb8867ef48b4cd95b298a3702ee,30,authored_templates_not_real_transcripts,1,user,I like a playful conversation.
public_02,train,syn_50977ee1f1ce864458c2e060a47afe43,30,authored_templates_not_real_transcripts,0,assistant,What are you hoping to find?
public_02,train,syn_50977ee1f1ce864458c2e060a47afe43,30,authored_templates_not_real_transcripts,1,user,I am still working out what I want.
public_02,train,syn_50977ee1f1ce864458c2e060a47afe43,30,authored_templates_not_real_transcripts,2,assistant,How do you tend to spend free time?
public_02,train,syn_50977ee1f1ce864458c2e060a47afe43,30,authored_templates_not_real_transcripts,3,user,I usually prefer a quiet evening.
public_02,train,syn_0e0161ed6b7c02e3c1a86b832fa1f75f,30,authored_templates_not_real_transcripts,0,assistant,What are you hoping to find?
public_02,train,syn_0e0161ed6b7c02e3c1a86b832fa1f75f,30,authored_templates_not_real_transcripts,1,user,I would like to build a lasting relationship.
public_02,train,syn_0e0161ed6b7c02e3c1a86b832fa1f75f,30,authored_templates_not_real_transcripts,2,assistant,What pace feels comfortable?
public_02,train,syn_0e0161ed6b7c02e3c1a86b832fa1f75f,30,authored_templates_not_real_transcripts,3,user,I prefer to get to know someone gradually.
public_02,train,syn_0e0161ed6b7c02e3c1a86b832fa1f75f,30,authored_templates_not_real_transcripts,4,assistant,How do you tend to spend free time?
public_02,train,syn_0e0161ed6b7c02e3c1a86b832fa1f75f,30,authored_templates_not_real_transcripts,5,user,I usually prefer a quiet evening.
public_02,train,syn_0e0161ed6b7c02e3c1a86b832fa1f75f,30,authored_templates_not_real_transcripts,6,assistant,What kinds of conversation do you enjoy?
public_02,train,syn_0e0161ed6b7c02e3c1a86b832fa1f75f,30,authored_templates_not_real_transcripts,7,user,I enjoy talking about ideas.
public_02,train,syn_87dc96eea77ef4cd008961b3b22bbad3,30,authored_templates_not_real_transcripts,0,assistant,What are you hoping to find?
public_02,train,syn_87dc96eea77ef4cd008961b3b22bbad3,30,authored_templates_not_real_transcripts,1,user,I would like to build a lasting relationship.
public_02,train,syn_87dc96eea77ef4cd008961b3b22bbad3,30,authored_templates_not_real_transcripts,2,assistant,What pace feels comfortable?
public_02,train,syn_87dc96eea77ef4cd008961b3b22bbad3,30,authored_templates_not_real_transcripts,3,user,I am comfortable meeting fairly soon.
public_02,train,syn_87dc96eea77ef4cd008961b3b22bbad3,30,authored_templates_not_real_transcripts,4,assistant,How do you tend to spend free time?
public_02,train,syn_87dc96eea77ef4cd008961b3b22bbad3,30,authored_templates_not_real_transcripts,5,user,I like a mixture of quiet time and seeing people.
public_02,train,syn_87dc96eea77ef4cd008961b3b22bbad3,30,authored_templates_not_real_transcripts,6,assistant,What kinds of conversation do you enjoy?
public_02,train,syn_87dc96eea77ef4cd008961b3b22bbad3,30,authored_templates_not_real_transcripts,7,user,I enjoy working through practical questions.
public_02,train,syn_a6e1e3157ea05a77655d69145cb9340c,30,authored_templates_not_real_transcripts,0,assistant,What are you hoping to find?
public_02,train,syn_a6e1e3157ea05a77655d69145cb9340c,30,authored_templates_not_real_transcripts,1,user,I would like to build a lasting relationship.
public_02,train,syn_a6e1e3157ea05a77655d69145cb9340c,30,authored_templates_not_real_transcripts,2,assistant,What pace feels comfortable?
public_02,train,syn_a6e1e3157ea05a77655d69145cb9340c,30,authored_templates_not_real_transcripts,3,user,A steady pace suits me.
public_02,train,syn_a6e1e3157ea05a77655d69145cb9340c,30,authored_templates_not_real_transcripts,4,assistant,How do you tend to spend free time?
public_02,train,syn_a6e1e3157ea05a77655d69145cb9340c,30,authored_templates_not_real_transcripts,5,user,I like a mixture of quiet time and seeing people.
public_02,train,syn_a6e1e3157ea05a77655d69145cb9340c,30,authored_templates_not_real_transcripts,6,assistant,What kinds of conversation do you enjoy?
public_02,train,syn_a6e1e3157ea05a77655d69145cb9340c,30,authored_templates_not_real_transcripts,7,user,I enjoy working through practical questions.
public_02,train,syn_6edbeb8274e40517866227d17ad53adf,30,authored_templates_not_real_transcripts,0,assistant,What are you hoping to find?
public_02,train,syn_6edbeb8274e40517866227d17ad53adf,30,authored_templates_not_real_transcripts,1,user,I would like to build a lasting relationship.
public_02,train,syn_6edbeb8274e40517866227d17ad53adf,30,authored_templates_not_real_transcripts,2,assistant,What pace feels comfortable?
public_02,train,syn_6edbeb8274e40517866227d17ad53adf,30,authored_templates_not_real_transcripts,3,user,I prefer to get to know someone gradually.
public_02,train,syn_6edbeb8274e40517866227d17ad53adf,30,authored_templates_not_real_transcripts,4,assistant,How do you tend to spend free time?
public_02,train,syn_6edbeb8274e40517866227d17ad53adf,30,authored_templates_not_real_transcripts,5,user,I enjoy having plans with people.
public_02,train,syn_6edbeb8274e40517866227d17ad53adf,30,authored_templates_not_real_transcripts,6,assistant,What kinds of conversation do you enjoy?
public_02,train,syn_6edbeb8274e40517866227d17ad53adf,30,authored_templates_not_real_transcripts,7,user,I like hearing the stories behind things.
public_02,train,syn_f93c4bbf56ae5e59cfc19cdc2715a8db,30,authored_templates_not_real_transcripts,0,assistant,What pace feels comfortable?
public_02,train,syn_f93c4bbf56ae5e59cfc19cdc2715a8db,30,authored_templates_not_real_transcripts,1,user,A steady pace suits me.
public_02,train,syn_6480a0fceabbc01cedfeea0cf2554ebe,30,authored_templates_not_real_transcripts,0,assistant,What kinds of conversation do you enjoy?
public_02,train,syn_6480a0fceabbc01cedfeea0cf2554ebe,30,authored_templates_not_real_transcripts,1,user,I enjoy talking about ideas.
public_02,train,syn_ac94b01560b8fee544ead02809b6aa68,30,authored_templates_not_real_transcripts,0,assistant,What kinds of conversation do you enjoy?
public_02,train,syn_ac94b01560b8fee544ead02809b6aa68,30,authored_templates_not_real_transcripts,1,user,I enjoy talking about ideas.
public_02,train,syn_0645957284c487c64ad77f70f4198680,30,authored_templates_not_real_transcripts,0,assistant,What are you hoping to find?
public_02,train,syn_0645957284c487c64ad77f70f4198680,30,authored_templates_not_real_transcripts,1,user,I am still working out what I want.
public_02,train,syn_0645957284c487c64ad77f70f4198680,30,authored_templates_not_real_transcripts,2,assistant,What pace feels comfortable?
public_02,train,syn_0645957284c487c64ad77f70f4198680,30,authored_templates_not_real_transcripts,3,user,A steady pace suits me.
public_02,train,syn_9a7118f62aaf550fca7670c8025e4c9d,30,authored_templates_not_real_transcripts,0,assistant,What are you hoping to find?
public_02,train,syn_9a7118f62aaf550fca7670c8025e4c9d,30,authored_templates_not_real_transcripts,1,user,I would like to build a lasting relationship.
public_02,train,syn_7f5935d0a622ad5f4ec68c20515f6fbb,30,authored_templates_not_real_transcripts,0,assistant,What are you hoping to find?
public_02,train,syn_7f5935d0a622ad5f4ec68c20515f6fbb,30,authored_templates_not_real_transcripts,1,user,I would like to build a lasting relationship.
public_02,train,syn_7f5935d0a622ad5f4ec68c20515f6fbb,30,authored_templates_not_real_transcripts,2,assistant,What pace feels comfortable?
public_02,train,syn_7f5935d0a622ad5f4ec68c20515f6fbb,30,authored_templates_not_real_transcripts,3,user,A steady pace suits me.
public_02,train,syn_7f5935d0a622ad5f4ec68c20515f6fbb,30,authored_templates_not_real_transcripts,4,assistant,How do you tend to spend free time?
public_02,train,syn_7f5935d0a622ad5f4ec68c20515f6fbb,30,authored_templates_not_real_transcripts,5,user,I enjoy having plans with people.
public_02,train,syn_7f5935d0a622ad5f4ec68c20515f6fbb,30,authored_templates_not_real_transcripts,6,assistant,What kinds of conversation do you enjoy?
public_02,train,syn_7f5935d0a622ad5f4ec68c20515f6fbb,30,authored_templates_not_real_transcripts,7,user,I enjoy working through practical questions.
public_02,train,syn_e7e4553b5d1a0778f4c39c851ae14856,30,authored_templates_not_real_transcripts,0,assistant,How do you tend to spend free time?
public_02,train,syn_e7e4553b5d1a0778f4c39c851ae14856,30,authored_templates_not_real_transcripts,1,user,I like a mixture of quiet time and seeing people.
public_02,train,syn_fdb186b6125612dc970f9f3da32cfe27,30,authored_templates_not_real_transcripts,0,assistant,How do you tend to spend free time?
public_02,train,syn_fdb186b6125612dc970f9f3da32cfe27,30,authored_templates_not_real_transcripts,1,user,I like a mixture of quiet time and seeing people.
public_02,train,syn_0e299c0b1cd3d2fde5be3501bfce4321,30,authored_templates_not_real_transcripts,0,assistant,What are you hoping to find?
public_02,train,syn_0e299c0b1cd3d2fde5be3501bfce4321,30,authored_templates_not_real_transcripts,1,user,I am still working out what I want.
public_02,train,syn_0e299c0b1cd3d2fde5be3501bfce4321,30,authored_templates_not_real_transcripts,2,assistant,What pace feels comfortable?
public_02,train,syn_0e299c0b1cd3d2fde5be3501bfce4321,30,authored_templates_not_real_transcripts,3,user,A steady pace suits me.
public_02,train,syn_0e299c0b1cd3d2fde5be3501bfce4321,30,authored_templates_not_real_transcripts,4,assistant,How do you tend to spend free time?
public_02,train,syn_0e299c0b1cd3d2fde5be3501bfce4321,30,authored_templates_not_real_transcripts,5,user,I enjoy having plans with people.
public_02,train,syn_0e299c0b1cd3d2fde5be3501bfce4321,30,authored_templates_not_real_transcripts,6,assistant,What kinds of conversation do you enjoy?
public_02,train,syn_0e299c0b1cd3d2fde5be3501bfce4321,30,authored_templates_not_real_transcripts,7,user,I enjoy talking about ideas.
public_02,train,syn_72b3af26e5db61db148e65bd4159cc16,30,authored_templates_not_real_transcripts,0,assistant,What are you hoping to find?
public_02,train,syn_72b3af26e5db61db148e65bd4159cc16,30,authored_templates_not_real_transcripts,1,user,I would like to build a lasting relationship.
public_02,train,syn_72b3af26e5db61db148e65bd4159cc16,30,authored_templates_not_real_transcripts,2,assistant,What pace feels comfortable?
public_02,train,syn_72b3af26e5db61db148e65bd4159cc16,30,authored_templates_not_real_transcripts,3,user,A steady pace suits me.
public_02,train,syn_72b3af26e5db61db148e65bd4159cc16,30,authored_templates_not_real_transcripts,4,assistant,How do you tend to spend free time?
public_02,train,syn_72b3af26e5db61db148e65bd4159cc16,30,authored_templates_not_real_transcripts,5,user,I like a mixture of quiet time and seeing people.
public_02,train,syn_72b3af26e5db61db148e65bd4159cc16,30,authored_templates_not_real_transcripts,6,assistant,What kinds of conversation do you enjoy?
public_02,train,syn_72b3af26e5db61db148e65bd4159cc16,30,authored_templates_not_real_transcripts,7,user,I like hearing the stories behind things.
public_02,train,syn_54f13e7b39ff701788052395682c5066,30,authored_templates_not_real_transcripts,0,assistant,How do you tend to spend free time?
public_02,train,syn_54f13e7b39ff701788052395682c5066,30,authored_templates_not_real_transcripts,1,user,I enjoy having plans with people.
public_02,train,syn_8a5ab5e24cf1da571d7fc224290b5d55,30,authored_templates_not_real_transcripts,0,assistant,How do you tend to spend free time?
public_02,train,syn_8a5ab5e24cf1da571d7fc224290b5d55,30,authored_templates_not_real_transcripts,1,user,I usually prefer a quiet evening.
public_02,train,syn_46647c2c6bb5c3c5381ff1063541e7bc,30,authored_templates_not_real_transcripts,0,assistant,What kinds of conversation do you enjoy?
public_02,train,syn_46647c2c6bb5c3c5381ff1063541e7bc,30,authored_templates_not_real_transcripts,1,user,I like a playful conversation.
public_02,train,syn_2651c1cf3930d6ccd1f4d17ed92ebb9f,30,authored_templates_not_real_transcripts,0,assistant,What are you hoping to find?
public_02,train,syn_2651c1cf3930d6ccd1f4d17ed92ebb9f,30,authored_templates_not_real_transcripts,1,user,I am still working out what I want.
public_02,train,syn_2651c1cf3930d6ccd1f4d17ed92ebb9f,30,authored_templates_not_real_transcripts,2,assistant,What pace feels comfortable?
public_02,train,syn_2651c1cf3930d6ccd1f4d17ed92ebb9f,30,authored_templates_not_real_transcripts,3,user,A steady pace suits me.
public_02,train,syn_2651c1cf3930d6ccd1f4d17ed92ebb9f,30,authored_templates_not_real_transcripts,4,assistant,How do you tend to spend free time?
public_02,train,syn_2651c1cf3930d6ccd1f4d17ed92ebb9f,30,authored_templates_not_real_transcripts,5,user,I usually prefer a quiet evening.
public_02,train,syn_2651c1cf3930d6ccd1f4d17ed92ebb9f,30,authored_templates_not_real_transcripts,6,assistant,What kinds of conversation do you enjoy?
public_02,train,syn_2651c1cf3930d6ccd1f4d17ed92ebb9f,30,authored_templates_not_real_transcripts,7,user,I enjoy talking about ideas.
public_02,train,syn_28ae0f5a99431e9f34ff74eff6472675,30,authored_templates_not_real_transcripts,0,assistant,What are you hoping to find?
public_02,train,syn_28ae0f5a99431e9f34ff74eff6472675,30,authored_templates_not_real_transcripts,1,user,I would like to build a lasting relationship.
public_02,train,syn_28ae0f5a99431e9f34ff74eff6472675,30,authored_templates_not_real_transcripts,2,assistant,What pace feels comfortable?
public_02,train,syn_28ae0f5a99431e9f34ff74eff6472675,30,authored_templates_not_real_transcripts,3,user,A steady pace suits me.
public_02,train,syn_28ae0f5a99431e9f34ff74eff6472675,30,authored_templates_not_real_transcripts,4,assistant,How do you tend to spend free time?
public_02,train,syn_28ae0f5a99431e9f34ff74eff6472675,30,authored_templates_not_real_transcripts,5,user,I like a mixture of quiet time and seeing people.
public_02,train,syn_28ae0f5a99431e9f34ff74eff6472675,30,authored_templates_not_real_transcripts,6,assistant,What kinds of conversation do you enjoy?
public_02,train,syn_28ae0f5a99431e9f34ff74eff6472675,30,authored_templates_not_real_transcripts,7,user,I enjoy talking about ideas.
public_02,train,syn_47dc784f1a5ba0282f3ed0e8afa4fdb5,30,authored_templates_not_real_transcripts,0,assistant,How do you tend to spend free time?
public_02,train,syn_47dc784f1a5ba0282f3ed0e8afa4fdb5,30,authored_templates_not_real_transcripts,1,user,I like a mixture of quiet time and seeing people.
public_02,train,syn_aba9f3001eba6567ae2b3690240087c3,30,authored_templates_not_real_transcripts,0,assistant,What are you hoping to find?
public_02,train,syn_aba9f3001eba6567ae2b3690240087c3,30,authored_templates_not_real_transcripts,1,user,I am still working out what I want.
public_02,train,syn_aba9f3001eba6567ae2b3690240087c3,30,authored_templates_not_real_transcripts,2,assistant,What pace feels comfortable?
public_02,train,syn_aba9f3001eba6567ae2b3690240087c3,30,authored_templates_not_real_transcripts,3,user,A steady pace suits me.
public_02,train,syn_aba9f3001eba6567ae2b3690240087c3,30,authored_templates_not_real_transcripts,4,assistant,How do you tend to spend free time?
public_02,train,syn_aba9f3001eba6567ae2b3690240087c3,30,authored_templates_not_real_transcripts,5,user,I like a mixture of quiet time and seeing people.
public_02,train,syn_aba9f3001eba6567ae2b3690240087c3,30,authored_templates_not_real_transcripts,6,assistant,What kinds of conversation do you enjoy?
public_02,train,syn_aba9f3001eba6567ae2b3690240087c3,30,authored_templates_not_real_transcripts,7,user,I like a playful conversation.
public_02,train,syn_514d26a6c970dbaed9dfb5971b92fd98,30,authored_templates_not_real_transcripts,0,assistant,What are you hoping to find?
public_02,train,syn_514d26a6c970dbaed9dfb5971b92fd98,30,authored_templates_not_real_transcripts,1,user,I am still working out what I want.
public_02,train,syn_514d26a6c970dbaed9dfb5971b92fd98,30,authored_templates_not_real_transcripts,2,assistant,What pace feels comfortable?
public_02,train,syn_514d26a6c970dbaed9dfb5971b92fd98,30,authored_templates_not_real_transcripts,3,user,I prefer to get to know someone gradually.
public_02,train,syn_514d26a6c970dbaed9dfb5971b92fd98,30,authored_templates_not_real_transcripts,4,assistant,How do you tend to spend free time?
public_02,train,syn_514d26a6c970dbaed9dfb5971b92fd98,30,authored_templates_not_real_transcripts,5,user,I usually prefer a quiet evening.
public_02,train,syn_514d26a6c970dbaed9dfb5971b92fd98,30,authored_templates_not_real_transcripts,6,assistant,What kinds of conversation do you enjoy?
public_02,train,syn_514d26a6c970dbaed9dfb5971b92fd98,30,authored_templates_not_real_transcripts,7,user,I like a playful conversation.
public_02,train,syn_6d8a8a6aef07e250ff909501273ecc94,30,authored_templates_not_real_transcripts,0,assistant,What are you hoping to find?
public_02,train,syn_6d8a8a6aef07e250ff909501273ecc94,30,authored_templates_not_real_transcripts,1,user,I am still working out what I want.
public_02,train,syn_6d8a8a6aef07e250ff909501273ecc94,30,authored_templates_not_real_transcripts,2,assistant,What pace feels comfortable?
public_02,train,syn_6d8a8a6aef07e250ff909501273ecc94,30,authored_templates_not_real_transcripts,3,user,I am comfortable meeting fairly soon.
public_02,train,syn_6d8a8a6aef07e250ff909501273ecc94,30,authored_templates_not_real_transcripts,4,assistant,How do you tend to spend free time?
public_02,train,syn_6d8a8a6aef07e250ff909501273ecc94,30,authored_templates_not_real_transcripts,5,user,I like a mixture of quiet time and seeing people.
public_02,train,syn_6a84c1f3a87e5b91101bb503eccb7f21,30,authored_templates_not_real_transcripts,0,assistant,What are you hoping to find?
public_02,train,syn_6a84c1f3a87e5b91101bb503eccb7f21,30,authored_templates_not_real_transcripts,1,user,I would like to build a lasting relationship.
public_02,train,syn_6a84c1f3a87e5b91101bb503eccb7f21,30,authored_templates_not_real_transcripts,2,assistant,What pace feels comfortable?
public_02,train,syn_6a84c1f3a87e5b91101bb503eccb7f21,30,authored_templates_not_real_transcripts,3,user,I am comfortable meeting fairly soon.
public_02,train,syn_6a84c1f3a87e5b91101bb503eccb7f21,30,authored_templates_not_real_transcripts,4,assistant,How do you tend to spend free time?
public_02,train,syn_6a84c1f3a87e5b91101bb503eccb7f21,30,authored_templates_not_real_transcripts,5,user,I usually prefer a quiet evening.
public_02,train,syn_6a84c1f3a87e5b91101bb503eccb7f21,30,authored_templates_not_real_transcripts,6,assistant,What kinds of conversation do you enjoy?
public_02,train,syn_6a84c1f3a87e5b91101bb503eccb7f21,30,authored_templates_not_real_transcripts,7,user,I enjoy talking about ideas.
public_02,train,syn_4b4afc55bd62c7528916299ab5833a7b,30,authored_templates_not_real_transcripts,0,assistant,What are you hoping to find?
public_02,train,syn_4b4afc55bd62c7528916299ab5833a7b,30,authored_templates_not_real_transcripts,1,user,I would like to build a lasting relationship.
public_02,train,syn_4b4afc55bd62c7528916299ab5833a7b,30,authored_templates_not_real_transcripts,2,assistant,What pace feels comfortable?
public_02,train,syn_4b4afc55bd62c7528916299ab5833a7b,30,authored_templates_not_real_transcripts,3,user,I prefer to get to know someone gradually.
public_02,train,syn_4b4afc55bd62c7528916299ab5833a7b,30,authored_templates_not_real_transcripts,4,assistant,How do you tend to spend free time?
public_02,train,syn_4b4afc55bd62c7528916299ab5833a7b,30,authored_templates_not_real_transcripts,5,user,I like a mixture of quiet time and seeing people.
public_02,train,syn_4b4afc55bd62c7528916299ab5833a7b,30,authored_templates_not_real_transcripts,6,assistant,What kinds of conversation do you enjoy?
public_02,train,syn_4b4afc55bd62c7528916299ab5833a7b,30,authored_templates_not_real_transcripts,7,user,I enjoy talking about ideas.
public_02,train,syn_508d54f5501de77ad394c177277d7e2a,30,authored_templates_not_real_transcripts,0,assistant,What kinds of conversation do you enjoy?
public_02,train,syn_508d54f5501de77ad394c177277d7e2a,30,authored_templates_not_real_transcripts,1,user,I enjoy talking about ideas.
public_02,train,syn_cf3276d14a50475f883878aefa2bfe6c,30,authored_templates_not_real_transcripts,0,assistant,What are you hoping to find?
public_02,train,syn_cf3276d14a50475f883878aefa2bfe6c,30,authored_templates_not_real_transcripts,1,user,I am still working out what I want.
public_02,train,syn_cf3276d14a50475f883878aefa2bfe6c,30,authored_templates_not_real_transcripts,2,assistant,What pace feels comfortable?
public_02,train,syn_cf3276d14a50475f883878aefa2bfe6c,30,authored_templates_not_real_transcripts,3,user,I prefer to get to know someone gradually.
public_02,train,syn_cf3276d14a50475f883878aefa2bfe6c,30,authored_templates_not_real_transcripts,4,assistant,How do you tend to spend free time?
public_02,train,syn_cf3276d14a50475f883878aefa2bfe6c,30,authored_templates_not_real_transcripts,5,user,I like a mixture of quiet time and seeing people.
public_02,train,syn_cf3276d14a50475f883878aefa2bfe6c,30,authored_templates_not_real_transcripts,6,assistant,What kinds of conversation do you enjoy?
public_02,train,syn_cf3276d14a50475f883878aefa2bfe6c,30,authored_templates_not_real_transcripts,7,user,I enjoy working through practical questions.
public_02,train,syn_469fe83e4a99f3d77981a1c1f7ea5386,30,authored_templates_not_real_transcripts,0,assistant,What are you hoping to find?
public_02,train,syn_469fe83e4a99f3d77981a1c1f7ea5386,30,authored_templates_not_real_transcripts,1,user,I would like to build a lasting relationship.
public_02,train,syn_469fe83e4a99f3d77981a1c1f7ea5386,30,authored_templates_not_real_transcripts,2,assistant,What pace feels comfortable?
public_02,train,syn_469fe83e4a99f3d77981a1c1f7ea5386,30,authored_templates_not_real_transcripts,3,user,I prefer to get to know someone gradually.
public_02,train,syn_469fe83e4a99f3d77981a1c1f7ea5386,30,authored_templates_not_real_transcripts,4,assistant,How do you tend to spend free time?
public_02,train,syn_469fe83e4a99f3d77981a1c1f7ea5386,30,authored_templates_not_real_transcripts,5,user,I enjoy having plans with people.
public_02,train,syn_469fe83e4a99f3d77981a1c1f7ea5386,30,authored_templates_not_real_transcripts,6,assistant,What kinds of conversation do you enjoy?
public_02,train,syn_469fe83e4a99f3d77981a1c1f7ea5386,30,authored_templates_not_real_transcripts,7,user,I enjoy talking about ideas.
public_02,train,syn_e77fb3ea136541875ef0d0ed5153426c,30,authored_templates_not_real_transcripts,0,assistant,What are you hoping to find?
public_02,train,syn_e77fb3ea136541875ef0d0ed5153426c,30,authored_templates_not_real_transcripts,1,user,I am still working out what I want.
public_02,train,syn_e77fb3ea136541875ef0d0ed5153426c,30,authored_templates_not_real_transcripts,2,assistant,What pace feels comfortable?
public_02,train,syn_e77fb3ea136541875ef0d0ed5153426c,30,authored_templates_not_real_transcripts,3,user,I prefer to get to know someone gradually.
public_02,train,syn_e77fb3ea136541875ef0d0ed5153426c,30,authored_templates_not_real_transcripts,4,assistant,How do you tend to spend free time?
public_02,train,syn_e77fb3ea136541875ef0d0ed5153426c,30,authored_templates_not_real_transcripts,5,user,I enjoy having plans with people.
public_02,train,syn_e77fb3ea136541875ef0d0ed5153426c,30,authored_templates_not_real_transcripts,6,assistant,What kinds of conversation do you enjoy?
public_02,train,syn_e77fb3ea136541875ef0d0ed5153426c,30,authored_templates_not_real_transcripts,7,user,I enjoy working through practical questions.
public_02,train,syn_1a4dfde83fd19aa72ccfe830c678fecb,30,authored_templates_not_real_transcripts,0,assistant,What kinds of conversation do you enjoy?
public_02,train,syn_1a4dfde83fd19aa72ccfe830c678fecb,30,authored_templates_not_real_transcripts,1,user,I like a playful conversation.
public_02,train,syn_81a48a9d2c7cf0ef365f24d6bcd6a3e1,30,authored_templates_not_real_transcripts,0,assistant,How do you tend to spend free time?
public_02,train,syn_81a48a9d2c7cf0ef365f24d6bcd6a3e1,30,authored_templates_not_real_transcripts,1,user,I enjoy having plans with people.
public_02,train,syn_d16420689fdde7c0d35d130797ca9e5f,30,authored_templates_not_real_transcripts,0,assistant,What are you hoping to find?
public_02,train,syn_d16420689fdde7c0d35d130797ca9e5f,30,authored_templates_not_real_transcripts,1,user,I would like to build a lasting relationship.
public_02,train,syn_d16420689fdde7c0d35d130797ca9e5f,30,authored_templates_not_real_transcripts,2,assistant,What pace feels comfortable?
public_02,train,syn_d16420689fdde7c0d35d130797ca9e5f,30,authored_templates_not_real_transcripts,3,user,I am comfortable meeting fairly soon.
public_02,train,syn_d16420689fdde7c0d35d130797ca9e5f,30,authored_templates_not_real_transcripts,4,assistant,How do you tend to spend free time?
public_02,train,syn_d16420689fdde7c0d35d130797ca9e5f,30,authored_templates_not_real_transcripts,5,user,I like a mixture of quiet time and seeing people.
public_02,train,syn_d16420689fdde7c0d35d130797ca9e5f,30,authored_templates_not_real_transcripts,6,assistant,What kinds of conversation do you enjoy?
public_02,train,syn_d16420689fdde7c0d35d130797ca9e5f,30,authored_templates_not_real_transcripts,7,user,I enjoy talking about ideas.
public_02,train,syn_fa877de6b99ad875e1dc7a353dfb6c48,30,authored_templates_not_real_transcripts,0,assistant,What pace feels comfortable?
public_02,train,syn_fa877de6b99ad875e1dc7a353dfb6c48,30,authored_templates_not_real_transcripts,1,user,I am comfortable meeting fairly soon.
public_02,train,syn_dc277f56457383f627d4e7fbcd781b34,30,authored_templates_not_real_transcripts,0,assistant,What are you hoping to find?
public_02,train,syn_dc277f56457383f627d4e7fbcd781b34,30,authored_templates_not_real_transcripts,1,user,I would like to build a lasting relationship.
public_02,train,syn_dc277f56457383f627d4e7fbcd781b34,30,authored_templates_not_real_transcripts,2,assistant,What pace feels comfortable?
public_02,train,syn_dc277f56457383f627d4e7fbcd781b34,30,authored_templates_not_real_transcripts,3,user,I am comfortable meeting fairly soon.
public_02,train,syn_dc277f56457383f627d4e7fbcd781b34,30,authored_templates_not_real_transcripts,4,assistant,How do you tend to spend free time?
public_02,train,syn_dc277f56457383f627d4e7fbcd781b34,30,authored_templates_not_real_transcripts,5,user,I enjoy having plans with people.
public_02,train,syn_dc277f56457383f627d4e7fbcd781b34,30,authored_templates_not_real_transcripts,6,assistant,What kinds of conversation do you enjoy?
public_02,train,syn_dc277f56457383f627d4e7fbcd781b34,30,authored_templates_not_real_transcripts,7,user,I enjoy talking about ideas.
public_02,train,syn_df55510630c387a8332959160eec8e4b,30,authored_templates_not_real_transcripts,0,assistant,What are you hoping to find?
public_02,train,syn_df55510630c387a8332959160eec8e4b,30,authored_templates_not_real_transcripts,1,user,I would like to build a lasting relationship.
public_02,train,syn_df55510630c387a8332959160eec8e4b,30,authored_templates_not_real_transcripts,2,assistant,What pace feels comfortable?
public_02,train,syn_df55510630c387a8332959160eec8e4b,30,authored_templates_not_real_transcripts,3,user,I prefer to get to know someone gradually.
public_02,train,syn_df55510630c387a8332959160eec8e4b,30,authored_templates_not_real_transcripts,4,assistant,How do you tend to spend free time?
public_02,train,syn_df55510630c387a8332959160eec8e4b,30,authored_templates_not_real_transcripts,5,user,I like a mixture of quiet time and seeing people.
public_02,train,syn_df55510630c387a8332959160eec8e4b,30,authored_templates_not_real_transcripts,6,assistant,What kinds of conversation do you enjoy?
public_02,train,syn_df55510630c387a8332959160eec8e4b,30,authored_templates_not_real_transcripts,7,user,I enjoy talking about ideas.
public_02,train,syn_50213f5cee047f075c18145426ebe53a,30,authored_templates_not_real_transcripts,0,assistant,What are you hoping to find?
public_02,train,syn_50213f5cee047f075c18145426ebe53a,30,authored_templates_not_real_transcripts,1,user,I am still working out what I want.
public_02,train,syn_50213f5cee047f075c18145426ebe53a,30,authored_templates_not_real_transcripts,2,assistant,What pace feels comfortable?
public_02,train,syn_50213f5cee047f075c18145426ebe53a,30,authored_templates_not_real_transcripts,3,user,I prefer to get to know someone gradually.
public_02,train,syn_50213f5cee047f075c18145426ebe53a,30,authored_templates_not_real_transcripts,4,assistant,How do you tend to spend free time?
public_02,train,syn_50213f5cee047f075c18145426ebe53a,30,authored_templates_not_real_transcripts,5,user,I like a mixture of quiet time and seeing people.
public_02,train,syn_50213f5cee047f075c18145426ebe53a,30,authored_templates_not_real_transcripts,6,assistant,What kinds of conversation do you enjoy?
public_02,train,syn_50213f5cee047f075c18145426ebe53a,30,authored_templates_not_real_transcripts,7,user,I like a playful conversation.
public_02,train,syn_5901d252ec94242330ca03c8dfdc084c,30,authored_templates_not_real_transcripts,0,assistant,What are you hoping to find?
public_02,train,syn_5901d252ec94242330ca03c8dfdc084c,30,authored_templates_not_real_transcripts,1,user,I am still working out what I want.
public_02,train,syn_5901d252ec94242330ca03c8dfdc084c,30,authored_templates_not_real_transcripts,2,assistant,What pace feels comfortable?
public_02,train,syn_5901d252ec94242330ca03c8dfdc084c,30,authored_templates_not_real_transcripts,3,user,A steady pace suits me.
public_02,train,syn_5901d252ec94242330ca03c8dfdc084c,30,authored_templates_not_real_transcripts,4,assistant,How do you tend to spend free time?
public_02,train,syn_5901d252ec94242330ca03c8dfdc084c,30,authored_templates_not_real_transcripts,5,user,I enjoy having plans with people.
public_02,train,syn_5901d252ec94242330ca03c8dfdc084c,30,authored_templates_not_real_transcripts,6,assistant,What kinds of conversation do you enjoy?
public_02,train,syn_5901d252ec94242330ca03c8dfdc084c,30,authored_templates_not_real_transcripts,7,user,I like a playful conversation.
public_02,train,syn_62e304f504711817d2011ad625bc5f44,30,authored_templates_not_real_transcripts,0,assistant,What are you hoping to find?
public_02,train,syn_62e304f504711817d2011ad625bc5f44,30,authored_templates_not_real_transcripts,1,user,I am still working out what I want.
public_02,train,syn_62e304f504711817d2011ad625bc5f44,30,authored_templates_not_real_transcripts,2,assistant,What pace feels comfortable?
public_02,train,syn_62e304f504711817d2011ad625bc5f44,30,authored_templates_not_real_transcripts,3,user,I prefer to get to know someone gradually.
public_02,train,syn_62e304f504711817d2011ad625bc5f44,30,authored_templates_not_real_transcripts,4,assistant,How do you tend to spend free time?
public_02,train,syn_62e304f504711817d2011ad625bc5f44,30,authored_templates_not_real_transcripts,5,user,I like a mixture of quiet time and seeing people.
public_02,train,syn_62e304f504711817d2011ad625bc5f44,30,authored_templates_not_real_transcripts,6,assistant,What kinds of conversation do you enjoy?
public_02,train,syn_62e304f504711817d2011ad625bc5f44,30,authored_templates_not_real_transcripts,7,user,I enjoy working through practical questions.
public_02,train,syn_4387e89fdb0f8be8ba5e37551b474d67,30,authored_templates_not_real_transcripts,0,assistant,What are you hoping to find?
public_02,train,syn_4387e89fdb0f8be8ba5e37551b474d67,30,authored_templates_not_real_transcripts,1,user,I would like to build a lasting relationship.
public_02,train,syn_4387e89fdb0f8be8ba5e37551b474d67,30,authored_templates_not_real_transcripts,2,assistant,What pace feels comfortable?
public_02,train,syn_4387e89fdb0f8be8ba5e37551b474d67,30,authored_templates_not_real_transcripts,3,user,A steady pace suits me.
public_02,train,syn_4387e89fdb0f8be8ba5e37551b474d67,30,authored_templates_not_real_transcripts,4,assistant,How do you tend to spend free time?
public_02,train,syn_4387e89fdb0f8be8ba5e37551b474d67,30,authored_templates_not_real_transcripts,5,user,I usually prefer a quiet evening.
public_02,train,syn_4387e89fdb0f8be8ba5e37551b474d67,30,authored_templates_not_real_transcripts,6,assistant,What kinds of conversation do you enjoy?
public_02,train,syn_4387e89fdb0f8be8ba5e37551b474d67,30,authored_templates_not_real_transcripts,7,user,I like hearing the stories behind things.
public_02,train,syn_a8ff62b39ba2a8e4e6f2b6419d1e634c,30,authored_templates_not_real_transcripts,0,assistant,What kinds of conversation do you enjoy?
public_02,train,syn_a8ff62b39ba2a8e4e6f2b6419d1e634c,30,authored_templates_not_real_transcripts,1,user,I enjoy working through practical questions.
public_02,train,syn_08889d341382d1f0e53a00cd61784d6e,30,authored_templates_not_real_transcripts,0,assistant,What pace feels comfortable?
public_02,train,syn_08889d341382d1f0e53a00cd61784d6e,30,authored_templates_not_real_transcripts,1,user,A steady pace suits me.
public_02,train,syn_6c101d0c0419fad1242321449cd59682,30,authored_templates_not_real_transcripts,0,assistant,What are you hoping to find?
public_02,train,syn_6c101d0c0419fad1242321449cd59682,30,authored_templates_not_real_transcripts,1,user,I would like to build a lasting relationship.
public_02,train,syn_6c101d0c0419fad1242321449cd59682,30,authored_templates_not_real_transcripts,2,assistant,What pace feels comfortable?
public_02,train,syn_6c101d0c0419fad1242321449cd59682,30,authored_templates_not_real_transcripts,3,user,I prefer to get to know someone gradually.
public_02,train,syn_6c101d0c0419fad1242321449cd59682,30,authored_templates_not_real_transcripts,4,assistant,How do you tend to spend free time?
public_02,train,syn_6c101d0c0419fad1242321449cd59682,30,authored_templates_not_real_transcripts,5,user,I usually prefer a quiet evening.
public_02,train,syn_6c101d0c0419fad1242321449cd59682,30,authored_templates_not_real_transcripts,6,assistant,What kinds of conversation do you enjoy?
public_02,train,syn_6c101d0c0419fad1242321449cd59682,30,authored_templates_not_real_transcripts,7,user,I like hearing the stories behind things.
public_02,train,syn_e020dbb760480234a92c6002015355b2,30,authored_templates_not_real_transcripts,0,assistant,What are you hoping to find?
public_02,train,syn_e020dbb760480234a92c6002015355b2,30,authored_templates_not_real_transcripts,1,user,I would like to build a lasting relationship.
public_02,train,syn_e020dbb760480234a92c6002015355b2,30,authored_templates_not_real_transcripts,2,assistant,What pace feels comfortable?
public_02,train,syn_e020dbb760480234a92c6002015355b2,30,authored_templates_not_real_transcripts,3,user,A steady pace suits me.
public_02,train,syn_e020dbb760480234a92c6002015355b2,30,authored_templates_not_real_transcripts,4,assistant,How do you tend to spend free time?
public_02,train,syn_e020dbb760480234a92c6002015355b2,30,authored_templates_not_real_transcripts,5,user,I like a mixture of quiet time and seeing people.
public_02,train,syn_e020dbb760480234a92c6002015355b2,30,authored_templates_not_real_transcripts,6,assistant,What kinds of conversation do you enjoy?
public_02,train,syn_e020dbb760480234a92c6002015355b2,30,authored_templates_not_real_transcripts,7,user,I enjoy working through practical questions.
public_02,train,syn_322a3beb6ee58311d60a073d85bb468b,30,authored_templates_not_real_transcripts,0,assistant,What are you hoping to find?
public_02,train,syn_322a3beb6ee58311d60a073d85bb468b,30,authored_templates_not_real_transcripts,1,user,I would like to build a lasting relationship.
public_02,train,syn_6f4b95e99ced6c74c7323ce1a51e3f90,30,authored_templates_not_real_transcripts,0,assistant,What are you hoping to find?
public_02,train,syn_6f4b95e99ced6c74c7323ce1a51e3f90,30,authored_templates_not_real_transcripts,1,user,I am still working out what I want.
public_02,train,syn_6f4b95e99ced6c74c7323ce1a51e3f90,30,authored_templates_not_real_transcripts,2,assistant,What pace feels comfortable?
public_02,train,syn_6f4b95e99ced6c74c7323ce1a51e3f90,30,authored_templates_not_real_transcripts,3,user,A steady pace suits me.
public_02,train,syn_6f4b95e99ced6c74c7323ce1a51e3f90,30,authored_templates_not_real_transcripts,4,assistant,How do you tend to spend free time?
public_02,train,syn_6f4b95e99ced6c74c7323ce1a51e3f90,30,authored_templates_not_real_transcripts,5,user,I like a mixture of quiet time and seeing people.
public_02,train,syn_6f4b95e99ced6c74c7323ce1a51e3f90,30,authored_templates_not_real_transcripts,6,assistant,What kinds of conversation do you enjoy?
public_02,train,syn_6f4b95e99ced6c74c7323ce1a51e3f90,30,authored_templates_not_real_transcripts,7,user,I like hearing the stories behind things.
public_02,train,syn_e8e39c781a4ab8dc656bda3d249059d2,30,authored_templates_not_real_transcripts,0,assistant,What are you hoping to find?
public_02,train,syn_e8e39c781a4ab8dc656bda3d249059d2,30,authored_templates_not_real_transcripts,1,user,I would like to build a lasting relationship.
public_02,train,syn_e8e39c781a4ab8dc656bda3d249059d2,30,authored_templates_not_real_transcripts,2,assistant,What pace feels comfortable?
public_02,train,syn_e8e39c781a4ab8dc656bda3d249059d2,30,authored_templates_not_real_transcripts,3,user,I prefer to get to know someone gradually.
public_02,train,syn_e8e39c781a4ab8dc656bda3d249059d2,30,authored_templates_not_real_transcripts,4,assistant,How do you tend to spend free time?
public_02,train,syn_e8e39c781a4ab8dc656bda3d249059d2,30,authored_templates_not_real_transcripts,5,user,I enjoy having plans with people.
public_02,train,syn_e8e39c781a4ab8dc656bda3d249059d2,30,authored_templates_not_real_transcripts,6,assistant,What kinds of conversation do you enjoy?
public_02,train,syn_e8e39c781a4ab8dc656bda3d249059d2,30,authored_templates_not_real_transcripts,7,user,I like hearing the stories behind things.
public_02,train,syn_5659274dc924b6915cfa95b81012dc43,30,authored_templates_not_real_transcripts,0,assistant,What are you hoping to find?
public_02,train,syn_5659274dc924b6915cfa95b81012dc43,30,authored_templates_not_real_transcripts,1,user,I am still working out what I want.
public_02,train,syn_5659274dc924b6915cfa95b81012dc43,30,authored_templates_not_real_transcripts,2,assistant,What pace feels comfortable?
public_02,train,syn_5659274dc924b6915cfa95b81012dc43,30,authored_templates_not_real_transcripts,3,user,I prefer to get to know someone gradually.
public_02,train,syn_5659274dc924b6915cfa95b81012dc43,30,authored_templates_not_real_transcripts,4,assistant,How do you tend to spend free time?
public_02,train,syn_5659274dc924b6915cfa95b81012dc43,30,authored_templates_not_real_transcripts,5,user,I enjoy having plans with people.
public_02,train,syn_5659274dc924b6915cfa95b81012dc43,30,authored_templates_not_real_transcripts,6,assistant,What kinds of conversation do you enjoy?
public_02,train,syn_5659274dc924b6915cfa95b81012dc43,30,authored_templates_not_real_transcripts,7,user,I like a playful conversation.
public_02,train,syn_72266992f7613069c4bd2077804c76a6,30,authored_templates_not_real_transcripts,0,assistant,What are you hoping to find?
public_02,train,syn_72266992f7613069c4bd2077804c76a6,30,authored_templates_not_real_transcripts,1,user,I am still working out what I want.
public_02,train,syn_1ff70ea44da32881e17a2dfea1ff3ca3,30,authored_templates_not_real_transcripts,0,assistant,What pace feels comfortable?
public_02,train,syn_1ff70ea44da32881e17a2dfea1ff3ca3,30,authored_templates_not_real_transcripts,1,user,I am comfortable meeting fairly soon.
public_02,train,syn_e4db9e7aa4d9c689602083f929bd73de,30,authored_templates_not_real_transcripts,0,assistant,What pace feels comfortable?
public_02,train,syn_e4db9e7aa4d9c689602083f929bd73de,30,authored_templates_not_real_transcripts,1,user,I am comfortable meeting fairly soon.
public_02,train,syn_9330dd62ae5cb5c88131d62847ed361f,30,authored_templates_not_real_transcripts,0,assistant,What are you hoping to find?
public_02,train,syn_9330dd62ae5cb5c88131d62847ed361f,30,authored_templates_not_real_transcripts,1,user,I would like to build a lasting relationship.
public_02,train,syn_9330dd62ae5cb5c88131d62847ed361f,30,authored_templates_not_real_transcripts,2,assistant,What pace feels comfortable?
public_02,train,syn_9330dd62ae5cb5c88131d62847ed361f,30,authored_templates_not_real_transcripts,3,user,I prefer to get to know someone gradually.
public_02,train,syn_9330dd62ae5cb5c88131d62847ed361f,30,authored_templates_not_real_transcripts,4,assistant,How do you tend to spend free time?
public_02,train,syn_9330dd62ae5cb5c88131d62847ed361f,30,authored_templates_not_real_transcripts,5,user,I like a mixture of quiet time and seeing people.
public_02,train,syn_9330dd62ae5cb5c88131d62847ed361f,30,authored_templates_not_real_transcripts,6,assistant,What kinds of conversation do you enjoy?
public_02,train,syn_9330dd62ae5cb5c88131d62847ed361f,30,authored_templates_not_real_transcripts,7,user,I enjoy working through practical questions.
public_02,train,syn_e0d820e79c94aea13f5013dc65e8af4f,30,authored_templates_not_real_transcripts,0,assistant,What are you hoping to find?
public_02,train,syn_e0d820e79c94aea13f5013dc65e8af4f,30,authored_templates_not_real_transcripts,1,user,I would like to build a lasting relationship.
public_02,train,syn_e0d820e79c94aea13f5013dc65e8af4f,30,authored_templates_not_real_transcripts,2,assistant,What pace feels comfortable?
public_02,train,syn_e0d820e79c94aea13f5013dc65e8af4f,30,authored_templates_not_real_transcripts,3,user,A steady pace suits me.
public_02,train,syn_e0d820e79c94aea13f5013dc65e8af4f,30,authored_templates_not_real_transcripts,4,assistant,How do you tend to spend free time?
public_02,train,syn_e0d820e79c94aea13f5013dc65e8af4f,30,authored_templates_not_real_transcripts,5,user,I like a mixture of quiet time and seeing people.
public_02,train,syn_e0d820e79c94aea13f5013dc65e8af4f,30,authored_templates_not_real_transcripts,6,assistant,What kinds of conversation do you enjoy?
public_02,train,syn_e0d820e79c94aea13f5013dc65e8af4f,30,authored_templates_not_real_transcripts,7,user,I enjoy talking about ideas.
public_02,train,syn_0ab87caa722fb2ee3902e94e4e4fc075,30,authored_templates_not_real_transcripts,0,assistant,What are you hoping to find?
public_02,train,syn_0ab87caa722fb2ee3902e94e4e4fc075,30,authored_templates_not_real_transcripts,1,user,I am still working out what I want.
public_02,train,syn_0ab87caa722fb2ee3902e94e4e4fc075,30,authored_templates_not_real_transcripts,2,assistant,What pace feels comfortable?
public_02,train,syn_0ab87caa722fb2ee3902e94e4e4fc075,30,authored_templates_not_real_transcripts,3,user,I am comfortable meeting fairly soon.
public_02,train,syn_0ab87caa722fb2ee3902e94e4e4fc075,30,authored_templates_not_real_transcripts,4,assistant,How do you tend to spend free time?
public_02,train,syn_0ab87caa722fb2ee3902e94e4e4fc075,30,authored_templates_not_real_transcripts,5,user,I enjoy having plans with people.
public_02,train,syn_0ab87caa722fb2ee3902e94e4e4fc075,30,authored_templates_not_real_transcripts,6,assistant,What kinds of conversation do you enjoy?
public_02,train,syn_0ab87caa722fb2ee3902e94e4e4fc075,30,authored_templates_not_real_transcripts,7,user,I enjoy talking about ideas.
public_02,train,syn_ec903125e9aaa8d948d4e78ea201cb07,30,authored_templates_not_real_transcripts,0,assistant,What are you hoping to find?
public_02,train,syn_ec903125e9aaa8d948d4e78ea201cb07,30,authored_templates_not_real_transcripts,1,user,I am still working out what I want.
public_02,train,syn_ec903125e9aaa8d948d4e78ea201cb07,30,authored_templates_not_real_transcripts,2,assistant,What pace feels comfortable?
public_02,train,syn_ec903125e9aaa8d948d4e78ea201cb07,30,authored_templates_not_real_transcripts,3,user,I am comfortable meeting fairly soon.
public_02,train,syn_ec903125e9aaa8d948d4e78ea201cb07,30,authored_templates_not_real_transcripts,4,assistant,How do you tend to spend free time?
public_02,train,syn_ec903125e9aaa8d948d4e78ea201cb07,30,authored_templates_not_real_transcripts,5,user,I usually prefer a quiet evening.
public_02,train,syn_ec903125e9aaa8d948d4e78ea201cb07,30,authored_templates_not_real_transcripts,6,assistant,What kinds of conversation do you enjoy?
public_02,train,syn_ec903125e9aaa8d948d4e78ea201cb07,30,authored_templates_not_real_transcripts,7,user,I enjoy working through practical questions.
public_02,train,syn_bb72e1382f72d6699bea34958e30e91a,30,authored_templates_not_real_transcripts,0,assistant,What are you hoping to find?
public_02,train,syn_bb72e1382f72d6699bea34958e30e91a,30,authored_templates_not_real_transcripts,1,user,I would like to build a lasting relationship.
public_02,train,syn_ca5ea29724c34d6be9814bb237c261ac,30,authored_templates_not_real_transcripts,0,assistant,What are you hoping to find?
public_02,train,syn_ca5ea29724c34d6be9814bb237c261ac,30,authored_templates_not_real_transcripts,1,user,I am still working out what I want.
public_02,train,syn_ca5ea29724c34d6be9814bb237c261ac,30,authored_templates_not_real_transcripts,2,assistant,What pace feels comfortable?
public_02,train,syn_ca5ea29724c34d6be9814bb237c261ac,30,authored_templates_not_real_transcripts,3,user,I prefer to get to know someone gradually.
public_02,train,syn_ca5ea29724c34d6be9814bb237c261ac,30,authored_templates_not_real_transcripts,4,assistant,How do you tend to spend free time?
public_02,train,syn_ca5ea29724c34d6be9814bb237c261ac,30,authored_templates_not_real_transcripts,5,user,I usually prefer a quiet evening.
public_02,train,syn_ca5ea29724c34d6be9814bb237c261ac,30,authored_templates_not_real_transcripts,6,assistant,What kinds of conversation do you enjoy?
public_02,train,syn_ca5ea29724c34d6be9814bb237c261ac,30,authored_templates_not_real_transcripts,7,user,I enjoy working through practical questions.
public_02,train,syn_3a86f4a1b6a07735508a880e428bee60,30,authored_templates_not_real_transcripts,0,assistant,What are you hoping to find?
public_02,train,syn_3a86f4a1b6a07735508a880e428bee60,30,authored_templates_not_real_transcripts,1,user,I would like to build a lasting relationship.
public_02,train,syn_3a86f4a1b6a07735508a880e428bee60,30,authored_templates_not_real_transcripts,2,assistant,What pace feels comfortable?
public_02,train,syn_3a86f4a1b6a07735508a880e428bee60,30,authored_templates_not_real_transcripts,3,user,A steady pace suits me.
public_02,train,syn_3a86f4a1b6a07735508a880e428bee60,30,authored_templates_not_real_transcripts,4,assistant,How do you tend to spend free time?
public_02,train,syn_3a86f4a1b6a07735508a880e428bee60,30,authored_templates_not_real_transcripts,5,user,I like a mixture of quiet time and seeing people.
public_02,train,syn_3a86f4a1b6a07735508a880e428bee60,30,authored_templates_not_real_transcripts,6,assistant,What kinds of conversation do you enjoy?
public_02,train,syn_3a86f4a1b6a07735508a880e428bee60,30,authored_templates_not_real_transcripts,7,user,I enjoy talking about ideas.
public_02,train,syn_4ab84b99191db3827b3fd0da0ddb8f98,30,authored_templates_not_real_transcripts,0,assistant,What are you hoping to find?
public_02,train,syn_4ab84b99191db3827b3fd0da0ddb8f98,30,authored_templates_not_real_transcripts,1,user,I would like to build a lasting relationship.
public_02,train,syn_4ab84b99191db3827b3fd0da0ddb8f98,30,authored_templates_not_real_transcripts,2,assistant,What pace feels comfortable?
public_02,train,syn_4ab84b99191db3827b3fd0da0ddb8f98,30,authored_templates_not_real_transcripts,3,user,I prefer to get to know someone gradually.
public_02,train,syn_4ab84b99191db3827b3fd0da0ddb8f98,30,authored_templates_not_real_transcripts,4,assistant,How do you tend to spend free time?
public_02,train,syn_4ab84b99191db3827b3fd0da0ddb8f98,30,authored_templates_not_real_transcripts,5,user,I usually prefer a quiet evening.
public_02,train,syn_4ab84b99191db3827b3fd0da0ddb8f98,30,authored_templates_not_real_transcripts,6,assistant,What kinds of conversation do you enjoy?
public_02,train,syn_4ab84b99191db3827b3fd0da0ddb8f98,30,authored_templates_not_real_transcripts,7,user,I enjoy talking about ideas.
public_02,train,syn_2fbd3840e198b599e291fa285b3b7c5b,30,authored_templates_not_real_transcripts,0,assistant,What are you hoping to find?
public_02,train,syn_2fbd3840e198b599e291fa285b3b7c5b,30,authored_templates_not_real_transcripts,1,user,I would like to build a lasting relationship.
public_02,train,syn_2fbd3840e198b599e291fa285b3b7c5b,30,authored_templates_not_real_transcripts,2,assistant,What pace feels comfortable?
public_02,train,syn_2fbd3840e198b599e291fa285b3b7c5b,30,authored_templates_not_real_transcripts,3,user,I am comfortable meeting fairly soon.
public_02,train,syn_2fbd3840e198b599e291fa285b3b7c5b,30,authored_templates_not_real_transcripts,4,assistant,How do you tend to spend free time?
public_02,train,syn_2fbd3840e198b599e291fa285b3b7c5b,30,authored_templates_not_real_transcripts,5,user,I enjoy having plans with people.
public_02,train,syn_2fbd3840e198b599e291fa285b3b7c5b,30,authored_templates_not_real_transcripts,6,assistant,What kinds of conversation do you enjoy?
public_02,train,syn_2fbd3840e198b599e291fa285b3b7c5b,30,authored_templates_not_real_transcripts,7,user,I like a playful conversation.
public_03,train,syn_dcdc8696243aa3d1ad68138b293638f0,30,authored_templates_not_real_transcripts,0,assistant,What are you hoping to find?
public_03,train,syn_dcdc8696243aa3d1ad68138b293638f0,30,authored_templates_not_real_transcripts,1,user,I would like to build a lasting relationship.
public_03,train,syn_dcdc8696243aa3d1ad68138b293638f0,30,authored_templates_not_real_transcripts,2,assistant,What pace feels comfortable?
public_03,train,syn_dcdc8696243aa3d1ad68138b293638f0,30,authored_templates_not_real_transcripts,3,user,I am comfortable meeting fairly soon.
public_03,train,syn_dcdc8696243aa3d1ad68138b293638f0,30,authored_templates_not_real_transcripts,4,assistant,How do you tend to spend free time?
public_03,train,syn_dcdc8696243aa3d1ad68138b293638f0,30,authored_templates_not_real_transcripts,5,user,I enjoy having plans with people.
public_03,train,syn_dcdc8696243aa3d1ad68138b293638f0,30,authored_templates_not_real_transcripts,6,assistant,What kinds of conversation do you enjoy?
public_03,train,syn_dcdc8696243aa3d1ad68138b293638f0,30,authored_templates_not_real_transcripts,7,user,I enjoy talking about ideas.
public_03,train,syn_42aec0486cbc5204743f8dfe9f84a593,30,authored_templates_not_real_transcripts,0,assistant,What are you hoping to find?
public_03,train,syn_42aec0486cbc5204743f8dfe9f84a593,30,authored_templates_not_real_transcripts,1,user,I would like to build a lasting relationship.
public_03,train,syn_42aec0486cbc5204743f8dfe9f84a593,30,authored_templates_not_real_transcripts,2,assistant,What pace feels comfortable?
public_03,train,syn_42aec0486cbc5204743f8dfe9f84a593,30,authored_templates_not_real_transcripts,3,user,I am comfortable meeting fairly soon.
public_03,train,syn_42aec0486cbc5204743f8dfe9f84a593,30,authored_templates_not_real_transcripts,4,assistant,How do you tend to spend free time?
public_03,train,syn_42aec0486cbc5204743f8dfe9f84a593,30,authored_templates_not_real_transcripts,5,user,I like a mixture of quiet time and seeing people.
public_03,train,syn_42aec0486cbc5204743f8dfe9f84a593,30,authored_templates_not_real_transcripts,6,assistant,What kinds of conversation do you enjoy?
public_03,train,syn_42aec0486cbc5204743f8dfe9f84a593,30,authored_templates_not_real_transcripts,7,user,I enjoy talking about ideas.
public_03,train,syn_2f504bd5b588a9b0d4bff272729156fd,30,authored_templates_not_real_transcripts,0,assistant,What are you hoping to find?
public_03,train,syn_2f504bd5b588a9b0d4bff272729156fd,30,authored_templates_not_real_transcripts,1,user,I would like to build a lasting relationship.
public_03,train,syn_2f504bd5b588a9b0d4bff272729156fd,30,authored_templates_not_real_transcripts,2,assistant,What pace feels comfortable?
public_03,train,syn_2f504bd5b588a9b0d4bff272729156fd,30,authored_templates_not_real_transcripts,3,user,A steady pace suits me.
public_03,train,syn_2f504bd5b588a9b0d4bff272729156fd,30,authored_templates_not_real_transcripts,4,assistant,How do you tend to spend free time?
public_03,train,syn_2f504bd5b588a9b0d4bff272729156fd,30,authored_templates_not_real_transcripts,5,user,I usually prefer a quiet evening.
public_03,train,syn_2f504bd5b588a9b0d4bff272729156fd,30,authored_templates_not_real_transcripts,6,assistant,What kinds of conversation do you enjoy?
public_03,train,syn_2f504bd5b588a9b0d4bff272729156fd,30,authored_templates_not_real_transcripts,7,user,I enjoy working through practical questions.
public_03,train,syn_bb91bac36dd3672742736360616c151d,30,authored_templates_not_real_transcripts,0,assistant,What are you hoping to find?
public_03,train,syn_bb91bac36dd3672742736360616c151d,30,authored_templates_not_real_transcripts,1,user,I am still working out what I want.
public_03,train,syn_bb91bac36dd3672742736360616c151d,30,authored_templates_not_real_transcripts,2,assistant,What pace feels comfortable?
public_03,train,syn_bb91bac36dd3672742736360616c151d,30,authored_templates_not_real_transcripts,3,user,I prefer to get to know someone gradually.
public_03,train,syn_bb91bac36dd3672742736360616c151d,30,authored_templates_not_real_transcripts,4,assistant,How do you tend to spend free time?
public_03,train,syn_bb91bac36dd3672742736360616c151d,30,authored_templates_not_real_transcripts,5,user,I enjoy having plans with people.
public_03,train,syn_bb91bac36dd3672742736360616c151d,30,authored_templates_not_real_transcripts,6,assistant,What kinds of conversation do you enjoy?
public_03,train,syn_bb91bac36dd3672742736360616c151d,30,authored_templates_not_real_transcripts,7,user,I like a playful conversation.
public_03,train,syn_b59e0a652bffeb105fa6543df6f6c60b,30,authored_templates_not_real_transcripts,0,assistant,What are you hoping to find?
public_03,train,syn_b59e0a652bffeb105fa6543df6f6c60b,30,authored_templates_not_real_transcripts,1,user,I would like to build a lasting relationship.
public_03,train,syn_b59e0a652bffeb105fa6543df6f6c60b,30,authored_templates_not_real_transcripts,2,assistant,What pace feels comfortable?
public_03,train,syn_b59e0a652bffeb105fa6543df6f6c60b,30,authored_templates_not_real_transcripts,3,user,I am comfortable meeting fairly soon.
public_03,train,syn_b59e0a652bffeb105fa6543df6f6c60b,30,authored_templates_not_real_transcripts,4,assistant,How do you tend to spend free time?
public_03,train,syn_b59e0a652bffeb105fa6543df6f6c60b,30,authored_templates_not_real_transcripts,5,user,I enjoy having plans with people.
public_03,train,syn_b59e0a652bffeb105fa6543df6f6c60b,30,authored_templates_not_real_transcripts,6,assistant,What kinds of conversation do you enjoy?
public_03,train,syn_b59e0a652bffeb105fa6543df6f6c60b,30,authored_templates_not_real_transcripts,7,user,I like a playful conversation.
public_03,train,syn_7b1b814754ebe2b92df68ab65d19f094,30,authored_templates_not_real_transcripts,0,assistant,What are you hoping to find?
public_03,train,syn_7b1b814754ebe2b92df68ab65d19f094,30,authored_templates_not_real_transcripts,1,user,I am still working out what I want.
public_03,train,syn_7b1b814754ebe2b92df68ab65d19f094,30,authored_templates_not_real_transcripts,2,assistant,What pace feels comfortable?
public_03,train,syn_7b1b814754ebe2b92df68ab65d19f094,30,authored_templates_not_real_transcripts,3,user,I am comfortable meeting fairly soon.
public_03,train,syn_7b1b814754ebe2b92df68ab65d19f094,30,authored_templates_not_real_transcripts,4,assistant,How do you tend to spend free time?
public_03,train,syn_7b1b814754ebe2b92df68ab65d19f094,30,authored_templates_not_real_transcripts,5,user,I enjoy having plans with people.
public_03,train,syn_7b1b814754ebe2b92df68ab65d19f094,30,authored_templates_not_real_transcripts,6,assistant,What kinds of conversation do you enjoy?
public_03,train,syn_7b1b814754ebe2b92df68ab65d19f094,30,authored_templates_not_real_transcripts,7,user,I enjoy working through practical questions.
public_03,train,syn_7c3828503e4440b24990ca50072c482d,30,authored_templates_not_real_transcripts,0,assistant,How do you tend to spend free time?
public_03,train,syn_7c3828503e4440b24990ca50072c482d,30,authored_templates_not_real_transcripts,1,user,I like a mixture of quiet time and seeing people.
public_03,train,syn_d3fa2f57e04f74262945a45190d6209a,30,authored_templates_not_real_transcripts,0,assistant,What are you hoping to find?
public_03,train,syn_d3fa2f57e04f74262945a45190d6209a,30,authored_templates_not_real_transcripts,1,user,I would like to build a lasting relationship.
public_03,train,syn_d3fa2f57e04f74262945a45190d6209a,30,authored_templates_not_real_transcripts,2,assistant,What pace feels comfortable?
public_03,train,syn_d3fa2f57e04f74262945a45190d6209a,30,authored_templates_not_real_transcripts,3,user,I am comfortable meeting fairly soon.
public_03,train,syn_d3fa2f57e04f74262945a45190d6209a,30,authored_templates_not_real_transcripts,4,assistant,How do you tend to spend free time?
public_03,train,syn_d3fa2f57e04f74262945a45190d6209a,30,authored_templates_not_real_transcripts,5,user,I like a mixture of quiet time and seeing people.
public_03,train,syn_d3fa2f57e04f74262945a45190d6209a,30,authored_templates_not_real_transcripts,6,assistant,What kinds of conversation do you enjoy?
public_03,train,syn_d3fa2f57e04f74262945a45190d6209a,30,authored_templates_not_real_transcripts,7,user,I like hearing the stories behind things.
public_03,train,syn_e8b49e741ef8736578a253f88013d9b6,30,authored_templates_not_real_transcripts,0,assistant,What are you hoping to find?
public_03,train,syn_e8b49e741ef8736578a253f88013d9b6,30,authored_templates_not_real_transcripts,1,user,I would like to build a lasting relationship.
public_03,train,syn_e8b49e741ef8736578a253f88013d9b6,30,authored_templates_not_real_transcripts,2,assistant,What pace feels comfortable?
public_03,train,syn_e8b49e741ef8736578a253f88013d9b6,30,authored_templates_not_real_transcripts,3,user,I am comfortable meeting fairly soon.
public_03,train,syn_e8b49e741ef8736578a253f88013d9b6,30,authored_templates_not_real_transcripts,4,assistant,How do you tend to spend free time?
public_03,train,syn_e8b49e741ef8736578a253f88013d9b6,30,authored_templates_not_real_transcripts,5,user,I enjoy having plans with people.
public_03,train,syn_e8b49e741ef8736578a253f88013d9b6,30,authored_templates_not_real_transcripts,6,assistant,What kinds of conversation do you enjoy?
public_03,train,syn_e8b49e741ef8736578a253f88013d9b6,30,authored_templates_not_real_transcripts,7,user,I enjoy talking about ideas.
public_03,train,syn_28b646d4755faddc39a51bd9fdcb41b5,30,authored_templates_not_real_transcripts,0,assistant,What are you hoping to find?
public_03,train,syn_28b646d4755faddc39a51bd9fdcb41b5,30,authored_templates_not_real_transcripts,1,user,I am still working out what I want.
public_03,train,syn_28b646d4755faddc39a51bd9fdcb41b5,30,authored_templates_not_real_transcripts,2,assistant,What pace feels comfortable?
public_03,train,syn_28b646d4755faddc39a51bd9fdcb41b5,30,authored_templates_not_real_transcripts,3,user,I am comfortable meeting fairly soon.
public_03,train,syn_28b646d4755faddc39a51bd9fdcb41b5,30,authored_templates_not_real_transcripts,4,assistant,How do you tend to spend free time?
public_03,train,syn_28b646d4755faddc39a51bd9fdcb41b5,30,authored_templates_not_real_transcripts,5,user,I usually prefer a quiet evening.
public_03,train,syn_28b646d4755faddc39a51bd9fdcb41b5,30,authored_templates_not_real_transcripts,6,assistant,What kinds of conversation do you enjoy?
public_03,train,syn_28b646d4755faddc39a51bd9fdcb41b5,30,authored_templates_not_real_transcripts,7,user,I like hearing the stories behind things.
public_03,train,syn_8f39a65287b445d3ccf69246a7619568,30,authored_templates_not_real_transcripts,0,assistant,What are you hoping to find?
public_03,train,syn_8f39a65287b445d3ccf69246a7619568,30,authored_templates_not_real_transcripts,1,user,I would like to build a lasting relationship.
public_03,train,syn_8f39a65287b445d3ccf69246a7619568,30,authored_templates_not_real_transcripts,2,assistant,What pace feels comfortable?
public_03,train,syn_8f39a65287b445d3ccf69246a7619568,30,authored_templates_not_real_transcripts,3,user,I am comfortable meeting fairly soon.
public_03,train,syn_8f39a65287b445d3ccf69246a7619568,30,authored_templates_not_real_transcripts,4,assistant,How do you tend to spend free time?
public_03,train,syn_8f39a65287b445d3ccf69246a7619568,30,authored_templates_not_real_transcripts,5,user,I usually prefer a quiet evening.
public_03,train,syn_8f39a65287b445d3ccf69246a7619568,30,authored_templates_not_real_transcripts,6,assistant,What kinds of conversation do you enjoy?
public_03,train,syn_8f39a65287b445d3ccf69246a7619568,30,authored_templates_not_real_transcripts,7,user,I like a playful conversation.
public_03,train,syn_3637fbccbb14fb1f18b8b137c4ccaa9c,30,authored_templates_not_real_transcripts,0,assistant,What are you hoping to find?
public_03,train,syn_3637fbccbb14fb1f18b8b137c4ccaa9c,30,authored_templates_not_real_transcripts,1,user,I am still working out what I want.
public_03,train,syn_a705c593e6e69e8c4a02d9d99ba7d9f7,30,authored_templates_not_real_transcripts,0,assistant,What are you hoping to find?
public_03,train,syn_a705c593e6e69e8c4a02d9d99ba7d9f7,30,authored_templates_not_real_transcripts,1,user,I am still working out what I want.
public_03,train,syn_a705c593e6e69e8c4a02d9d99ba7d9f7,30,authored_templates_not_real_transcripts,2,assistant,What pace feels comfortable?
public_03,train,syn_a705c593e6e69e8c4a02d9d99ba7d9f7,30,authored_templates_not_real_transcripts,3,user,I am comfortable meeting fairly soon.
public_03,train,syn_a705c593e6e69e8c4a02d9d99ba7d9f7,30,authored_templates_not_real_transcripts,4,assistant,How do you tend to spend free time?
public_03,train,syn_a705c593e6e69e8c4a02d9d99ba7d9f7,30,authored_templates_not_real_transcripts,5,user,I like a mixture of quiet time and seeing people.
public_03,train,syn_a705c593e6e69e8c4a02d9d99ba7d9f7,30,authored_templates_not_real_transcripts,6,assistant,What kinds of conversation do you enjoy?
public_03,train,syn_a705c593e6e69e8c4a02d9d99ba7d9f7,30,authored_templates_not_real_transcripts,7,user,I enjoy working through practical questions.
public_03,train,syn_067bef50ba8a903e4812182d8eea6fb6,30,authored_templates_not_real_transcripts,0,assistant,What kinds of conversation do you enjoy?
public_03,train,syn_067bef50ba8a903e4812182d8eea6fb6,30,authored_templates_not_real_transcripts,1,user,I like a playful conversation.
public_03,train,syn_0c2dd027663191e311119a2c266d1e2b,30,authored_templates_not_real_transcripts,0,assistant,What are you hoping to find?
public_03,train,syn_0c2dd027663191e311119a2c266d1e2b,30,authored_templates_not_real_transcripts,1,user,I am still working out what I want.
public_03,train,syn_0c2dd027663191e311119a2c266d1e2b,30,authored_templates_not_real_transcripts,2,assistant,What pace feels comfortable?
public_03,train,syn_0c2dd027663191e311119a2c266d1e2b,30,authored_templates_not_real_transcripts,3,user,I prefer to get to know someone gradually.
public_03,train,syn_0c2dd027663191e311119a2c266d1e2b,30,authored_templates_not_real_transcripts,4,assistant,How do you tend to spend free time?
public_03,train,syn_0c2dd027663191e311119a2c266d1e2b,30,authored_templates_not_real_transcripts,5,user,I like a mixture of quiet time and seeing people.
public_03,train,syn_0c2dd027663191e311119a2c266d1e2b,30,authored_templates_not_real_transcripts,6,assistant,What kinds of conversation do you enjoy?
public_03,train,syn_0c2dd027663191e311119a2c266d1e2b,30,authored_templates_not_real_transcripts,7,user,I like a playful conversation.
public_03,train,syn_741f26efda3029eb4635b6c48a55409b,30,authored_templates_not_real_transcripts,0,assistant,What are you hoping to find?
public_03,train,syn_741f26efda3029eb4635b6c48a55409b,30,authored_templates_not_real_transcripts,1,user,I am still working out what I want.
public_03,train,syn_741f26efda3029eb4635b6c48a55409b,30,authored_templates_not_real_transcripts,2,assistant,What pace feels comfortable?
public_03,train,syn_741f26efda3029eb4635b6c48a55409b,30,authored_templates_not_real_transcripts,3,user,A steady pace suits me.
public_03,train,syn_741f26efda3029eb4635b6c48a55409b,30,authored_templates_not_real_transcripts,4,assistant,How do you tend to spend free time?
public_03,train,syn_741f26efda3029eb4635b6c48a55409b,30,authored_templates_not_real_transcripts,5,user,I usually prefer a quiet evening.
public_03,train,syn_741f26efda3029eb4635b6c48a55409b,30,authored_templates_not_real_transcripts,6,assistant,What kinds of conversation do you enjoy?
public_03,train,syn_741f26efda3029eb4635b6c48a55409b,30,authored_templates_not_real_transcripts,7,user,I like hearing the stories behind things.
public_03,train,syn_a721ac357309768d3e1ddd94c6c9fef2,30,authored_templates_not_real_transcripts,0,assistant,What are you hoping to find?
public_03,train,syn_a721ac357309768d3e1ddd94c6c9fef2,30,authored_templates_not_real_transcripts,1,user,I am still working out what I want.
public_03,train,syn_a721ac357309768d3e1ddd94c6c9fef2,30,authored_templates_not_real_transcripts,2,assistant,What pace feels comfortable?
public_03,train,syn_a721ac357309768d3e1ddd94c6c9fef2,30,authored_templates_not_real_transcripts,3,user,I am comfortable meeting fairly soon.
public_03,train,syn_a721ac357309768d3e1ddd94c6c9fef2,30,authored_templates_not_real_transcripts,4,assistant,How do you tend to spend free time?
public_03,train,syn_a721ac357309768d3e1ddd94c6c9fef2,30,authored_templates_not_real_transcripts,5,user,I enjoy having plans with people.
public_03,train,syn_a721ac357309768d3e1ddd94c6c9fef2,30,authored_templates_not_real_transcripts,6,assistant,What kinds of conversation do you enjoy?
public_03,train,syn_a721ac357309768d3e1ddd94c6c9fef2,30,authored_templates_not_real_transcripts,7,user,I enjoy talking about ideas.
public_03,train,syn_b6fbb8ff4cd880418e162d8d627e308b,30,authored_templates_not_real_transcripts,0,assistant,What are you hoping to find?
public_03,train,syn_b6fbb8ff4cd880418e162d8d627e308b,30,authored_templates_not_real_transcripts,1,user,I would like to build a lasting relationship.
public_03,train,syn_b6fbb8ff4cd880418e162d8d627e308b,30,authored_templates_not_real_transcripts,2,assistant,What pace feels comfortable?
public_03,train,syn_b6fbb8ff4cd880418e162d8d627e308b,30,authored_templates_not_real_transcripts,3,user,I prefer to get to know someone gradually.
public_03,train,syn_b6fbb8ff4cd880418e162d8d627e308b,30,authored_templates_not_real_transcripts,4,assistant,How do you tend to spend free time?
public_03,train,syn_b6fbb8ff4cd880418e162d8d627e308b,30,authored_templates_not_real_transcripts,5,user,I like a mixture of quiet time and seeing people.
public_03,train,syn_b6fbb8ff4cd880418e162d8d627e308b,30,authored_templates_not_real_transcripts,6,assistant,What kinds of conversation do you enjoy?
public_03,train,syn_b6fbb8ff4cd880418e162d8d627e308b,30,authored_templates_not_real_transcripts,7,user,I enjoy working through practical questions.
public_03,train,syn_19ffe86a38a726abfc6bee1422d2f5d6,30,authored_templates_not_real_transcripts,0,assistant,What are you hoping to find?
public_03,train,syn_19ffe86a38a726abfc6bee1422d2f5d6,30,authored_templates_not_real_transcripts,1,user,I am still working out what I want.
public_03,train,syn_19ffe86a38a726abfc6bee1422d2f5d6,30,authored_templates_not_real_transcripts,2,assistant,What pace feels comfortable?
public_03,train,syn_19ffe86a38a726abfc6bee1422d2f5d6,30,authored_templates_not_real_transcripts,3,user,I prefer to get to know someone gradually.
public_03,train,syn_19ffe86a38a726abfc6bee1422d2f5d6,30,authored_templates_not_real_transcripts,4,assistant,How do you tend to spend free time?
public_03,train,syn_19ffe86a38a726abfc6bee1422d2f5d6,30,authored_templates_not_real_transcripts,5,user,I usually prefer a quiet evening.
public_03,train,syn_19ffe86a38a726abfc6bee1422d2f5d6,30,authored_templates_not_real_transcripts,6,assistant,What kinds of conversation do you enjoy?
public_03,train,syn_19ffe86a38a726abfc6bee1422d2f5d6,30,authored_templates_not_real_transcripts,7,user,I enjoy talking about ideas.
public_03,train,syn_071555ccecf51780019691f655ee73b3,30,authored_templates_not_real_transcripts,0,assistant,What are you hoping to find?
public_03,train,syn_071555ccecf51780019691f655ee73b3,30,authored_templates_not_real_transcripts,1,user,I am still working out what I want.
public_03,train,syn_071555ccecf51780019691f655ee73b3,30,authored_templates_not_real_transcripts,2,assistant,What pace feels comfortable?
public_03,train,syn_071555ccecf51780019691f655ee73b3,30,authored_templates_not_real_transcripts,3,user,I prefer to get to know someone gradually.
public_03,train,syn_071555ccecf51780019691f655ee73b3,30,authored_templates_not_real_transcripts,4,assistant,How do you tend to spend free time?
public_03,train,syn_071555ccecf51780019691f655ee73b3,30,authored_templates_not_real_transcripts,5,user,I usually prefer a quiet evening.
public_03,train,syn_071555ccecf51780019691f655ee73b3,30,authored_templates_not_real_transcripts,6,assistant,What kinds of conversation do you enjoy?
public_03,train,syn_071555ccecf51780019691f655ee73b3,30,authored_templates_not_real_transcripts,7,user,I like a playful conversation.
public_03,train,syn_fc8360d457849bbaafe1dc47fe3cfb15,30,authored_templates_not_real_transcripts,0,assistant,What are you hoping to find?
public_03,train,syn_fc8360d457849bbaafe1dc47fe3cfb15,30,authored_templates_not_real_transcripts,1,user,I would like to build a lasting relationship.
public_03,train,syn_fc8360d457849bbaafe1dc47fe3cfb15,30,authored_templates_not_real_transcripts,2,assistant,What pace feels comfortable?
public_03,train,syn_fc8360d457849bbaafe1dc47fe3cfb15,30,authored_templates_not_real_transcripts,3,user,I am comfortable meeting fairly soon.
public_03,train,syn_fc8360d457849bbaafe1dc47fe3cfb15,30,authored_templates_not_real_transcripts,4,assistant,How do you tend to spend free time?
public_03,train,syn_fc8360d457849bbaafe1dc47fe3cfb15,30,authored_templates_not_real_transcripts,5,user,I enjoy having plans with people.
public_03,train,syn_fc8360d457849bbaafe1dc47fe3cfb15,30,authored_templates_not_real_transcripts,6,assistant,What kinds of conversation do you enjoy?
public_03,train,syn_fc8360d457849bbaafe1dc47fe3cfb15,30,authored_templates_not_real_transcripts,7,user,I like hearing the stories behind things.
public_03,train,syn_fd6cf87ce4b851c5e41c04c149e54ed0,30,authored_templates_not_real_transcripts,0,assistant,What are you hoping to find?
public_03,train,syn_fd6cf87ce4b851c5e41c04c149e54ed0,30,authored_templates_not_real_transcripts,1,user,I am still working out what I want.
public_03,train,syn_fd6cf87ce4b851c5e41c04c149e54ed0,30,authored_templates_not_real_transcripts,2,assistant,What pace feels comfortable?
public_03,train,syn_fd6cf87ce4b851c5e41c04c149e54ed0,30,authored_templates_not_real_transcripts,3,user,I am comfortable meeting fairly soon.
public_03,train,syn_fd6cf87ce4b851c5e41c04c149e54ed0,30,authored_templates_not_real_transcripts,4,assistant,How do you tend to spend free time?
public_03,train,syn_fd6cf87ce4b851c5e41c04c149e54ed0,30,authored_templates_not_real_transcripts,5,user,I usually prefer a quiet evening.
public_03,train,syn_fd6cf87ce4b851c5e41c04c149e54ed0,30,authored_templates_not_real_transcripts,6,assistant,What kinds of conversation do you enjoy?
public_03,train,syn_fd6cf87ce4b851c5e41c04c149e54ed0,30,authored_templates_not_real_transcripts,7,user,I like hearing the stories behind things.
public_03,train,syn_e595e56f585f80edbe73bdf276701c2d,30,authored_templates_not_real_transcripts,0,assistant,What are you hoping to find?
public_03,train,syn_e595e56f585f80edbe73bdf276701c2d,30,authored_templates_not_real_transcripts,1,user,I would like to build a lasting relationship.
public_03,train,syn_e595e56f585f80edbe73bdf276701c2d,30,authored_templates_not_real_transcripts,2,assistant,What pace feels comfortable?
public_03,train,syn_e595e56f585f80edbe73bdf276701c2d,30,authored_templates_not_real_transcripts,3,user,I am comfortable meeting fairly soon.
public_03,train,syn_e595e56f585f80edbe73bdf276701c2d,30,authored_templates_not_real_transcripts,4,assistant,How do you tend to spend free time?
public_03,train,syn_e595e56f585f80edbe73bdf276701c2d,30,authored_templates_not_real_transcripts,5,user,I usually prefer a quiet evening.
public_03,train,syn_e595e56f585f80edbe73bdf276701c2d,30,authored_templates_not_real_transcripts,6,assistant,What kinds of conversation do you enjoy?
public_03,train,syn_e595e56f585f80edbe73bdf276701c2d,30,authored_templates_not_real_transcripts,7,user,I enjoy talking about ideas.
public_03,train,syn_2b7bf2bfe86bdfff39c4e794ae6b1f7f,30,authored_templates_not_real_transcripts,0,assistant,What are you hoping to find?
public_03,train,syn_2b7bf2bfe86bdfff39c4e794ae6b1f7f,30,authored_templates_not_real_transcripts,1,user,I am still working out what I want.
public_03,train,syn_2b7bf2bfe86bdfff39c4e794ae6b1f7f,30,authored_templates_not_real_transcripts,2,assistant,What pace feels comfortable?
public_03,train,syn_2b7bf2bfe86bdfff39c4e794ae6b1f7f,30,authored_templates_not_real_transcripts,3,user,I am comfortable meeting fairly soon.
public_03,train,syn_2b7bf2bfe86bdfff39c4e794ae6b1f7f,30,authored_templates_not_real_transcripts,4,assistant,How do you tend to spend free time?
public_03,train,syn_2b7bf2bfe86bdfff39c4e794ae6b1f7f,30,authored_templates_not_real_transcripts,5,user,I usually prefer a quiet evening.
public_03,train,syn_2b7bf2bfe86bdfff39c4e794ae6b1f7f,30,authored_templates_not_real_transcripts,6,assistant,What kinds of conversation do you enjoy?
public_03,train,syn_2b7bf2bfe86bdfff39c4e794ae6b1f7f,30,authored_templates_not_real_transcripts,7,user,I like hearing the stories behind things.
public_03,train,syn_f0b3737a63de7597108e36583367bbb7,30,authored_templates_not_real_transcripts,0,assistant,What are you hoping to find?
public_03,train,syn_f0b3737a63de7597108e36583367bbb7,30,authored_templates_not_real_transcripts,1,user,I am still working out what I want.
public_03,train,syn_f0b3737a63de7597108e36583367bbb7,30,authored_templates_not_real_transcripts,2,assistant,What pace feels comfortable?
public_03,train,syn_f0b3737a63de7597108e36583367bbb7,30,authored_templates_not_real_transcripts,3,user,I am comfortable meeting fairly soon.
public_03,train,syn_f0b3737a63de7597108e36583367bbb7,30,authored_templates_not_real_transcripts,4,assistant,How do you tend to spend free time?
public_03,train,syn_f0b3737a63de7597108e36583367bbb7,30,authored_templates_not_real_transcripts,5,user,I like a mixture of quiet time and seeing people.
public_03,train,syn_f0b3737a63de7597108e36583367bbb7,30,authored_templates_not_real_transcripts,6,assistant,What kinds of conversation do you enjoy?
public_03,train,syn_f0b3737a63de7597108e36583367bbb7,30,authored_templates_not_real_transcripts,7,user,I like a playful conversation.
public_03,train,syn_e595988d243a7c36fda54e814a26abd3,30,authored_templates_not_real_transcripts,0,assistant,What are you hoping to find?
public_03,train,syn_e595988d243a7c36fda54e814a26abd3,30,authored_templates_not_real_transcripts,1,user,I would like to build a lasting relationship.
public_03,train,syn_e595988d243a7c36fda54e814a26abd3,30,authored_templates_not_real_transcripts,2,assistant,What pace feels comfortable?
public_03,train,syn_e595988d243a7c36fda54e814a26abd3,30,authored_templates_not_real_transcripts,3,user,I am comfortable meeting fairly soon.
public_03,train,syn_e595988d243a7c36fda54e814a26abd3,30,authored_templates_not_real_transcripts,4,assistant,How do you tend to spend free time?
public_03,train,syn_e595988d243a7c36fda54e814a26abd3,30,authored_templates_not_real_transcripts,5,user,I usually prefer a quiet evening.
public_03,train,syn_e595988d243a7c36fda54e814a26abd3,30,authored_templates_not_real_transcripts,6,assistant,What kinds of conversation do you enjoy?
public_03,train,syn_e595988d243a7c36fda54e814a26abd3,30,authored_templates_not_real_transcripts,7,user,I enjoy talking about ideas.
public_03,train,syn_09aef24c177ecc157fc1d4e3d3740f55,30,authored_templates_not_real_transcripts,0,assistant,What are you hoping to find?
public_03,train,syn_09aef24c177ecc157fc1d4e3d3740f55,30,authored_templates_not_real_transcripts,1,user,I am still working out what I want.
public_03,train,syn_09aef24c177ecc157fc1d4e3d3740f55,30,authored_templates_not_real_transcripts,2,assistant,What pace feels comfortable?
public_03,train,syn_09aef24c177ecc157fc1d4e3d3740f55,30,authored_templates_not_real_transcripts,3,user,I prefer to get to know someone gradually.
public_03,train,syn_09aef24c177ecc157fc1d4e3d3740f55,30,authored_templates_not_real_transcripts,4,assistant,How do you tend to spend free time?
public_03,train,syn_09aef24c177ecc157fc1d4e3d3740f55,30,authored_templates_not_real_transcripts,5,user,I usually prefer a quiet evening.
public_03,train,syn_09aef24c177ecc157fc1d4e3d3740f55,30,authored_templates_not_real_transcripts,6,assistant,What kinds of conversation do you enjoy?
public_03,train,syn_09aef24c177ecc157fc1d4e3d3740f55,30,authored_templates_not_real_transcripts,7,user,I enjoy working through practical questions.
public_03,train,syn_1db309650b9749f47643c3688b0ee491,30,authored_templates_not_real_transcripts,0,assistant,What kinds of conversation do you enjoy?
public_03,train,syn_1db309650b9749f47643c3688b0ee491,30,authored_templates_not_real_transcripts,1,user,I enjoy talking about ideas.
public_03,train,syn_190acf320563482cc763b2553f78ccfc,30,authored_templates_not_real_transcripts,0,assistant,What are you hoping to find?
public_03,train,syn_190acf320563482cc763b2553f78ccfc,30,authored_templates_not_real_transcripts,1,user,I would like to build a lasting relationship.
public_03,train,syn_190acf320563482cc763b2553f78ccfc,30,authored_templates_not_real_transcripts,2,assistant,What pace feels comfortable?
public_03,train,syn_190acf320563482cc763b2553f78ccfc,30,authored_templates_not_real_transcripts,3,user,I am comfortable meeting fairly soon.
public_03,train,syn_190acf320563482cc763b2553f78ccfc,30,authored_templates_not_real_transcripts,4,assistant,How do you tend to spend free time?
public_03,train,syn_190acf320563482cc763b2553f78ccfc,30,authored_templates_not_real_transcripts,5,user,I like a mixture of quiet time and seeing people.
public_03,train,syn_190acf320563482cc763b2553f78ccfc,30,authored_templates_not_real_transcripts,6,assistant,What kinds of conversation do you enjoy?
public_03,train,syn_190acf320563482cc763b2553f78ccfc,30,authored_templates_not_real_transcripts,7,user,I enjoy talking about ideas.
public_03,train,syn_543bac12658edc62527c06aae80e258d,30,authored_templates_not_real_transcripts,0,assistant,What are you hoping to find?
public_03,train,syn_543bac12658edc62527c06aae80e258d,30,authored_templates_not_real_transcripts,1,user,I would like to build a lasting relationship.
public_03,train,syn_543bac12658edc62527c06aae80e258d,30,authored_templates_not_real_transcripts,2,assistant,What pace feels comfortable?
public_03,train,syn_543bac12658edc62527c06aae80e258d,30,authored_templates_not_real_transcripts,3,user,I am comfortable meeting fairly soon.
public_03,train,syn_543bac12658edc62527c06aae80e258d,30,authored_templates_not_real_transcripts,4,assistant,How do you tend to spend free time?
public_03,train,syn_543bac12658edc62527c06aae80e258d,30,authored_templates_not_real_transcripts,5,user,I enjoy having plans with people.
public_03,train,syn_543bac12658edc62527c06aae80e258d,30,authored_templates_not_real_transcripts,6,assistant,What kinds of conversation do you enjoy?
public_03,train,syn_543bac12658edc62527c06aae80e258d,30,authored_templates_not_real_transcripts,7,user,I like hearing the stories behind things.
public_03,train,syn_7b785ad8eb8c6e85f30cfd47cd6adaf1,30,authored_templates_not_real_transcripts,0,assistant,What are you hoping to find?
public_03,train,syn_7b785ad8eb8c6e85f30cfd47cd6adaf1,30,authored_templates_not_real_transcripts,1,user,I would like to build a lasting relationship.
public_03,train,syn_7b785ad8eb8c6e85f30cfd47cd6adaf1,30,authored_templates_not_real_transcripts,2,assistant,What pace feels comfortable?
public_03,train,syn_7b785ad8eb8c6e85f30cfd47cd6adaf1,30,authored_templates_not_real_transcripts,3,user,I prefer to get to know someone gradually.
public_03,train,syn_7b785ad8eb8c6e85f30cfd47cd6adaf1,30,authored_templates_not_real_transcripts,4,assistant,How do you tend to spend free time?
public_03,train,syn_7b785ad8eb8c6e85f30cfd47cd6adaf1,30,authored_templates_not_real_transcripts,5,user,I enjoy having plans with people.
public_03,train,syn_7b785ad8eb8c6e85f30cfd47cd6adaf1,30,authored_templates_not_real_transcripts,6,assistant,What kinds of conversation do you enjoy?
public_03,train,syn_7b785ad8eb8c6e85f30cfd47cd6adaf1,30,authored_templates_not_real_transcripts,7,user,I like a playful conversation.
public_03,train,syn_b7f3ce4fbc9704d8bcfee59cfe0b92c8,30,authored_templates_not_real_transcripts,0,assistant,What are you hoping to find?
public_03,train,syn_b7f3ce4fbc9704d8bcfee59cfe0b92c8,30,authored_templates_not_real_transcripts,1,user,I would like to build a lasting relationship.
public_03,train,syn_b7f3ce4fbc9704d8bcfee59cfe0b92c8,30,authored_templates_not_real_transcripts,2,assistant,What pace feels comfortable?
public_03,train,syn_b7f3ce4fbc9704d8bcfee59cfe0b92c8,30,authored_templates_not_real_transcripts,3,user,I prefer to get to know someone gradually.
public_03,train,syn_b7f3ce4fbc9704d8bcfee59cfe0b92c8,30,authored_templates_not_real_transcripts,4,assistant,How do you tend to spend free time?
public_03,train,syn_b7f3ce4fbc9704d8bcfee59cfe0b92c8,30,authored_templates_not_real_transcripts,5,user,I like a mixture of quiet time and seeing people.
public_03,train,syn_b7f3ce4fbc9704d8bcfee59cfe0b92c8,30,authored_templates_not_real_transcripts,6,assistant,What kinds of conversation do you enjoy?
public_03,train,syn_b7f3ce4fbc9704d8bcfee59cfe0b92c8,30,authored_templates_not_real_transcripts,7,user,I enjoy working through practical questions.
public_03,train,syn_3fd966eba61dc3463d3f6fcab27f1842,30,authored_templates_not_real_transcripts,0,assistant,What pace feels comfortable?
public_03,train,syn_3fd966eba61dc3463d3f6fcab27f1842,30,authored_templates_not_real_transcripts,1,user,A steady pace suits me.
public_03,train,syn_084f3b260a7f6f17d57c1506cc509621,30,authored_templates_not_real_transcripts,0,assistant,What are you hoping to find?
public_03,train,syn_084f3b260a7f6f17d57c1506cc509621,30,authored_templates_not_real_transcripts,1,user,I would like to build a lasting relationship.
public_03,train,syn_142667e30eb084da04350e5d347e3b28,30,authored_templates_not_real_transcripts,0,assistant,What are you hoping to find?
public_03,train,syn_142667e30eb084da04350e5d347e3b28,30,authored_templates_not_real_transcripts,1,user,I would like to build a lasting relationship.
public_03,train,syn_142667e30eb084da04350e5d347e3b28,30,authored_templates_not_real_transcripts,2,assistant,What pace feels comfortable?
public_03,train,syn_142667e30eb084da04350e5d347e3b28,30,authored_templates_not_real_transcripts,3,user,I am comfortable meeting fairly soon.
public_03,train,syn_142667e30eb084da04350e5d347e3b28,30,authored_templates_not_real_transcripts,4,assistant,How do you tend to spend free time?
public_03,train,syn_142667e30eb084da04350e5d347e3b28,30,authored_templates_not_real_transcripts,5,user,I like a mixture of quiet time and seeing people.
public_03,train,syn_142667e30eb084da04350e5d347e3b28,30,authored_templates_not_real_transcripts,6,assistant,What kinds of conversation do you enjoy?
public_03,train,syn_142667e30eb084da04350e5d347e3b28,30,authored_templates_not_real_transcripts,7,user,I enjoy working through practical questions.
public_03,train,syn_e4312f7b04b966deea95a06f258b6aeb,30,authored_templates_not_real_transcripts,0,assistant,What kinds of conversation do you enjoy?
public_03,train,syn_e4312f7b04b966deea95a06f258b6aeb,30,authored_templates_not_real_transcripts,1,user,I enjoy talking about ideas.
public_03,train,syn_1c5ca6fc2f86a09eb391373cbc050a8e,30,authored_templates_not_real_transcripts,0,assistant,What are you hoping to find?
public_03,train,syn_1c5ca6fc2f86a09eb391373cbc050a8e,30,authored_templates_not_real_transcripts,1,user,I am still working out what I want.
public_03,train,syn_42b084e5fa9fc14679c0e6de303893f2,30,authored_templates_not_real_transcripts,0,assistant,What are you hoping to find?
public_03,train,syn_42b084e5fa9fc14679c0e6de303893f2,30,authored_templates_not_real_transcripts,1,user,I am still working out what I want.
public_03,train,syn_42b084e5fa9fc14679c0e6de303893f2,30,authored_templates_not_real_transcripts,2,assistant,What pace feels comfortable?
public_03,train,syn_42b084e5fa9fc14679c0e6de303893f2,30,authored_templates_not_real_transcripts,3,user,I prefer to get to know someone gradually.
public_03,train,syn_42b084e5fa9fc14679c0e6de303893f2,30,authored_templates_not_real_transcripts,4,assistant,How do you tend to spend free time?
public_03,train,syn_42b084e5fa9fc14679c0e6de303893f2,30,authored_templates_not_real_transcripts,5,user,I usually prefer a quiet evening.
public_03,train,syn_42b084e5fa9fc14679c0e6de303893f2,30,authored_templates_not_real_transcripts,6,assistant,What kinds of conversation do you enjoy?
public_03,train,syn_42b084e5fa9fc14679c0e6de303893f2,30,authored_templates_not_real_transcripts,7,user,I enjoy working through practical questions.
public_03,train,syn_90afb7ba1185c4c5be0bbba10fa3971f,30,authored_templates_not_real_transcripts,0,assistant,What are you hoping to find?
public_03,train,syn_90afb7ba1185c4c5be0bbba10fa3971f,30,authored_templates_not_real_transcripts,1,user,I would like to build a lasting relationship.
public_03,train,syn_90afb7ba1185c4c5be0bbba10fa3971f,30,authored_templates_not_real_transcripts,2,assistant,What pace feels comfortable?
public_03,train,syn_90afb7ba1185c4c5be0bbba10fa3971f,30,authored_templates_not_real_transcripts,3,user,I am comfortable meeting fairly soon.
public_03,train,syn_90afb7ba1185c4c5be0bbba10fa3971f,30,authored_templates_not_real_transcripts,4,assistant,How do you tend to spend free time?
public_03,train,syn_90afb7ba1185c4c5be0bbba10fa3971f,30,authored_templates_not_real_transcripts,5,user,I usually prefer a quiet evening.
public_03,train,syn_90afb7ba1185c4c5be0bbba10fa3971f,30,authored_templates_not_real_transcripts,6,assistant,What kinds of conversation do you enjoy?
public_03,train,syn_90afb7ba1185c4c5be0bbba10fa3971f,30,authored_templates_not_real_transcripts,7,user,I like a playful conversation.
public_03,train,syn_9aa3ac30785d97aef0bab849e217414b,30,authored_templates_not_real_transcripts,0,assistant,What are you hoping to find?
public_03,train,syn_9aa3ac30785d97aef0bab849e217414b,30,authored_templates_not_real_transcripts,1,user,I am still working out what I want.
public_03,train,syn_9aa3ac30785d97aef0bab849e217414b,30,authored_templates_not_real_transcripts,2,assistant,What pace feels comfortable?
public_03,train,syn_9aa3ac30785d97aef0bab849e217414b,30,authored_templates_not_real_transcripts,3,user,I prefer to get to know someone gradually.
public_03,train,syn_9aa3ac30785d97aef0bab849e217414b,30,authored_templates_not_real_transcripts,4,assistant,How do you tend to spend free time?
public_03,train,syn_9aa3ac30785d97aef0bab849e217414b,30,authored_templates_not_real_transcripts,5,user,I like a mixture of quiet time and seeing people.
public_03,train,syn_9aa3ac30785d97aef0bab849e217414b,30,authored_templates_not_real_transcripts,6,assistant,What kinds of conversation do you enjoy?
public_03,train,syn_9aa3ac30785d97aef0bab849e217414b,30,authored_templates_not_real_transcripts,7,user,I enjoy working through practical questions.
public_03,train,syn_2819421edf76f12780c806a1d3271aca,30,authored_templates_not_real_transcripts,0,assistant,How do you tend to spend free time?
public_03,train,syn_2819421edf76f12780c806a1d3271aca,30,authored_templates_not_real_transcripts,1,user,I enjoy having plans with people.
public_03,train,syn_c2a141ee1eea481d57e90bda2a2983fe,30,authored_templates_not_real_transcripts,0,assistant,What kinds of conversation do you enjoy?
public_03,train,syn_c2a141ee1eea481d57e90bda2a2983fe,30,authored_templates_not_real_transcripts,1,user,I enjoy talking about ideas.
public_03,train,syn_11c873e0534caf6fbf55647e6165aada,30,authored_templates_not_real_transcripts,0,assistant,What kinds of conversation do you enjoy?
public_03,train,syn_11c873e0534caf6fbf55647e6165aada,30,authored_templates_not_real_transcripts,1,user,I like a playful conversation.
public_03,train,syn_9fd7cf1bec6c85fbde02233ab011d60c,30,authored_templates_not_real_transcripts,0,assistant,What kinds of conversation do you enjoy?
public_03,train,syn_9fd7cf1bec6c85fbde02233ab011d60c,30,authored_templates_not_real_transcripts,1,user,I like hearing the stories behind things.
public_03,train,syn_8fe59a27babfdbe2b2fe962dd3876742,30,authored_templates_not_real_transcripts,0,assistant,What are you hoping to find?
public_03,train,syn_8fe59a27babfdbe2b2fe962dd3876742,30,authored_templates_not_real_transcripts,1,user,I would like to build a lasting relationship.
public_03,train,syn_8fe59a27babfdbe2b2fe962dd3876742,30,authored_templates_not_real_transcripts,2,assistant,What pace feels comfortable?
public_03,train,syn_8fe59a27babfdbe2b2fe962dd3876742,30,authored_templates_not_real_transcripts,3,user,I prefer to get to know someone gradually.
public_03,train,syn_8fe59a27babfdbe2b2fe962dd3876742,30,authored_templates_not_real_transcripts,4,assistant,How do you tend to spend free time?
public_03,train,syn_8fe59a27babfdbe2b2fe962dd3876742,30,authored_templates_not_real_transcripts,5,user,I usually prefer a quiet evening.
public_03,train,syn_8fe59a27babfdbe2b2fe962dd3876742,30,authored_templates_not_real_transcripts,6,assistant,What kinds of conversation do you enjoy?
public_03,train,syn_8fe59a27babfdbe2b2fe962dd3876742,30,authored_templates_not_real_transcripts,7,user,I like hearing the stories behind things.
public_03,train,syn_f5b6b86443fb5d40247f340e60afbac3,30,authored_templates_not_real_transcripts,0,assistant,What are you hoping to find?
public_03,train,syn_f5b6b86443fb5d40247f340e60afbac3,30,authored_templates_not_real_transcripts,1,user,I am still working out what I want.
public_03,train,syn_f5b6b86443fb5d40247f340e60afbac3,30,authored_templates_not_real_transcripts,2,assistant,What pace feels comfortable?
public_03,train,syn_f5b6b86443fb5d40247f340e60afbac3,30,authored_templates_not_real_transcripts,3,user,I am comfortable meeting fairly soon.
public_03,train,syn_f5b6b86443fb5d40247f340e60afbac3,30,authored_templates_not_real_transcripts,4,assistant,How do you tend to spend free time?
public_03,train,syn_f5b6b86443fb5d40247f340e60afbac3,30,authored_templates_not_real_transcripts,5,user,I usually prefer a quiet evening.
public_03,train,syn_f5b6b86443fb5d40247f340e60afbac3,30,authored_templates_not_real_transcripts,6,assistant,What kinds of conversation do you enjoy?
public_03,train,syn_f5b6b86443fb5d40247f340e60afbac3,30,authored_templates_not_real_transcripts,7,user,I like hearing the stories behind things.
public_03,train,syn_45d0f41578db1b10bc64f2893d5f5dd0,30,authored_templates_not_real_transcripts,0,assistant,What kinds of conversation do you enjoy?
public_03,train,syn_45d0f41578db1b10bc64f2893d5f5dd0,30,authored_templates_not_real_transcripts,1,user,I enjoy talking about ideas.
public_03,train,syn_e267c7f1acdd0fa958490b664e58a42b,30,authored_templates_not_real_transcripts,0,assistant,What are you hoping to find?
public_03,train,syn_e267c7f1acdd0fa958490b664e58a42b,30,authored_templates_not_real_transcripts,1,user,I am still working out what I want.
public_03,train,syn_31667db2fdb3a644ceaa3debec01d16a,30,authored_templates_not_real_transcripts,0,assistant,How do you tend to spend free time?
public_03,train,syn_31667db2fdb3a644ceaa3debec01d16a,30,authored_templates_not_real_transcripts,1,user,I usually prefer a quiet evening.
public_03,train,syn_7e4be5c90b401d51c4c7b98beb80d4b7,30,authored_templates_not_real_transcripts,0,assistant,What are you hoping to find?
public_03,train,syn_7e4be5c90b401d51c4c7b98beb80d4b7,30,authored_templates_not_real_transcripts,1,user,I am still working out what I want.
public_03,train,syn_7e4be5c90b401d51c4c7b98beb80d4b7,30,authored_templates_not_real_transcripts,2,assistant,What pace feels comfortable?
public_03,train,syn_7e4be5c90b401d51c4c7b98beb80d4b7,30,authored_templates_not_real_transcripts,3,user,A steady pace suits me.
public_03,train,syn_7e4be5c90b401d51c4c7b98beb80d4b7,30,authored_templates_not_real_transcripts,4,assistant,How do you tend to spend free time?
public_03,train,syn_7e4be5c90b401d51c4c7b98beb80d4b7,30,authored_templates_not_real_transcripts,5,user,I usually prefer a quiet evening.
public_03,train,syn_7e4be5c90b401d51c4c7b98beb80d4b7,30,authored_templates_not_real_transcripts,6,assistant,What kinds of conversation do you enjoy?
public_03,train,syn_7e4be5c90b401d51c4c7b98beb80d4b7,30,authored_templates_not_real_transcripts,7,user,I enjoy working through practical questions.
public_03,train,syn_72e1b979e4b2781f8bf61d122cbf6bca,30,authored_templates_not_real_transcripts,0,assistant,What are you hoping to find?
public_03,train,syn_72e1b979e4b2781f8bf61d122cbf6bca,30,authored_templates_not_real_transcripts,1,user,I would like to build a lasting relationship.
public_03,train,syn_72e1b979e4b2781f8bf61d122cbf6bca,30,authored_templates_not_real_transcripts,2,assistant,What pace feels comfortable?
public_03,train,syn_72e1b979e4b2781f8bf61d122cbf6bca,30,authored_templates_not_real_transcripts,3,user,I am comfortable meeting fairly soon.
public_03,train,syn_72e1b979e4b2781f8bf61d122cbf6bca,30,authored_templates_not_real_transcripts,4,assistant,How do you tend to spend free time?
public_03,train,syn_72e1b979e4b2781f8bf61d122cbf6bca,30,authored_templates_not_real_transcripts,5,user,I enjoy having plans with people.
public_03,train,syn_72e1b979e4b2781f8bf61d122cbf6bca,30,authored_templates_not_real_transcripts,6,assistant,What kinds of conversation do you enjoy?
public_03,train,syn_72e1b979e4b2781f8bf61d122cbf6bca,30,authored_templates_not_real_transcripts,7,user,I enjoy talking about ideas.
public_03,train,syn_bdbe75f3389eeea2facac1daf3b8f54f,30,authored_templates_not_real_transcripts,0,assistant,What are you hoping to find?
public_03,train,syn_bdbe75f3389eeea2facac1daf3b8f54f,30,authored_templates_not_real_transcripts,1,user,I am still working out what I want.
public_03,train,syn_bdbe75f3389eeea2facac1daf3b8f54f,30,authored_templates_not_real_transcripts,2,assistant,What pace feels comfortable?
public_03,train,syn_bdbe75f3389eeea2facac1daf3b8f54f,30,authored_templates_not_real_transcripts,3,user,I prefer to get to know someone gradually.
public_03,train,syn_bdbe75f3389eeea2facac1daf3b8f54f,30,authored_templates_not_real_transcripts,4,assistant,How do you tend to spend free time?
public_03,train,syn_bdbe75f3389eeea2facac1daf3b8f54f,30,authored_templates_not_real_transcripts,5,user,I like a mixture of quiet time and seeing people.
public_03,train,syn_bdbe75f3389eeea2facac1daf3b8f54f,30,authored_templates_not_real_transcripts,6,assistant,What kinds of conversation do you enjoy?
public_03,train,syn_bdbe75f3389eeea2facac1daf3b8f54f,30,authored_templates_not_real_transcripts,7,user,I like hearing the stories behind things.
public_03,train,syn_d1e9ca7f6e5beff1f3d5148215458a96,30,authored_templates_not_real_transcripts,0,assistant,What kinds of conversation do you enjoy?
public_03,train,syn_d1e9ca7f6e5beff1f3d5148215458a96,30,authored_templates_not_real_transcripts,1,user,I enjoy talking about ideas.
public_03,train,syn_f8f2a559252b3698a0edb501cd7ae110,30,authored_templates_not_real_transcripts,0,assistant,What are you hoping to find?
public_03,train,syn_f8f2a559252b3698a0edb501cd7ae110,30,authored_templates_not_real_transcripts,1,user,I am still working out what I want.
public_03,train,syn_f8f2a559252b3698a0edb501cd7ae110,30,authored_templates_not_real_transcripts,2,assistant,What pace feels comfortable?
public_03,train,syn_f8f2a559252b3698a0edb501cd7ae110,30,authored_templates_not_real_transcripts,3,user,I am comfortable meeting fairly soon.
public_03,train,syn_f8f2a559252b3698a0edb501cd7ae110,30,authored_templates_not_real_transcripts,4,assistant,How do you tend to spend free time?
public_03,train,syn_f8f2a559252b3698a0edb501cd7ae110,30,authored_templates_not_real_transcripts,5,user,I like a mixture of quiet time and seeing people.
public_03,train,syn_f8f2a559252b3698a0edb501cd7ae110,30,authored_templates_not_real_transcripts,6,assistant,What kinds of conversation do you enjoy?
public_03,train,syn_f8f2a559252b3698a0edb501cd7ae110,30,authored_templates_not_real_transcripts,7,user,I like a playful conversation.
public_03,train,syn_10af82b3e69daec6b367fe710b048ff2,30,authored_templates_not_real_transcripts,0,assistant,What kinds of conversation do you enjoy?
public_03,train,syn_10af82b3e69daec6b367fe710b048ff2,30,authored_templates_not_real_transcripts,1,user,I enjoy working through practical questions.
public_03,train,syn_92fc7521c5fe4d758e464ed88c555b23,30,authored_templates_not_real_transcripts,0,assistant,What are you hoping to find?
public_03,train,syn_92fc7521c5fe4d758e464ed88c555b23,30,authored_templates_not_real_transcripts,1,user,I would like to build a lasting relationship.
public_03,train,syn_92fc7521c5fe4d758e464ed88c555b23,30,authored_templates_not_real_transcripts,2,assistant,What pace feels comfortable?
public_03,train,syn_92fc7521c5fe4d758e464ed88c555b23,30,authored_templates_not_real_transcripts,3,user,I am comfortable meeting fairly soon.
public_03,train,syn_92fc7521c5fe4d758e464ed88c555b23,30,authored_templates_not_real_transcripts,4,assistant,How do you tend to spend free time?
public_03,train,syn_92fc7521c5fe4d758e464ed88c555b23,30,authored_templates_not_real_transcripts,5,user,I like a mixture of quiet time and seeing people.
public_03,train,syn_92fc7521c5fe4d758e464ed88c555b23,30,authored_templates_not_real_transcripts,6,assistant,What kinds of conversation do you enjoy?
public_03,train,syn_92fc7521c5fe4d758e464ed88c555b23,30,authored_templates_not_real_transcripts,7,user,I enjoy talking about ideas.
public_03,train,syn_81ba72011844c80b8c7ac76579e67771,30,authored_templates_not_real_transcripts,0,assistant,How do you tend to spend free time?
public_03,train,syn_81ba72011844c80b8c7ac76579e67771,30,authored_templates_not_real_transcripts,1,user,I enjoy having plans with people.
public_03,train,syn_185239edefd298df77c057d55930fe3f,30,authored_templates_not_real_transcripts,0,assistant,What are you hoping to find?
public_03,train,syn_185239edefd298df77c057d55930fe3f,30,authored_templates_not_real_transcripts,1,user,I am still working out what I want.
public_03,train,syn_185239edefd298df77c057d55930fe3f,30,authored_templates_not_real_transcripts,2,assistant,What pace feels comfortable?
public_03,train,syn_185239edefd298df77c057d55930fe3f,30,authored_templates_not_real_transcripts,3,user,I am comfortable meeting fairly soon.
public_03,train,syn_185239edefd298df77c057d55930fe3f,30,authored_templates_not_real_transcripts,4,assistant,How do you tend to spend free time?
public_03,train,syn_185239edefd298df77c057d55930fe3f,30,authored_templates_not_real_transcripts,5,user,I usually prefer a quiet evening.
public_03,train,syn_185239edefd298df77c057d55930fe3f,30,authored_templates_not_real_transcripts,6,assistant,What kinds of conversation do you enjoy?
public_03,train,syn_185239edefd298df77c057d55930fe3f,30,authored_templates_not_real_transcripts,7,user,I like hearing the stories behind things.
public_03,train,syn_0dcddd397cc41379aed85d08113dccc2,30,authored_templates_not_real_transcripts,0,assistant,What are you hoping to find?
public_03,train,syn_0dcddd397cc41379aed85d08113dccc2,30,authored_templates_not_real_transcripts,1,user,I would like to build a lasting relationship.
public_03,train,syn_0dcddd397cc41379aed85d08113dccc2,30,authored_templates_not_real_transcripts,2,assistant,What pace feels comfortable?
public_03,train,syn_0dcddd397cc41379aed85d08113dccc2,30,authored_templates_not_real_transcripts,3,user,I prefer to get to know someone gradually.
public_03,train,syn_0dcddd397cc41379aed85d08113dccc2,30,authored_templates_not_real_transcripts,4,assistant,How do you tend to spend free time?
public_03,train,syn_0dcddd397cc41379aed85d08113dccc2,30,authored_templates_not_real_transcripts,5,user,I enjoy having plans with people.
public_03,train,syn_0dcddd397cc41379aed85d08113dccc2,30,authored_templates_not_real_transcripts,6,assistant,What kinds of conversation do you enjoy?
public_03,train,syn_0dcddd397cc41379aed85d08113dccc2,30,authored_templates_not_real_transcripts,7,user,I like a playful conversation.
public_03,train,syn_e2b1babad25f90bf3cb88a3812db879c,30,authored_templates_not_real_transcripts,0,assistant,What are you hoping to find?
public_03,train,syn_e2b1babad25f90bf3cb88a3812db879c,30,authored_templates_not_real_transcripts,1,user,I would like to build a lasting relationship.
public_03,train,syn_e2b1babad25f90bf3cb88a3812db879c,30,authored_templates_not_real_transcripts,2,assistant,What pace feels comfortable?
public_03,train,syn_e2b1babad25f90bf3cb88a3812db879c,30,authored_templates_not_real_transcripts,3,user,I prefer to get to know someone gradually.
public_03,train,syn_e2b1babad25f90bf3cb88a3812db879c,30,authored_templates_not_real_transcripts,4,assistant,How do you tend to spend free time?
public_03,train,syn_e2b1babad25f90bf3cb88a3812db879c,30,authored_templates_not_real_transcripts,5,user,I enjoy having plans with people.
public_03,train,syn_e2b1babad25f90bf3cb88a3812db879c,30,authored_templates_not_real_transcripts,6,assistant,What kinds of conversation do you enjoy?
public_03,train,syn_e2b1babad25f90bf3cb88a3812db879c,30,authored_templates_not_real_transcripts,7,user,I like hearing the stories behind things.
public_03,train,syn_20dd447958d6ee09235ad1f62052bfbd,30,authored_templates_not_real_transcripts,0,assistant,What are you hoping to find?
public_03,train,syn_20dd447958d6ee09235ad1f62052bfbd,30,authored_templates_not_real_transcripts,1,user,I am still working out what I want.
public_03,train,syn_20dd447958d6ee09235ad1f62052bfbd,30,authored_templates_not_real_transcripts,2,assistant,What pace feels comfortable?
public_03,train,syn_20dd447958d6ee09235ad1f62052bfbd,30,authored_templates_not_real_transcripts,3,user,I prefer to get to know someone gradually.
public_03,train,syn_20dd447958d6ee09235ad1f62052bfbd,30,authored_templates_not_real_transcripts,4,assistant,How do you tend to spend free time?
public_03,train,syn_20dd447958d6ee09235ad1f62052bfbd,30,authored_templates_not_real_transcripts,5,user,I enjoy having plans with people.
public_03,train,syn_20dd447958d6ee09235ad1f62052bfbd,30,authored_templates_not_real_transcripts,6,assistant,What kinds of conversation do you enjoy?
public_03,train,syn_20dd447958d6ee09235ad1f62052bfbd,30,authored_templates_not_real_transcripts,7,user,I enjoy working through practical questions.
public_03,train,syn_a95813bf865c1a3f3b025533d8954ddc,30,authored_templates_not_real_transcripts,0,assistant,What are you hoping to find?
public_03,train,syn_a95813bf865c1a3f3b025533d8954ddc,30,authored_templates_not_real_transcripts,1,user,I would like to build a lasting relationship.
public_03,train,syn_ce508c8cf69e43f35685c787060b3f7e,30,authored_templates_not_real_transcripts,0,assistant,What are you hoping to find?
public_03,train,syn_ce508c8cf69e43f35685c787060b3f7e,30,authored_templates_not_real_transcripts,1,user,I would like to build a lasting relationship.
public_03,train,syn_ce508c8cf69e43f35685c787060b3f7e,30,authored_templates_not_real_transcripts,2,assistant,What pace feels comfortable?
public_03,train,syn_ce508c8cf69e43f35685c787060b3f7e,30,authored_templates_not_real_transcripts,3,user,I prefer to get to know someone gradually.
public_03,train,syn_ce508c8cf69e43f35685c787060b3f7e,30,authored_templates_not_real_transcripts,4,assistant,How do you tend to spend free time?
public_03,train,syn_ce508c8cf69e43f35685c787060b3f7e,30,authored_templates_not_real_transcripts,5,user,I usually prefer a quiet evening.
public_03,train,syn_ce508c8cf69e43f35685c787060b3f7e,30,authored_templates_not_real_transcripts,6,assistant,What kinds of conversation do you enjoy?
public_03,train,syn_ce508c8cf69e43f35685c787060b3f7e,30,authored_templates_not_real_transcripts,7,user,I like a playful conversation.
public_03,train,syn_86283b14f5fafd238ae7d3a164ccab16,30,authored_templates_not_real_transcripts,0,assistant,What are you hoping to find?
public_03,train,syn_86283b14f5fafd238ae7d3a164ccab16,30,authored_templates_not_real_transcripts,1,user,I am still working out what I want.
public_03,train,syn_86283b14f5fafd238ae7d3a164ccab16,30,authored_templates_not_real_transcripts,2,assistant,What pace feels comfortable?
public_03,train,syn_86283b14f5fafd238ae7d3a164ccab16,30,authored_templates_not_real_transcripts,3,user,I prefer to get to know someone gradually.
public_03,train,syn_86283b14f5fafd238ae7d3a164ccab16,30,authored_templates_not_real_transcripts,4,assistant,How do you tend to spend free time?
public_03,train,syn_86283b14f5fafd238ae7d3a164ccab16,30,authored_templates_not_real_transcripts,5,user,I enjoy having plans with people.
public_03,train,syn_86283b14f5fafd238ae7d3a164ccab16,30,authored_templates_not_real_transcripts,6,assistant,What kinds of conversation do you enjoy?
public_03,train,syn_86283b14f5fafd238ae7d3a164ccab16,30,authored_templates_not_real_transcripts,7,user,I like hearing the stories behind things.
public_03,train,syn_c660a0f85f5d3d333ed60c3392f7d636,30,authored_templates_not_real_transcripts,0,assistant,What are you hoping to find?
public_03,train,syn_c660a0f85f5d3d333ed60c3392f7d636,30,authored_templates_not_real_transcripts,1,user,I would like to build a lasting relationship.
public_03,train,syn_c660a0f85f5d3d333ed60c3392f7d636,30,authored_templates_not_real_transcripts,2,assistant,What pace feels comfortable?
public_03,train,syn_c660a0f85f5d3d333ed60c3392f7d636,30,authored_templates_not_real_transcripts,3,user,A steady pace suits me.
public_03,train,syn_c660a0f85f5d3d333ed60c3392f7d636,30,authored_templates_not_real_transcripts,4,assistant,How do you tend to spend free time?
public_03,train,syn_c660a0f85f5d3d333ed60c3392f7d636,30,authored_templates_not_real_transcripts,5,user,I enjoy having plans with people.
public_03,train,syn_c660a0f85f5d3d333ed60c3392f7d636,30,authored_templates_not_real_transcripts,6,assistant,What kinds of conversation do you enjoy?
public_03,train,syn_c660a0f85f5d3d333ed60c3392f7d636,30,authored_templates_not_real_transcripts,7,user,I enjoy working through practical questions.
public_03,train,syn_678cab2c785721998d883e430d0e527e,30,authored_templates_not_real_transcripts,0,assistant,What are you hoping to find?
public_03,train,syn_678cab2c785721998d883e430d0e527e,30,authored_templates_not_real_transcripts,1,user,I would like to build a lasting relationship.
public_03,train,syn_03991bbe99548e8a5bda3e8f8f067c7b,30,authored_templates_not_real_transcripts,0,assistant,What are you hoping to find?
public_03,train,syn_03991bbe99548e8a5bda3e8f8f067c7b,30,authored_templates_not_real_transcripts,1,user,I am still working out what I want.
public_03,train,syn_03991bbe99548e8a5bda3e8f8f067c7b,30,authored_templates_not_real_transcripts,2,assistant,What pace feels comfortable?
public_03,train,syn_03991bbe99548e8a5bda3e8f8f067c7b,30,authored_templates_not_real_transcripts,3,user,I prefer to get to know someone gradually.
public_03,train,syn_03991bbe99548e8a5bda3e8f8f067c7b,30,authored_templates_not_real_transcripts,4,assistant,How do you tend to spend free time?
public_03,train,syn_03991bbe99548e8a5bda3e8f8f067c7b,30,authored_templates_not_real_transcripts,5,user,I enjoy having plans with people.
public_03,train,syn_03991bbe99548e8a5bda3e8f8f067c7b,30,authored_templates_not_real_transcripts,6,assistant,What kinds of conversation do you enjoy?
public_03,train,syn_03991bbe99548e8a5bda3e8f8f067c7b,30,authored_templates_not_real_transcripts,7,user,I like hearing the stories behind things.
public_03,train,syn_25a9b3b5e9217f1c41680e5ab121d0a0,30,authored_templates_not_real_transcripts,0,assistant,What pace feels comfortable?
public_03,train,syn_25a9b3b5e9217f1c41680e5ab121d0a0,30,authored_templates_not_real_transcripts,1,user,A steady pace suits me.
public_03,train,syn_c7d355683d393d8f61616b06fdd12d4f,30,authored_templates_not_real_transcripts,0,assistant,How do you tend to spend free time?
public_03,train,syn_c7d355683d393d8f61616b06fdd12d4f,30,authored_templates_not_real_transcripts,1,user,I enjoy having plans with people.
public_03,train,syn_fc3d5f43ffc90b2579accff4348b5385,30,authored_templates_not_real_transcripts,0,assistant,What pace feels comfortable?
public_03,train,syn_fc3d5f43ffc90b2579accff4348b5385,30,authored_templates_not_real_transcripts,1,user,A steady pace suits me.
public_03,train,syn_92d136b9e17d7a2e3537cea971e6c4f4,30,authored_templates_not_real_transcripts,0,assistant,What are you hoping to find?
public_03,train,syn_92d136b9e17d7a2e3537cea971e6c4f4,30,authored_templates_not_real_transcripts,1,user,I am still working out what I want.
public_03,train,syn_3e6e2c2387c6608711b41a3a8299d9d7,30,authored_templates_not_real_transcripts,0,assistant,What are you hoping to find?
public_03,train,syn_3e6e2c2387c6608711b41a3a8299d9d7,30,authored_templates_not_real_transcripts,1,user,I would like to build a lasting relationship.
public_03,train,syn_3e6e2c2387c6608711b41a3a8299d9d7,30,authored_templates_not_real_transcripts,2,assistant,What pace feels comfortable?
public_03,train,syn_3e6e2c2387c6608711b41a3a8299d9d7,30,authored_templates_not_real_transcripts,3,user,I am comfortable meeting fairly soon.
public_03,train,syn_3e6e2c2387c6608711b41a3a8299d9d7,30,authored_templates_not_real_transcripts,4,assistant,How do you tend to spend free time?
public_03,train,syn_3e6e2c2387c6608711b41a3a8299d9d7,30,authored_templates_not_real_transcripts,5,user,I like a mixture of quiet time and seeing people.
public_03,train,syn_3e6e2c2387c6608711b41a3a8299d9d7,30,authored_templates_not_real_transcripts,6,assistant,What kinds of conversation do you enjoy?
public_03,train,syn_3e6e2c2387c6608711b41a3a8299d9d7,30,authored_templates_not_real_transcripts,7,user,I like a playful conversation.
public_03,train,syn_5f7e384bc2151fd9ed209779447b2df7,30,authored_templates_not_real_transcripts,0,assistant,What are you hoping to find?
public_03,train,syn_5f7e384bc2151fd9ed209779447b2df7,30,authored_templates_not_real_transcripts,1,user,I would like to build a lasting relationship.
public_03,train,syn_5f7e384bc2151fd9ed209779447b2df7,30,authored_templates_not_real_transcripts,2,assistant,What pace feels comfortable?
public_03,train,syn_5f7e384bc2151fd9ed209779447b2df7,30,authored_templates_not_real_transcripts,3,user,A steady pace suits me.
public_03,train,syn_5f7e384bc2151fd9ed209779447b2df7,30,authored_templates_not_real_transcripts,4,assistant,How do you tend to spend free time?
public_03,train,syn_5f7e384bc2151fd9ed209779447b2df7,30,authored_templates_not_real_transcripts,5,user,I usually prefer a quiet evening.
public_03,train,syn_5f7e384bc2151fd9ed209779447b2df7,30,authored_templates_not_real_transcripts,6,assistant,What kinds of conversation do you enjoy?
public_03,train,syn_5f7e384bc2151fd9ed209779447b2df7,30,authored_templates_not_real_transcripts,7,user,I like hearing the stories behind things.
public_03,train,syn_67893c68ab178bb86b95125c91dbf718,30,authored_templates_not_real_transcripts,0,assistant,How do you tend to spend free time?
public_03,train,syn_67893c68ab178bb86b95125c91dbf718,30,authored_templates_not_real_transcripts,1,user,I like a mixture of quiet time and seeing people.
public_03,train,syn_5e808b316d8d05c1f7916cd1a27849ea,30,authored_templates_not_real_transcripts,0,assistant,What are you hoping to find?
public_03,train,syn_5e808b316d8d05c1f7916cd1a27849ea,30,authored_templates_not_real_transcripts,1,user,I am still working out what I want.
public_03,train,syn_5e808b316d8d05c1f7916cd1a27849ea,30,authored_templates_not_real_transcripts,2,assistant,What pace feels comfortable?
public_03,train,syn_5e808b316d8d05c1f7916cd1a27849ea,30,authored_templates_not_real_transcripts,3,user,I am comfortable meeting fairly soon.
public_03,train,syn_5e808b316d8d05c1f7916cd1a27849ea,30,authored_templates_not_real_transcripts,4,assistant,How do you tend to spend free time?
public_03,train,syn_5e808b316d8d05c1f7916cd1a27849ea,30,authored_templates_not_real_transcripts,5,user,I enjoy having plans with people.
public_03,train,syn_5e808b316d8d05c1f7916cd1a27849ea,30,authored_templates_not_real_transcripts,6,assistant,What kinds of conversation do you enjoy?
public_03,train,syn_5e808b316d8d05c1f7916cd1a27849ea,30,authored_templates_not_real_transcripts,7,user,I enjoy working through practical questions.
public_03,train,syn_841c46953ed722e850b07bfe47f6bf3a,30,authored_templates_not_real_transcripts,0,assistant,What kinds of conversation do you enjoy?
public_03,train,syn_841c46953ed722e850b07bfe47f6bf3a,30,authored_templates_not_real_transcripts,1,user,I enjoy working through practical questions.
public_03,train,syn_56c14f157d1f6d183dfe7a0ed5f62c18,30,authored_templates_not_real_transcripts,0,assistant,What are you hoping to find?
public_03,train,syn_56c14f157d1f6d183dfe7a0ed5f62c18,30,authored_templates_not_real_transcripts,1,user,I would like to build a lasting relationship.
public_03,train,syn_56c14f157d1f6d183dfe7a0ed5f62c18,30,authored_templates_not_real_transcripts,2,assistant,What pace feels comfortable?
public_03,train,syn_56c14f157d1f6d183dfe7a0ed5f62c18,30,authored_templates_not_real_transcripts,3,user,I am comfortable meeting fairly soon.
public_03,train,syn_56c14f157d1f6d183dfe7a0ed5f62c18,30,authored_templates_not_real_transcripts,4,assistant,How do you tend to spend free time?
public_03,train,syn_56c14f157d1f6d183dfe7a0ed5f62c18,30,authored_templates_not_real_transcripts,5,user,I usually prefer a quiet evening.
public_03,train,syn_56c14f157d1f6d183dfe7a0ed5f62c18,30,authored_templates_not_real_transcripts,6,assistant,What kinds of conversation do you enjoy?
public_03,train,syn_56c14f157d1f6d183dfe7a0ed5f62c18,30,authored_templates_not_real_transcripts,7,user,I like a playful conversation.
public_03,train,syn_8987587f63c5ef80ad1f69075645f293,30,authored_templates_not_real_transcripts,0,assistant,What kinds of conversation do you enjoy?
public_03,train,syn_8987587f63c5ef80ad1f69075645f293,30,authored_templates_not_real_transcripts,1,user,I enjoy talking about ideas.
public_03,train,syn_aeda30eef136d5cac223d2b091fca1e8,30,authored_templates_not_real_transcripts,0,assistant,What are you hoping to find?
public_03,train,syn_aeda30eef136d5cac223d2b091fca1e8,30,authored_templates_not_real_transcripts,1,user,I would like to build a lasting relationship.
public_03,train,syn_aeda30eef136d5cac223d2b091fca1e8,30,authored_templates_not_real_transcripts,2,assistant,What pace feels comfortable?
public_03,train,syn_aeda30eef136d5cac223d2b091fca1e8,30,authored_templates_not_real_transcripts,3,user,A steady pace suits me.
public_03,train,syn_aeda30eef136d5cac223d2b091fca1e8,30,authored_templates_not_real_transcripts,4,assistant,How do you tend to spend free time?
public_03,train,syn_aeda30eef136d5cac223d2b091fca1e8,30,authored_templates_not_real_transcripts,5,user,I usually prefer a quiet evening.
public_03,train,syn_aeda30eef136d5cac223d2b091fca1e8,30,authored_templates_not_real_transcripts,6,assistant,What kinds of conversation do you enjoy?
public_03,train,syn_aeda30eef136d5cac223d2b091fca1e8,30,authored_templates_not_real_transcripts,7,user,I enjoy talking about ideas.
public_03,train,syn_044ce2295af1f64ebd8b5afde052b0fb,30,authored_templates_not_real_transcripts,0,assistant,What are you hoping to find?
public_03,train,syn_044ce2295af1f64ebd8b5afde052b0fb,30,authored_templates_not_real_transcripts,1,user,I am still working out what I want.
public_03,train,syn_044ce2295af1f64ebd8b5afde052b0fb,30,authored_templates_not_real_transcripts,2,assistant,What pace feels comfortable?
public_03,train,syn_044ce2295af1f64ebd8b5afde052b0fb,30,authored_templates_not_real_transcripts,3,user,A steady pace suits me.
public_03,train,syn_044ce2295af1f64ebd8b5afde052b0fb,30,authored_templates_not_real_transcripts,4,assistant,How do you tend to spend free time?
public_03,train,syn_044ce2295af1f64ebd8b5afde052b0fb,30,authored_templates_not_real_transcripts,5,user,I enjoy having plans with people.
public_03,train,syn_044ce2295af1f64ebd8b5afde052b0fb,30,authored_templates_not_real_transcripts,6,assistant,What kinds of conversation do you enjoy?
public_03,train,syn_044ce2295af1f64ebd8b5afde052b0fb,30,authored_templates_not_real_transcripts,7,user,I like hearing the stories behind things.
public_03,train,syn_3f469b782bd7f0895490b4ef79828abd,30,authored_templates_not_real_transcripts,0,assistant,What are you hoping to find?
public_03,train,syn_3f469b782bd7f0895490b4ef79828abd,30,authored_templates_not_real_transcripts,1,user,I am still working out what I want.
public_03,train,syn_50a5aff380654b298ad52aa8340b21ae,30,authored_templates_not_real_transcripts,0,assistant,What are you hoping to find?
public_03,train,syn_50a5aff380654b298ad52aa8340b21ae,30,authored_templates_not_real_transcripts,1,user,I would like to build a lasting relationship.
public_03,train,syn_50a5aff380654b298ad52aa8340b21ae,30,authored_templates_not_real_transcripts,2,assistant,What pace feels comfortable?
public_03,train,syn_50a5aff380654b298ad52aa8340b21ae,30,authored_templates_not_real_transcripts,3,user,I prefer to get to know someone gradually.
public_03,train,syn_50a5aff380654b298ad52aa8340b21ae,30,authored_templates_not_real_transcripts,4,assistant,How do you tend to spend free time?
public_03,train,syn_50a5aff380654b298ad52aa8340b21ae,30,authored_templates_not_real_transcripts,5,user,I like a mixture of quiet time and seeing people.
public_03,train,syn_50a5aff380654b298ad52aa8340b21ae,30,authored_templates_not_real_transcripts,6,assistant,What kinds of conversation do you enjoy?
public_03,train,syn_50a5aff380654b298ad52aa8340b21ae,30,authored_templates_not_real_transcripts,7,user,I enjoy talking about ideas.
public_03,train,syn_9afe6e0965cd0a77b94819b4ff9b6b75,30,authored_templates_not_real_transcripts,0,assistant,What kinds of conversation do you enjoy?
public_03,train,syn_9afe6e0965cd0a77b94819b4ff9b6b75,30,authored_templates_not_real_transcripts,1,user,I enjoy working through practical questions.
public_03,train,syn_4d2c9c6102a74f3c43b2cbe0e559ea8d,30,authored_templates_not_real_transcripts,0,assistant,What are you hoping to find?
public_03,train,syn_4d2c9c6102a74f3c43b2cbe0e559ea8d,30,authored_templates_not_real_transcripts,1,user,I am still working out what I want.
public_03,train,syn_4d2c9c6102a74f3c43b2cbe0e559ea8d,30,authored_templates_not_real_transcripts,2,assistant,What pace feels comfortable?
public_03,train,syn_4d2c9c6102a74f3c43b2cbe0e559ea8d,30,authored_templates_not_real_transcripts,3,user,I am comfortable meeting fairly soon.
public_03,train,syn_4d2c9c6102a74f3c43b2cbe0e559ea8d,30,authored_templates_not_real_transcripts,4,assistant,How do you tend to spend free time?
public_03,train,syn_4d2c9c6102a74f3c43b2cbe0e559ea8d,30,authored_templates_not_real_transcripts,5,user,I enjoy having plans with people.
public_03,train,syn_4d2c9c6102a74f3c43b2cbe0e559ea8d,30,authored_templates_not_real_transcripts,6,assistant,What kinds of conversation do you enjoy?
public_03,train,syn_4d2c9c6102a74f3c43b2cbe0e559ea8d,30,authored_templates_not_real_transcripts,7,user,I enjoy working through practical questions.
public_03,train,syn_74c3cf4067a36e0751799c4d031b3b78,30,authored_templates_not_real_transcripts,0,assistant,What are you hoping to find?
public_03,train,syn_74c3cf4067a36e0751799c4d031b3b78,30,authored_templates_not_real_transcripts,1,user,I would like to build a lasting relationship.
public_03,train,syn_74c3cf4067a36e0751799c4d031b3b78,30,authored_templates_not_real_transcripts,2,assistant,How do you tend to spend free time?
public_03,train,syn_74c3cf4067a36e0751799c4d031b3b78,30,authored_templates_not_real_transcripts,3,user,I like a mixture of quiet time and seeing people.
public_03,train,syn_74c3cf4067a36e0751799c4d031b3b78,30,authored_templates_not_real_transcripts,4,assistant,What kinds of conversation do you enjoy?
public_03,train,syn_74c3cf4067a36e0751799c4d031b3b78,30,authored_templates_not_real_transcripts,5,user,I like a playful conversation.
public_03,train,syn_63746f35c9bc69f82386769fe058f7f6,30,authored_templates_not_real_transcripts,0,assistant,How do you tend to spend free time?
public_03,train,syn_63746f35c9bc69f82386769fe058f7f6,30,authored_templates_not_real_transcripts,1,user,I usually prefer a quiet evening.
public_03,train,syn_daaf3d37d8981bbac7062269b5baad10,30,authored_templates_not_real_transcripts,0,assistant,What are you hoping to find?
public_03,train,syn_daaf3d37d8981bbac7062269b5baad10,30,authored_templates_not_real_transcripts,1,user,I am still working out what I want.
public_03,train,syn_daaf3d37d8981bbac7062269b5baad10,30,authored_templates_not_real_transcripts,2,assistant,What pace feels comfortable?
public_03,train,syn_daaf3d37d8981bbac7062269b5baad10,30,authored_templates_not_real_transcripts,3,user,A steady pace suits me.
public_03,train,syn_daaf3d37d8981bbac7062269b5baad10,30,authored_templates_not_real_transcripts,4,assistant,How do you tend to spend free time?
public_03,train,syn_daaf3d37d8981bbac7062269b5baad10,30,authored_templates_not_real_transcripts,5,user,I usually prefer a quiet evening.
public_03,train,syn_daaf3d37d8981bbac7062269b5baad10,30,authored_templates_not_real_transcripts,6,assistant,What kinds of conversation do you enjoy?
public_03,train,syn_daaf3d37d8981bbac7062269b5baad10,30,authored_templates_not_real_transcripts,7,user,I like hearing the stories behind things.
public_03,train,syn_22b9fdbfdbed4adc34812b16506273b8,30,authored_templates_not_real_transcripts,0,assistant,What are you hoping to find?
public_03,train,syn_22b9fdbfdbed4adc34812b16506273b8,30,authored_templates_not_real_transcripts,1,user,I am still working out what I want.
public_03,train,syn_7890ec61d2453731c2bed8b2c3789683,30,authored_templates_not_real_transcripts,0,assistant,What are you hoping to find?
public_03,train,syn_7890ec61d2453731c2bed8b2c3789683,30,authored_templates_not_real_transcripts,1,user,I would like to build a lasting relationship.
public_03,train,syn_9e8d1811f36ca13c54a2bb19577a4bda,30,authored_templates_not_real_transcripts,0,assistant,What are you hoping to find?
public_03,train,syn_9e8d1811f36ca13c54a2bb19577a4bda,30,authored_templates_not_real_transcripts,1,user,I am still working out what I want.
public_03,train,syn_9e8d1811f36ca13c54a2bb19577a4bda,30,authored_templates_not_real_transcripts,2,assistant,What pace feels comfortable?
public_03,train,syn_9e8d1811f36ca13c54a2bb19577a4bda,30,authored_templates_not_real_transcripts,3,user,I prefer to get to know someone gradually.
public_03,train,syn_9e8d1811f36ca13c54a2bb19577a4bda,30,authored_templates_not_real_transcripts,4,assistant,How do you tend to spend free time?
public_03,train,syn_9e8d1811f36ca13c54a2bb19577a4bda,30,authored_templates_not_real_transcripts,5,user,I usually prefer a quiet evening.
public_03,train,syn_9e8d1811f36ca13c54a2bb19577a4bda,30,authored_templates_not_real_transcripts,6,assistant,What kinds of conversation do you enjoy?
public_03,train,syn_9e8d1811f36ca13c54a2bb19577a4bda,30,authored_templates_not_real_transcripts,7,user,I enjoy talking about ideas.
public_03,train,syn_d0bf92a097ec2c0a9b0a584902555e47,30,authored_templates_not_real_transcripts,0,assistant,What kinds of conversation do you enjoy?
public_03,train,syn_d0bf92a097ec2c0a9b0a584902555e47,30,authored_templates_not_real_transcripts,1,user,I like hearing the stories behind things.
public_03,train,syn_18a7e01b9e23964097c13510afb4aeab,30,authored_templates_not_real_transcripts,0,assistant,What are you hoping to find?
public_03,train,syn_18a7e01b9e23964097c13510afb4aeab,30,authored_templates_not_real_transcripts,1,user,I would like to build a lasting relationship.
public_03,train,syn_18a7e01b9e23964097c13510afb4aeab,30,authored_templates_not_real_transcripts,2,assistant,What pace feels comfortable?
public_03,train,syn_18a7e01b9e23964097c13510afb4aeab,30,authored_templates_not_real_transcripts,3,user,I prefer to get to know someone gradually.
public_03,train,syn_18a7e01b9e23964097c13510afb4aeab,30,authored_templates_not_real_transcripts,4,assistant,How do you tend to spend free time?
public_03,train,syn_18a7e01b9e23964097c13510afb4aeab,30,authored_templates_not_real_transcripts,5,user,I usually prefer a quiet evening.
public_03,train,syn_18a7e01b9e23964097c13510afb4aeab,30,authored_templates_not_real_transcripts,6,assistant,What kinds of conversation do you enjoy?
public_03,train,syn_18a7e01b9e23964097c13510afb4aeab,30,authored_templates_not_real_transcripts,7,user,I enjoy talking about ideas.
public_03,train,syn_35920e23c8428118ee7c8b4377328d5e,30,authored_templates_not_real_transcripts,0,assistant,What are you hoping to find?
public_03,train,syn_35920e23c8428118ee7c8b4377328d5e,30,authored_templates_not_real_transcripts,1,user,I am still working out what I want.
public_03,train,syn_35920e23c8428118ee7c8b4377328d5e,30,authored_templates_not_real_transcripts,2,assistant,What pace feels comfortable?
public_03,train,syn_35920e23c8428118ee7c8b4377328d5e,30,authored_templates_not_real_transcripts,3,user,I prefer to get to know someone gradually.
public_03,train,syn_35920e23c8428118ee7c8b4377328d5e,30,authored_templates_not_real_transcripts,4,assistant,How do you tend to spend free time?
public_03,train,syn_35920e23c8428118ee7c8b4377328d5e,30,authored_templates_not_real_transcripts,5,user,I enjoy having plans with people.
public_03,train,syn_35920e23c8428118ee7c8b4377328d5e,30,authored_templates_not_real_transcripts,6,assistant,What kinds of conversation do you enjoy?
public_03,train,syn_35920e23c8428118ee7c8b4377328d5e,30,authored_templates_not_real_transcripts,7,user,I like hearing the stories behind things.
public_03,train,syn_1386702035718f2adc1df53d409beb16,30,authored_templates_not_real_transcripts,0,assistant,What are you hoping to find?
public_03,train,syn_1386702035718f2adc1df53d409beb16,30,authored_templates_not_real_transcripts,1,user,I would like to build a lasting relationship.
public_03,train,syn_1386702035718f2adc1df53d409beb16,30,authored_templates_not_real_transcripts,2,assistant,What pace feels comfortable?
public_03,train,syn_1386702035718f2adc1df53d409beb16,30,authored_templates_not_real_transcripts,3,user,A steady pace suits me.
public_03,train,syn_1386702035718f2adc1df53d409beb16,30,authored_templates_not_real_transcripts,4,assistant,How do you tend to spend free time?
public_03,train,syn_1386702035718f2adc1df53d409beb16,30,authored_templates_not_real_transcripts,5,user,I like a mixture of quiet time and seeing people.
public_03,train,syn_1386702035718f2adc1df53d409beb16,30,authored_templates_not_real_transcripts,6,assistant,What kinds of conversation do you enjoy?
public_03,train,syn_1386702035718f2adc1df53d409beb16,30,authored_templates_not_real_transcripts,7,user,I like hearing the stories behind things.
public_03,train,syn_ff37599edbd1e12ea5c1619ac4540fef,30,authored_templates_not_real_transcripts,0,assistant,What are you hoping to find?
public_03,train,syn_ff37599edbd1e12ea5c1619ac4540fef,30,authored_templates_not_real_transcripts,1,user,I am still working out what I want.
public_03,train,syn_ff37599edbd1e12ea5c1619ac4540fef,30,authored_templates_not_real_transcripts,2,assistant,What pace feels comfortable?
public_03,train,syn_ff37599edbd1e12ea5c1619ac4540fef,30,authored_templates_not_real_transcripts,3,user,I am comfortable meeting fairly soon.
public_03,train,syn_ff37599edbd1e12ea5c1619ac4540fef,30,authored_templates_not_real_transcripts,4,assistant,How do you tend to spend free time?
public_03,train,syn_ff37599edbd1e12ea5c1619ac4540fef,30,authored_templates_not_real_transcripts,5,user,I enjoy having plans with people.
public_03,train,syn_ff37599edbd1e12ea5c1619ac4540fef,30,authored_templates_not_real_transcripts,6,assistant,What kinds of conversation do you enjoy?
public_03,train,syn_ff37599edbd1e12ea5c1619ac4540fef,30,authored_templates_not_real_transcripts,7,user,I like a playful conversation.
public_03,train,syn_9cee35cb4a989dbe9c5631220a2e710b,30,authored_templates_not_real_transcripts,0,assistant,What are you hoping to find?
public_03,train,syn_9cee35cb4a989dbe9c5631220a2e710b,30,authored_templates_not_real_transcripts,1,user,I would like to build a lasting relationship.
public_03,train,syn_9cee35cb4a989dbe9c5631220a2e710b,30,authored_templates_not_real_transcripts,2,assistant,What pace feels comfortable?
public_03,train,syn_9cee35cb4a989dbe9c5631220a2e710b,30,authored_templates_not_real_transcripts,3,user,A steady pace suits me.
public_03,train,syn_9cee35cb4a989dbe9c5631220a2e710b,30,authored_templates_not_real_transcripts,4,assistant,How do you tend to spend free time?
public_03,train,syn_9cee35cb4a989dbe9c5631220a2e710b,30,authored_templates_not_real_transcripts,5,user,I like a mixture of quiet time and seeing people.
public_03,train,syn_9cee35cb4a989dbe9c5631220a2e710b,30,authored_templates_not_real_transcripts,6,assistant,What kinds of conversation do you enjoy?
public_03,train,syn_9cee35cb4a989dbe9c5631220a2e710b,30,authored_templates_not_real_transcripts,7,user,I like hearing the stories behind things.
public_03,train,syn_71795df1493d970b6f072077ea076bb9,30,authored_templates_not_real_transcripts,0,assistant,What are you hoping to find?
public_03,train,syn_71795df1493d970b6f072077ea076bb9,30,authored_templates_not_real_transcripts,1,user,I would like to build a lasting relationship.
public_03,train,syn_71795df1493d970b6f072077ea076bb9,30,authored_templates_not_real_transcripts,2,assistant,What pace feels comfortable?
public_03,train,syn_71795df1493d970b6f072077ea076bb9,30,authored_templates_not_real_transcripts,3,user,I am comfortable meeting fairly soon.
public_03,train,syn_71795df1493d970b6f072077ea076bb9,30,authored_templates_not_real_transcripts,4,assistant,How do you tend to spend free time?
public_03,train,syn_71795df1493d970b6f072077ea076bb9,30,authored_templates_not_real_transcripts,5,user,I enjoy having plans with people.
public_03,train,syn_71795df1493d970b6f072077ea076bb9,30,authored_templates_not_real_transcripts,6,assistant,What kinds of conversation do you enjoy?
public_03,train,syn_71795df1493d970b6f072077ea076bb9,30,authored_templates_not_real_transcripts,7,user,I enjoy talking about ideas.
public_03,train,syn_b9f8cb22fad98fd6c5bf81cc85660b83,30,authored_templates_not_real_transcripts,0,assistant,What are you hoping to find?
public_03,train,syn_b9f8cb22fad98fd6c5bf81cc85660b83,30,authored_templates_not_real_transcripts,1,user,I am still working out what I want.
public_03,train,syn_b9f8cb22fad98fd6c5bf81cc85660b83,30,authored_templates_not_real_transcripts,2,assistant,What pace feels comfortable?
public_03,train,syn_b9f8cb22fad98fd6c5bf81cc85660b83,30,authored_templates_not_real_transcripts,3,user,I am comfortable meeting fairly soon.
public_03,train,syn_b9f8cb22fad98fd6c5bf81cc85660b83,30,authored_templates_not_real_transcripts,4,assistant,How do you tend to spend free time?
public_03,train,syn_b9f8cb22fad98fd6c5bf81cc85660b83,30,authored_templates_not_real_transcripts,5,user,I usually prefer a quiet evening.
public_03,train,syn_b9f8cb22fad98fd6c5bf81cc85660b83,30,authored_templates_not_real_transcripts,6,assistant,What kinds of conversation do you enjoy?
public_03,train,syn_b9f8cb22fad98fd6c5bf81cc85660b83,30,authored_templates_not_real_transcripts,7,user,I enjoy talking about ideas.
public_03,train,syn_88499320afef8881ba77896881e51bcf,30,authored_templates_not_real_transcripts,0,assistant,What pace feels comfortable?
public_03,train,syn_88499320afef8881ba77896881e51bcf,30,authored_templates_not_real_transcripts,1,user,I prefer to get to know someone gradually.
public_03,train,syn_e5d18942277d59e159571a60417084dd,30,authored_templates_not_real_transcripts,0,assistant,What are you hoping to find?
public_03,train,syn_e5d18942277d59e159571a60417084dd,30,authored_templates_not_real_transcripts,1,user,I am still working out what I want.
public_03,train,syn_e5d18942277d59e159571a60417084dd,30,authored_templates_not_real_transcripts,2,assistant,What pace feels comfortable?
public_03,train,syn_e5d18942277d59e159571a60417084dd,30,authored_templates_not_real_transcripts,3,user,I am comfortable meeting fairly soon.
public_03,train,syn_e5d18942277d59e159571a60417084dd,30,authored_templates_not_real_transcripts,4,assistant,How do you tend to spend free time?
public_03,train,syn_e5d18942277d59e159571a60417084dd,30,authored_templates_not_real_transcripts,5,user,I enjoy having plans with people.
public_03,train,syn_e5d18942277d59e159571a60417084dd,30,authored_templates_not_real_transcripts,6,assistant,What kinds of conversation do you enjoy?
public_03,train,syn_e5d18942277d59e159571a60417084dd,30,authored_templates_not_real_transcripts,7,user,I enjoy working through practical questions.
public_03,train,syn_5a1afff709b07135b4b9cb50cadd9b89,30,authored_templates_not_real_transcripts,0,assistant,What are you hoping to find?
public_03,train,syn_5a1afff709b07135b4b9cb50cadd9b89,30,authored_templates_not_real_transcripts,1,user,I would like to build a lasting relationship.
public_03,train,syn_5a1afff709b07135b4b9cb50cadd9b89,30,authored_templates_not_real_transcripts,2,assistant,What pace feels comfortable?
public_03,train,syn_5a1afff709b07135b4b9cb50cadd9b89,30,authored_templates_not_real_transcripts,3,user,I prefer to get to know someone gradually.
public_03,train,syn_5a1afff709b07135b4b9cb50cadd9b89,30,authored_templates_not_real_transcripts,4,assistant,How do you tend to spend free time?
public_03,train,syn_5a1afff709b07135b4b9cb50cadd9b89,30,authored_templates_not_real_transcripts,5,user,I enjoy having plans with people.
public_03,train,syn_5a1afff709b07135b4b9cb50cadd9b89,30,authored_templates_not_real_transcripts,6,assistant,What kinds of conversation do you enjoy?
public_03,train,syn_5a1afff709b07135b4b9cb50cadd9b89,30,authored_templates_not_real_transcripts,7,user,I like a playful conversation.
public_03,train,syn_3d8576cd1d963097c3fe9bc506a7f764,30,authored_templates_not_real_transcripts,0,assistant,What are you hoping to find?
public_03,train,syn_3d8576cd1d963097c3fe9bc506a7f764,30,authored_templates_not_real_transcripts,1,user,I am still working out what I want.
public_03,train,syn_3d8576cd1d963097c3fe9bc506a7f764,30,authored_templates_not_real_transcripts,2,assistant,What pace feels comfortable?
public_03,train,syn_3d8576cd1d963097c3fe9bc506a7f764,30,authored_templates_not_real_transcripts,3,user,I prefer to get to know someone gradually.
public_03,train,syn_3d8576cd1d963097c3fe9bc506a7f764,30,authored_templates_not_real_transcripts,4,assistant,How do you tend to spend free time?
public_03,train,syn_3d8576cd1d963097c3fe9bc506a7f764,30,authored_templates_not_real_transcripts,5,user,I enjoy having plans with people.
public_03,train,syn_3d8576cd1d963097c3fe9bc506a7f764,30,authored_templates_not_real_transcripts,6,assistant,What kinds of conversation do you enjoy?
public_03,train,syn_3d8576cd1d963097c3fe9bc506a7f764,30,authored_templates_not_real_transcripts,7,user,I enjoy working through practical questions.
public_03,train,syn_b551932b98ed0e53e66abc9f076817d4,30,authored_templates_not_real_transcripts,0,assistant,What kinds of conversation do you enjoy?
public_03,train,syn_b551932b98ed0e53e66abc9f076817d4,30,authored_templates_not_real_transcripts,1,user,I like a playful conversation.
public_03,train,syn_27acdff62392ec6c2f7235dc7280b1de,30,authored_templates_not_real_transcripts,0,assistant,How do you tend to spend free time?
public_03,train,syn_27acdff62392ec6c2f7235dc7280b1de,30,authored_templates_not_real_transcripts,1,user,I enjoy having plans with people.
public_03,train,syn_15094d95bee0f3794505e615ef38f757,30,authored_templates_not_real_transcripts,0,assistant,What are you hoping to find?
public_03,train,syn_15094d95bee0f3794505e615ef38f757,30,authored_templates_not_real_transcripts,1,user,I am still working out what I want.
public_03,train,syn_15094d95bee0f3794505e615ef38f757,30,authored_templates_not_real_transcripts,2,assistant,What pace feels comfortable?
public_03,train,syn_15094d95bee0f3794505e615ef38f757,30,authored_templates_not_real_transcripts,3,user,A steady pace suits me.
public_03,train,syn_15094d95bee0f3794505e615ef38f757,30,authored_templates_not_real_transcripts,4,assistant,How do you tend to spend free time?
public_03,train,syn_15094d95bee0f3794505e615ef38f757,30,authored_templates_not_real_transcripts,5,user,I like a mixture of quiet time and seeing people.
public_03,train,syn_15094d95bee0f3794505e615ef38f757,30,authored_templates_not_real_transcripts,6,assistant,What kinds of conversation do you enjoy?
public_03,train,syn_15094d95bee0f3794505e615ef38f757,30,authored_templates_not_real_transcripts,7,user,I enjoy talking about ideas.
public_03,train,syn_97301bd229d9800eb8563ec33bc292c0,30,authored_templates_not_real_transcripts,0,assistant,What kinds of conversation do you enjoy?
public_03,train,syn_97301bd229d9800eb8563ec33bc292c0,30,authored_templates_not_real_transcripts,1,user,I like hearing the stories behind things.
public_03,train,syn_29a3041127648f022e187c36d716742b,30,authored_templates_not_real_transcripts,0,assistant,How do you tend to spend free time?
public_03,train,syn_29a3041127648f022e187c36d716742b,30,authored_templates_not_real_transcripts,1,user,I usually prefer a quiet evening.
public_03,train,syn_29a3041127648f022e187c36d716742b,30,authored_templates_not_real_transcripts,2,assistant,What kinds of conversation do you enjoy?
public_03,train,syn_29a3041127648f022e187c36d716742b,30,authored_templates_not_real_transcripts,3,user,I enjoy working through practical questions.
public_03,train,syn_e716080fca8c7e4108e2bfd2673c623f,30,authored_templates_not_real_transcripts,0,assistant,What are you hoping to find?
public_03,train,syn_e716080fca8c7e4108e2bfd2673c623f,30,authored_templates_not_real_transcripts,1,user,I am still working out what I want.
public_03,train,syn_e716080fca8c7e4108e2bfd2673c623f,30,authored_templates_not_real_transcripts,2,assistant,What pace feels comfortable?
public_03,train,syn_e716080fca8c7e4108e2bfd2673c623f,30,authored_templates_not_real_transcripts,3,user,I prefer to get to know someone gradually.
public_03,train,syn_e716080fca8c7e4108e2bfd2673c623f,30,authored_templates_not_real_transcripts,4,assistant,How do you tend to spend free time?
public_03,train,syn_e716080fca8c7e4108e2bfd2673c623f,30,authored_templates_not_real_transcripts,5,user,I enjoy having plans with people.
public_03,train,syn_e716080fca8c7e4108e2bfd2673c623f,30,authored_templates_not_real_transcripts,6,assistant,What kinds of conversation do you enjoy?
public_03,train,syn_e716080fca8c7e4108e2bfd2673c623f,30,authored_templates_not_real_transcripts,7,user,I like hearing the stories behind things.
public_03,train,syn_d2414464b2a6a05ebd2a96f0dc02327f,30,authored_templates_not_real_transcripts,0,assistant,What are you hoping to find?
public_03,train,syn_d2414464b2a6a05ebd2a96f0dc02327f,30,authored_templates_not_real_transcripts,1,user,I would like to build a lasting relationship.
public_03,train,syn_d2414464b2a6a05ebd2a96f0dc02327f,30,authored_templates_not_real_transcripts,2,assistant,What pace feels comfortable?
public_03,train,syn_d2414464b2a6a05ebd2a96f0dc02327f,30,authored_templates_not_real_transcripts,3,user,I prefer to get to know someone gradually.
public_03,train,syn_d2414464b2a6a05ebd2a96f0dc02327f,30,authored_templates_not_real_transcripts,4,assistant,How do you tend to spend free time?
public_03,train,syn_d2414464b2a6a05ebd2a96f0dc02327f,30,authored_templates_not_real_transcripts,5,user,I usually prefer a quiet evening.
public_03,train,syn_d2414464b2a6a05ebd2a96f0dc02327f,30,authored_templates_not_real_transcripts,6,assistant,What kinds of conversation do you enjoy?
public_03,train,syn_d2414464b2a6a05ebd2a96f0dc02327f,30,authored_templates_not_real_transcripts,7,user,I like a playful conversation.
public_03,train,syn_e4817a691db5cd5fed599dbc64460e0f,30,authored_templates_not_real_transcripts,0,assistant,What are you hoping to find?
public_03,train,syn_e4817a691db5cd5fed599dbc64460e0f,30,authored_templates_not_real_transcripts,1,user,I would like to build a lasting relationship.
public_03,train,syn_e4817a691db5cd5fed599dbc64460e0f,30,authored_templates_not_real_transcripts,2,assistant,What pace feels comfortable?
public_03,train,syn_e4817a691db5cd5fed599dbc64460e0f,30,authored_templates_not_real_transcripts,3,user,A steady pace suits me.
public_03,train,syn_e4817a691db5cd5fed599dbc64460e0f,30,authored_templates_not_real_transcripts,4,assistant,How do you tend to spend free time?
public_03,train,syn_e4817a691db5cd5fed599dbc64460e0f,30,authored_templates_not_real_transcripts,5,user,I usually prefer a quiet evening.
public_03,train,syn_e4817a691db5cd5fed599dbc64460e0f,30,authored_templates_not_real_transcripts,6,assistant,What kinds of conversation do you enjoy?
public_03,train,syn_e4817a691db5cd5fed599dbc64460e0f,30,authored_templates_not_real_transcripts,7,user,I like a playful conversation.
public_03,train,syn_7dab1a94040b7352481016975ac24cc9,30,authored_templates_not_real_transcripts,0,assistant,What are you hoping to find?
public_03,train,syn_7dab1a94040b7352481016975ac24cc9,30,authored_templates_not_real_transcripts,1,user,I am still working out what I want.
public_03,train,syn_7dab1a94040b7352481016975ac24cc9,30,authored_templates_not_real_transcripts,2,assistant,What pace feels comfortable?
public_03,train,syn_7dab1a94040b7352481016975ac24cc9,30,authored_templates_not_real_transcripts,3,user,I am comfortable meeting fairly soon.
public_03,train,syn_7dab1a94040b7352481016975ac24cc9,30,authored_templates_not_real_transcripts,4,assistant,How do you tend to spend free time?
public_03,train,syn_7dab1a94040b7352481016975ac24cc9,30,authored_templates_not_real_transcripts,5,user,I enjoy having plans with people.
public_03,train,syn_7dab1a94040b7352481016975ac24cc9,30,authored_templates_not_real_transcripts,6,assistant,What kinds of conversation do you enjoy?
public_03,train,syn_7dab1a94040b7352481016975ac24cc9,30,authored_templates_not_real_transcripts,7,user,I like a playful conversation.
public_03,train,syn_e6d67192c35395af70347c1dc1630fc7,30,authored_templates_not_real_transcripts,0,assistant,What are you hoping to find?
public_03,train,syn_e6d67192c35395af70347c1dc1630fc7,30,authored_templates_not_real_transcripts,1,user,I would like to build a lasting relationship.
public_03,train,syn_e6d67192c35395af70347c1dc1630fc7,30,authored_templates_not_real_transcripts,2,assistant,What pace feels comfortable?
public_03,train,syn_e6d67192c35395af70347c1dc1630fc7,30,authored_templates_not_real_transcripts,3,user,I am comfortable meeting fairly soon.
public_03,train,syn_e6d67192c35395af70347c1dc1630fc7,30,authored_templates_not_real_transcripts,4,assistant,How do you tend to spend free time?
public_03,train,syn_e6d67192c35395af70347c1dc1630fc7,30,authored_templates_not_real_transcripts,5,user,I enjoy having plans with people.
public_03,train,syn_e6d67192c35395af70347c1dc1630fc7,30,authored_templates_not_real_transcripts,6,assistant,What kinds of conversation do you enjoy?
public_03,train,syn_e6d67192c35395af70347c1dc1630fc7,30,authored_templates_not_real_transcripts,7,user,I enjoy working through practical questions.
public_03,train,syn_e9151c2187b3905df9c912f16d8c0624,30,authored_templates_not_real_transcripts,0,assistant,What are you hoping to find?
public_03,train,syn_e9151c2187b3905df9c912f16d8c0624,30,authored_templates_not_real_transcripts,1,user,I am still working out what I want.
public_03,train,syn_e9151c2187b3905df9c912f16d8c0624,30,authored_templates_not_real_transcripts,2,assistant,What pace feels comfortable?
public_03,train,syn_e9151c2187b3905df9c912f16d8c0624,30,authored_templates_not_real_transcripts,3,user,I am comfortable meeting fairly soon.
public_03,train,syn_e9151c2187b3905df9c912f16d8c0624,30,authored_templates_not_real_transcripts,4,assistant,How do you tend to spend free time?
public_03,train,syn_e9151c2187b3905df9c912f16d8c0624,30,authored_templates_not_real_transcripts,5,user,I usually prefer a quiet evening.
public_03,train,syn_e9151c2187b3905df9c912f16d8c0624,30,authored_templates_not_real_transcripts,6,assistant,What kinds of conversation do you enjoy?
public_03,train,syn_e9151c2187b3905df9c912f16d8c0624,30,authored_templates_not_real_transcripts,7,user,I enjoy working through practical questions.
public_03,train,syn_7e8db0ab9c3b81d99491dd62617fabfd,30,authored_templates_not_real_transcripts,0,assistant,What are you hoping to find?
public_03,train,syn_7e8db0ab9c3b81d99491dd62617fabfd,30,authored_templates_not_real_transcripts,1,user,I would like to build a lasting relationship.
public_03,train,syn_7e8db0ab9c3b81d99491dd62617fabfd,30,authored_templates_not_real_transcripts,2,assistant,What pace feels comfortable?
public_03,train,syn_7e8db0ab9c3b81d99491dd62617fabfd,30,authored_templates_not_real_transcripts,3,user,I am comfortable meeting fairly soon.
public_03,train,syn_7e8db0ab9c3b81d99491dd62617fabfd,30,authored_templates_not_real_transcripts,4,assistant,How do you tend to spend free time?
public_03,train,syn_7e8db0ab9c3b81d99491dd62617fabfd,30,authored_templates_not_real_transcripts,5,user,I usually prefer a quiet evening.
public_03,train,syn_7e8db0ab9c3b81d99491dd62617fabfd,30,authored_templates_not_real_transcripts,6,assistant,What kinds of conversation do you enjoy?
public_03,train,syn_7e8db0ab9c3b81d99491dd62617fabfd,30,authored_templates_not_real_transcripts,7,user,I like a playful conversation.
public_03,train,syn_627291d2d2016660f5252586e2e4de14,30,authored_templates_not_real_transcripts,0,assistant,What are you hoping to find?
public_03,train,syn_627291d2d2016660f5252586e2e4de14,30,authored_templates_not_real_transcripts,1,user,I am still working out what I want.
public_03,train,syn_627291d2d2016660f5252586e2e4de14,30,authored_templates_not_real_transcripts,2,assistant,What pace feels comfortable?
public_03,train,syn_627291d2d2016660f5252586e2e4de14,30,authored_templates_not_real_transcripts,3,user,I prefer to get to know someone gradually.
public_03,train,syn_627291d2d2016660f5252586e2e4de14,30,authored_templates_not_real_transcripts,4,assistant,How do you tend to spend free time?
public_03,train,syn_627291d2d2016660f5252586e2e4de14,30,authored_templates_not_real_transcripts,5,user,I usually prefer a quiet evening.
public_03,train,syn_627291d2d2016660f5252586e2e4de14,30,authored_templates_not_real_transcripts,6,assistant,What kinds of conversation do you enjoy?
public_03,train,syn_627291d2d2016660f5252586e2e4de14,30,authored_templates_not_real_transcripts,7,user,I like hearing the stories behind things.
public_03,train,syn_27b6815a4aa3866c63e67253b8b1007c,30,authored_templates_not_real_transcripts,0,assistant,What pace feels comfortable?
public_03,train,syn_27b6815a4aa3866c63e67253b8b1007c,30,authored_templates_not_real_transcripts,1,user,I prefer to get to know someone gradually.
public_03,train,syn_2f90830eb7a40092ed773997fa2131d0,30,authored_templates_not_real_transcripts,0,assistant,What are you hoping to find?
public_03,train,syn_2f90830eb7a40092ed773997fa2131d0,30,authored_templates_not_real_transcripts,1,user,I am still working out what I want.
public_03,train,syn_2f90830eb7a40092ed773997fa2131d0,30,authored_templates_not_real_transcripts,2,assistant,What pace feels comfortable?
public_03,train,syn_2f90830eb7a40092ed773997fa2131d0,30,authored_templates_not_real_transcripts,3,user,I am comfortable meeting fairly soon.
public_03,train,syn_2f90830eb7a40092ed773997fa2131d0,30,authored_templates_not_real_transcripts,4,assistant,How do you tend to spend free time?
public_03,train,syn_2f90830eb7a40092ed773997fa2131d0,30,authored_templates_not_real_transcripts,5,user,I like a mixture of quiet time and seeing people.
public_03,train,syn_2f90830eb7a40092ed773997fa2131d0,30,authored_templates_not_real_transcripts,6,assistant,What kinds of conversation do you enjoy?
public_03,train,syn_2f90830eb7a40092ed773997fa2131d0,30,authored_templates_not_real_transcripts,7,user,I like hearing the stories behind things.
public_03,train,syn_28d517408e40bd0377c2f85b509f3080,30,authored_templates_not_real_transcripts,0,assistant,What are you hoping to find?
public_03,train,syn_28d517408e40bd0377c2f85b509f3080,30,authored_templates_not_real_transcripts,1,user,I would like to build a lasting relationship.
public_03,train,syn_28d517408e40bd0377c2f85b509f3080,30,authored_templates_not_real_transcripts,2,assistant,What pace feels comfortable?
public_03,train,syn_28d517408e40bd0377c2f85b509f3080,30,authored_templates_not_real_transcripts,3,user,I am comfortable meeting fairly soon.
public_03,train,syn_28d517408e40bd0377c2f85b509f3080,30,authored_templates_not_real_transcripts,4,assistant,How do you tend to spend free time?
public_03,train,syn_28d517408e40bd0377c2f85b509f3080,30,authored_templates_not_real_transcripts,5,user,I like a mixture of quiet time and seeing people.
public_03,train,syn_28d517408e40bd0377c2f85b509f3080,30,authored_templates_not_real_transcripts,6,assistant,What kinds of conversation do you enjoy?
public_03,train,syn_28d517408e40bd0377c2f85b509f3080,30,authored_templates_not_real_transcripts,7,user,I like a playful conversation.
public_03,train,syn_cb05894fe8461694a85bee0a8d796961,30,authored_templates_not_real_transcripts,0,assistant,What are you hoping to find?
public_03,train,syn_cb05894fe8461694a85bee0a8d796961,30,authored_templates_not_real_transcripts,1,user,I am still working out what I want.
public_03,train,syn_cb05894fe8461694a85bee0a8d796961,30,authored_templates_not_real_transcripts,2,assistant,What pace feels comfortable?
public_03,train,syn_cb05894fe8461694a85bee0a8d796961,30,authored_templates_not_real_transcripts,3,user,A steady pace suits me.
public_03,train,syn_cb05894fe8461694a85bee0a8d796961,30,authored_templates_not_real_transcripts,4,assistant,How do you tend to spend free time?
public_03,train,syn_cb05894fe8461694a85bee0a8d796961,30,authored_templates_not_real_transcripts,5,user,I like a mixture of quiet time and seeing people.
public_03,train,syn_cb05894fe8461694a85bee0a8d796961,30,authored_templates_not_real_transcripts,6,assistant,What kinds of conversation do you enjoy?
public_03,train,syn_cb05894fe8461694a85bee0a8d796961,30,authored_templates_not_real_transcripts,7,user,I like a playful conversation.
public_04,train,syn_efbaa82ff2646933be80b9348534c2f4,30,authored_templates_not_real_transcripts,0,assistant,What are you hoping to find?
public_04,train,syn_efbaa82ff2646933be80b9348534c2f4,30,authored_templates_not_real_transcripts,1,user,I am still working out what I want.
public_04,train,syn_efbaa82ff2646933be80b9348534c2f4,30,authored_templates_not_real_transcripts,2,assistant,What pace feels comfortable?
public_04,train,syn_efbaa82ff2646933be80b9348534c2f4,30,authored_templates_not_real_transcripts,3,user,I prefer to get to know someone gradually.
public_04,train,syn_efbaa82ff2646933be80b9348534c2f4,30,authored_templates_not_real_transcripts,4,assistant,How do you tend to spend free time?
public_04,train,syn_efbaa82ff2646933be80b9348534c2f4,30,authored_templates_not_real_transcripts,5,user,I like a mixture of quiet time and seeing people.
public_04,train,syn_efbaa82ff2646933be80b9348534c2f4,30,authored_templates_not_real_transcripts,6,assistant,What kinds of conversation do you enjoy?
public_04,train,syn_efbaa82ff2646933be80b9348534c2f4,30,authored_templates_not_real_transcripts,7,user,I enjoy talking about ideas.
public_04,train,syn_e1292b6233168a52fde8c6c87dab2b5d,30,authored_templates_not_real_transcripts,0,assistant,What are you hoping to find?
public_04,train,syn_e1292b6233168a52fde8c6c87dab2b5d,30,authored_templates_not_real_transcripts,1,user,I am still working out what I want.
public_04,train,syn_e1292b6233168a52fde8c6c87dab2b5d,30,authored_templates_not_real_transcripts,2,assistant,What pace feels comfortable?
public_04,train,syn_e1292b6233168a52fde8c6c87dab2b5d,30,authored_templates_not_real_transcripts,3,user,I prefer to get to know someone gradually.
public_04,train,syn_e1292b6233168a52fde8c6c87dab2b5d,30,authored_templates_not_real_transcripts,4,assistant,How do you tend to spend free time?
public_04,train,syn_e1292b6233168a52fde8c6c87dab2b5d,30,authored_templates_not_real_transcripts,5,user,I like a mixture of quiet time and seeing people.
public_04,train,syn_e1292b6233168a52fde8c6c87dab2b5d,30,authored_templates_not_real_transcripts,6,assistant,What kinds of conversation do you enjoy?
public_04,train,syn_e1292b6233168a52fde8c6c87dab2b5d,30,authored_templates_not_real_transcripts,7,user,I like hearing the stories behind things.
public_04,train,syn_524308ae64342137a0712e7da1ca7533,30,authored_templates_not_real_transcripts,0,assistant,What kinds of conversation do you enjoy?
public_04,train,syn_524308ae64342137a0712e7da1ca7533,30,authored_templates_not_real_transcripts,1,user,I enjoy working through practical questions.
public_04,train,syn_321a39fae8f0dba4e3edbab774b58d93,30,authored_templates_not_real_transcripts,0,assistant,What are you hoping to find?
public_04,train,syn_321a39fae8f0dba4e3edbab774b58d93,30,authored_templates_not_real_transcripts,1,user,I am still working out what I want.
public_04,train,syn_321a39fae8f0dba4e3edbab774b58d93,30,authored_templates_not_real_transcripts,2,assistant,What pace feels comfortable?
public_04,train,syn_321a39fae8f0dba4e3edbab774b58d93,30,authored_templates_not_real_transcripts,3,user,I am comfortable meeting fairly soon.
public_04,train,syn_321a39fae8f0dba4e3edbab774b58d93,30,authored_templates_not_real_transcripts,4,assistant,How do you tend to spend free time?
public_04,train,syn_321a39fae8f0dba4e3edbab774b58d93,30,authored_templates_not_real_transcripts,5,user,I like a mixture of quiet time and seeing people.
public_04,train,syn_321a39fae8f0dba4e3edbab774b58d93,30,authored_templates_not_real_transcripts,6,assistant,What kinds of conversation do you enjoy?
public_04,train,syn_321a39fae8f0dba4e3edbab774b58d93,30,authored_templates_not_real_transcripts,7,user,I like a playful conversation.
public_04,train,syn_ec05382d80bba6e4273caefd8c1c6f6d,30,authored_templates_not_real_transcripts,0,assistant,What are you hoping to find?
public_04,train,syn_ec05382d80bba6e4273caefd8c1c6f6d,30,authored_templates_not_real_transcripts,1,user,I am still working out what I want.
public_04,train,syn_ec05382d80bba6e4273caefd8c1c6f6d,30,authored_templates_not_real_transcripts,2,assistant,What pace feels comfortable?
public_04,train,syn_ec05382d80bba6e4273caefd8c1c6f6d,30,authored_templates_not_real_transcripts,3,user,I prefer to get to know someone gradually.
public_04,train,syn_ec05382d80bba6e4273caefd8c1c6f6d,30,authored_templates_not_real_transcripts,4,assistant,How do you tend to spend free time?
public_04,train,syn_ec05382d80bba6e4273caefd8c1c6f6d,30,authored_templates_not_real_transcripts,5,user,I enjoy having plans with people.
public_04,train,syn_ec05382d80bba6e4273caefd8c1c6f6d,30,authored_templates_not_real_transcripts,6,assistant,What kinds of conversation do you enjoy?
public_04,train,syn_ec05382d80bba6e4273caefd8c1c6f6d,30,authored_templates_not_real_transcripts,7,user,I enjoy working through practical questions.
public_04,train,syn_daa0b4e695710c22fb07cee044a6615a,30,authored_templates_not_real_transcripts,0,assistant,What are you hoping to find?
public_04,train,syn_daa0b4e695710c22fb07cee044a6615a,30,authored_templates_not_real_transcripts,1,user,I would like to build a lasting relationship.
public_04,train,syn_daa0b4e695710c22fb07cee044a6615a,30,authored_templates_not_real_transcripts,2,assistant,What pace feels comfortable?
public_04,train,syn_daa0b4e695710c22fb07cee044a6615a,30,authored_templates_not_real_transcripts,3,user,I am comfortable meeting fairly soon.
public_04,train,syn_daa0b4e695710c22fb07cee044a6615a,30,authored_templates_not_real_transcripts,4,assistant,How do you tend to spend free time?
public_04,train,syn_daa0b4e695710c22fb07cee044a6615a,30,authored_templates_not_real_transcripts,5,user,I usually prefer a quiet evening.
public_04,train,syn_daa0b4e695710c22fb07cee044a6615a,30,authored_templates_not_real_transcripts,6,assistant,What kinds of conversation do you enjoy?
public_04,train,syn_daa0b4e695710c22fb07cee044a6615a,30,authored_templates_not_real_transcripts,7,user,I enjoy working through practical questions.
public_04,train,syn_c1bfea703ed0c958890ef26d1162f271,30,authored_templates_not_real_transcripts,0,assistant,What are you hoping to find?
public_04,train,syn_c1bfea703ed0c958890ef26d1162f271,30,authored_templates_not_real_transcripts,1,user,I would like to build a lasting relationship.
public_04,train,syn_c1bfea703ed0c958890ef26d1162f271,30,authored_templates_not_real_transcripts,2,assistant,What pace feels comfortable?
public_04,train,syn_c1bfea703ed0c958890ef26d1162f271,30,authored_templates_not_real_transcripts,3,user,I am comfortable meeting fairly soon.
public_04,train,syn_c1bfea703ed0c958890ef26d1162f271,30,authored_templates_not_real_transcripts,4,assistant,How do you tend to spend free time?
public_04,train,syn_c1bfea703ed0c958890ef26d1162f271,30,authored_templates_not_real_transcripts,5,user,I enjoy having plans with people.
public_04,train,syn_c1bfea703ed0c958890ef26d1162f271,30,authored_templates_not_real_transcripts,6,assistant,What kinds of conversation do you enjoy?
public_04,train,syn_c1bfea703ed0c958890ef26d1162f271,30,authored_templates_not_real_transcripts,7,user,I enjoy talking about ideas.
public_04,train,syn_7d1a0a5b692c6e203d9d44d074ee1415,30,authored_templates_not_real_transcripts,0,assistant,What are you hoping to find?
public_04,train,syn_7d1a0a5b692c6e203d9d44d074ee1415,30,authored_templates_not_real_transcripts,1,user,I am still working out what I want.
public_04,train,syn_7d1a0a5b692c6e203d9d44d074ee1415,30,authored_templates_not_real_transcripts,2,assistant,What pace feels comfortable?
public_04,train,syn_7d1a0a5b692c6e203d9d44d074ee1415,30,authored_templates_not_real_transcripts,3,user,A steady pace suits me.
public_04,train,syn_7d1a0a5b692c6e203d9d44d074ee1415,30,authored_templates_not_real_transcripts,4,assistant,How do you tend to spend free time?
public_04,train,syn_7d1a0a5b692c6e203d9d44d074ee1415,30,authored_templates_not_real_transcripts,5,user,I like a mixture of quiet time and seeing people.
public_04,train,syn_7d1a0a5b692c6e203d9d44d074ee1415,30,authored_templates_not_real_transcripts,6,assistant,What kinds of conversation do you enjoy?
public_04,train,syn_7d1a0a5b692c6e203d9d44d074ee1415,30,authored_templates_not_real_transcripts,7,user,I like a playful conversation.
public_04,train,syn_2e0eeac210595e11d6eb2198ab0d1372,30,authored_templates_not_real_transcripts,0,assistant,What are you hoping to find?
public_04,train,syn_2e0eeac210595e11d6eb2198ab0d1372,30,authored_templates_not_real_transcripts,1,user,I would like to build a lasting relationship.
public_04,train,syn_2e0eeac210595e11d6eb2198ab0d1372,30,authored_templates_not_real_transcripts,2,assistant,What pace feels comfortable?
public_04,train,syn_2e0eeac210595e11d6eb2198ab0d1372,30,authored_templates_not_real_transcripts,3,user,I prefer to get to know someone gradually.
public_04,train,syn_2e0eeac210595e11d6eb2198ab0d1372,30,authored_templates_not_real_transcripts,4,assistant,How do you tend to spend free time?
public_04,train,syn_2e0eeac210595e11d6eb2198ab0d1372,30,authored_templates_not_real_transcripts,5,user,I usually prefer a quiet evening.
public_04,train,syn_2e0eeac210595e11d6eb2198ab0d1372,30,authored_templates_not_real_transcripts,6,assistant,What kinds of conversation do you enjoy?
public_04,train,syn_2e0eeac210595e11d6eb2198ab0d1372,30,authored_templates_not_real_transcripts,7,user,I enjoy talking about ideas.
public_04,train,syn_c03868d63853ea1bff35bc0992f6de98,30,authored_templates_not_real_transcripts,0,assistant,How do you tend to spend free time?
public_04,train,syn_c03868d63853ea1bff35bc0992f6de98,30,authored_templates_not_real_transcripts,1,user,I usually prefer a quiet evening.
public_04,train,syn_55077ea8f13df41e285207fc665ea6af,30,authored_templates_not_real_transcripts,0,assistant,What are you hoping to find?
public_04,train,syn_55077ea8f13df41e285207fc665ea6af,30,authored_templates_not_real_transcripts,1,user,I am still working out what I want.
public_04,train,syn_03eaad8b6bf2574c57e40c280d593f64,30,authored_templates_not_real_transcripts,0,assistant,What are you hoping to find?
public_04,train,syn_03eaad8b6bf2574c57e40c280d593f64,30,authored_templates_not_real_transcripts,1,user,I am still working out what I want.
public_04,train,syn_03eaad8b6bf2574c57e40c280d593f64,30,authored_templates_not_real_transcripts,2,assistant,What pace feels comfortable?
public_04,train,syn_03eaad8b6bf2574c57e40c280d593f64,30,authored_templates_not_real_transcripts,3,user,I am comfortable meeting fairly soon.
public_04,train,syn_03eaad8b6bf2574c57e40c280d593f64,30,authored_templates_not_real_transcripts,4,assistant,How do you tend to spend free time?
public_04,train,syn_03eaad8b6bf2574c57e40c280d593f64,30,authored_templates_not_real_transcripts,5,user,I like a mixture of quiet time and seeing people.
public_04,train,syn_03eaad8b6bf2574c57e40c280d593f64,30,authored_templates_not_real_transcripts,6,assistant,What kinds of conversation do you enjoy?
public_04,train,syn_03eaad8b6bf2574c57e40c280d593f64,30,authored_templates_not_real_transcripts,7,user,I enjoy working through practical questions.
public_04,train,syn_2e927b0854c5050eabf2da442da91850,30,authored_templates_not_real_transcripts,0,assistant,What are you hoping to find?
public_04,train,syn_2e927b0854c5050eabf2da442da91850,30,authored_templates_not_real_transcripts,1,user,I would like to build a lasting relationship.
public_04,train,syn_2e927b0854c5050eabf2da442da91850,30,authored_templates_not_real_transcripts,2,assistant,What pace feels comfortable?
public_04,train,syn_2e927b0854c5050eabf2da442da91850,30,authored_templates_not_real_transcripts,3,user,A steady pace suits me.
public_04,train,syn_2e927b0854c5050eabf2da442da91850,30,authored_templates_not_real_transcripts,4,assistant,How do you tend to spend free time?
public_04,train,syn_2e927b0854c5050eabf2da442da91850,30,authored_templates_not_real_transcripts,5,user,I usually prefer a quiet evening.
public_04,train,syn_2e927b0854c5050eabf2da442da91850,30,authored_templates_not_real_transcripts,6,assistant,What kinds of conversation do you enjoy?
public_04,train,syn_2e927b0854c5050eabf2da442da91850,30,authored_templates_not_real_transcripts,7,user,I like hearing the stories behind things.
public_04,train,syn_34546ba03aba4841e943eb26ea4449c1,30,authored_templates_not_real_transcripts,0,assistant,What pace feels comfortable?
public_04,train,syn_34546ba03aba4841e943eb26ea4449c1,30,authored_templates_not_real_transcripts,1,user,A steady pace suits me.
public_04,train,syn_39a14e90ac3eb6a4d9bc6b32909b0387,30,authored_templates_not_real_transcripts,0,assistant,What are you hoping to find?
public_04,train,syn_39a14e90ac3eb6a4d9bc6b32909b0387,30,authored_templates_not_real_transcripts,1,user,I would like to build a lasting relationship.
public_04,train,syn_39a14e90ac3eb6a4d9bc6b32909b0387,30,authored_templates_not_real_transcripts,2,assistant,What pace feels comfortable?
public_04,train,syn_39a14e90ac3eb6a4d9bc6b32909b0387,30,authored_templates_not_real_transcripts,3,user,I am comfortable meeting fairly soon.
public_04,train,syn_39a14e90ac3eb6a4d9bc6b32909b0387,30,authored_templates_not_real_transcripts,4,assistant,How do you tend to spend free time?
public_04,train,syn_39a14e90ac3eb6a4d9bc6b32909b0387,30,authored_templates_not_real_transcripts,5,user,I usually prefer a quiet evening.
public_04,train,syn_39a14e90ac3eb6a4d9bc6b32909b0387,30,authored_templates_not_real_transcripts,6,assistant,What kinds of conversation do you enjoy?
public_04,train,syn_39a14e90ac3eb6a4d9bc6b32909b0387,30,authored_templates_not_real_transcripts,7,user,I enjoy working through practical questions.
public_04,train,syn_38dbdc9717d6e36a819261a8eae3e39a,30,authored_templates_not_real_transcripts,0,assistant,What are you hoping to find?
public_04,train,syn_38dbdc9717d6e36a819261a8eae3e39a,30,authored_templates_not_real_transcripts,1,user,I am still working out what I want.
public_04,train,syn_851a777fc8f72148801a2b78f0dd441f,30,authored_templates_not_real_transcripts,0,assistant,What are you hoping to find?
public_04,train,syn_851a777fc8f72148801a2b78f0dd441f,30,authored_templates_not_real_transcripts,1,user,I am still working out what I want.
public_04,train,syn_851a777fc8f72148801a2b78f0dd441f,30,authored_templates_not_real_transcripts,2,assistant,What pace feels comfortable?
public_04,train,syn_851a777fc8f72148801a2b78f0dd441f,30,authored_templates_not_real_transcripts,3,user,I prefer to get to know someone gradually.
public_04,train,syn_851a777fc8f72148801a2b78f0dd441f,30,authored_templates_not_real_transcripts,4,assistant,How do you tend to spend free time?
public_04,train,syn_851a777fc8f72148801a2b78f0dd441f,30,authored_templates_not_real_transcripts,5,user,I like a mixture of quiet time and seeing people.
public_04,train,syn_851a777fc8f72148801a2b78f0dd441f,30,authored_templates_not_real_transcripts,6,assistant,What kinds of conversation do you enjoy?
public_04,train,syn_851a777fc8f72148801a2b78f0dd441f,30,authored_templates_not_real_transcripts,7,user,I like a playful conversation.
public_04,train,syn_fc4aafa8e1d8f4e7236cd571da9c7b5d,30,authored_templates_not_real_transcripts,0,assistant,What are you hoping to find?
public_04,train,syn_fc4aafa8e1d8f4e7236cd571da9c7b5d,30,authored_templates_not_real_transcripts,1,user,I am still working out what I want.
public_04,train,syn_fc4aafa8e1d8f4e7236cd571da9c7b5d,30,authored_templates_not_real_transcripts,2,assistant,What pace feels comfortable?
public_04,train,syn_fc4aafa8e1d8f4e7236cd571da9c7b5d,30,authored_templates_not_real_transcripts,3,user,I am comfortable meeting fairly soon.
public_04,train,syn_fc4aafa8e1d8f4e7236cd571da9c7b5d,30,authored_templates_not_real_transcripts,4,assistant,How do you tend to spend free time?
public_04,train,syn_fc4aafa8e1d8f4e7236cd571da9c7b5d,30,authored_templates_not_real_transcripts,5,user,I enjoy having plans with people.
public_04,train,syn_fc4aafa8e1d8f4e7236cd571da9c7b5d,30,authored_templates_not_real_transcripts,6,assistant,What kinds of conversation do you enjoy?
public_04,train,syn_fc4aafa8e1d8f4e7236cd571da9c7b5d,30,authored_templates_not_real_transcripts,7,user,I like hearing the stories behind things.
public_04,train,syn_63ad3a28d9c1b1909ddaa90af696e0e9,30,authored_templates_not_real_transcripts,0,assistant,What are you hoping to find?
public_04,train,syn_63ad3a28d9c1b1909ddaa90af696e0e9,30,authored_templates_not_real_transcripts,1,user,I would like to build a lasting relationship.
public_04,train,syn_63ad3a28d9c1b1909ddaa90af696e0e9,30,authored_templates_not_real_transcripts,2,assistant,What pace feels comfortable?
public_04,train,syn_63ad3a28d9c1b1909ddaa90af696e0e9,30,authored_templates_not_real_transcripts,3,user,I am comfortable meeting fairly soon.
public_04,train,syn_63ad3a28d9c1b1909ddaa90af696e0e9,30,authored_templates_not_real_transcripts,4,assistant,How do you tend to spend free time?
public_04,train,syn_63ad3a28d9c1b1909ddaa90af696e0e9,30,authored_templates_not_real_transcripts,5,user,I usually prefer a quiet evening.
public_04,train,syn_63ad3a28d9c1b1909ddaa90af696e0e9,30,authored_templates_not_real_transcripts,6,assistant,What kinds of conversation do you enjoy?
public_04,train,syn_63ad3a28d9c1b1909ddaa90af696e0e9,30,authored_templates_not_real_transcripts,7,user,I like a playful conversation.
public_04,train,syn_bd73b3c0ed911bba8f82e95365300148,30,authored_templates_not_real_transcripts,0,assistant,What are you hoping to find?
public_04,train,syn_bd73b3c0ed911bba8f82e95365300148,30,authored_templates_not_real_transcripts,1,user,I am still working out what I want.
public_04,train,syn_bd73b3c0ed911bba8f82e95365300148,30,authored_templates_not_real_transcripts,2,assistant,What pace feels comfortable?
public_04,train,syn_bd73b3c0ed911bba8f82e95365300148,30,authored_templates_not_real_transcripts,3,user,I am comfortable meeting fairly soon.
public_04,train,syn_bd73b3c0ed911bba8f82e95365300148,30,authored_templates_not_real_transcripts,4,assistant,How do you tend to spend free time?
public_04,train,syn_bd73b3c0ed911bba8f82e95365300148,30,authored_templates_not_real_transcripts,5,user,I enjoy having plans with people.
public_04,train,syn_bd73b3c0ed911bba8f82e95365300148,30,authored_templates_not_real_transcripts,6,assistant,What kinds of conversation do you enjoy?
public_04,train,syn_bd73b3c0ed911bba8f82e95365300148,30,authored_templates_not_real_transcripts,7,user,I enjoy talking about ideas.
public_04,train,syn_1890fa287cb47cb3c40bfc072dea2831,30,authored_templates_not_real_transcripts,0,assistant,What are you hoping to find?
public_04,train,syn_1890fa287cb47cb3c40bfc072dea2831,30,authored_templates_not_real_transcripts,1,user,I would like to build a lasting relationship.
public_04,train,syn_1890fa287cb47cb3c40bfc072dea2831,30,authored_templates_not_real_transcripts,2,assistant,What pace feels comfortable?
public_04,train,syn_1890fa287cb47cb3c40bfc072dea2831,30,authored_templates_not_real_transcripts,3,user,I prefer to get to know someone gradually.
public_04,train,syn_1890fa287cb47cb3c40bfc072dea2831,30,authored_templates_not_real_transcripts,4,assistant,How do you tend to spend free time?
public_04,train,syn_1890fa287cb47cb3c40bfc072dea2831,30,authored_templates_not_real_transcripts,5,user,I enjoy having plans with people.
public_04,train,syn_1890fa287cb47cb3c40bfc072dea2831,30,authored_templates_not_real_transcripts,6,assistant,What kinds of conversation do you enjoy?
public_04,train,syn_1890fa287cb47cb3c40bfc072dea2831,30,authored_templates_not_real_transcripts,7,user,I enjoy working through practical questions.
public_04,train,syn_a46c067a6da0ef871436db1c3ef467fc,30,authored_templates_not_real_transcripts,0,assistant,What kinds of conversation do you enjoy?
public_04,train,syn_a46c067a6da0ef871436db1c3ef467fc,30,authored_templates_not_real_transcripts,1,user,I like hearing the stories behind things.
public_04,train,syn_4b1f58000423a7fdae6c991e2372910e,30,authored_templates_not_real_transcripts,0,assistant,What pace feels comfortable?
public_04,train,syn_4b1f58000423a7fdae6c991e2372910e,30,authored_templates_not_real_transcripts,1,user,A steady pace suits me.
public_04,train,syn_9fa059cb5e8a6e1ef14992cca7932e8d,30,authored_templates_not_real_transcripts,0,assistant,What are you hoping to find?
public_04,train,syn_9fa059cb5e8a6e1ef14992cca7932e8d,30,authored_templates_not_real_transcripts,1,user,I would like to build a lasting relationship.
public_04,train,syn_638e3707b3fd032bbac98862c7b487d7,30,authored_templates_not_real_transcripts,0,assistant,What kinds of conversation do you enjoy?
public_04,train,syn_638e3707b3fd032bbac98862c7b487d7,30,authored_templates_not_real_transcripts,1,user,I enjoy working through practical questions.
public_04,train,syn_6f03f202213269a638663e4a32502567,30,authored_templates_not_real_transcripts,0,assistant,What are you hoping to find?
public_04,train,syn_6f03f202213269a638663e4a32502567,30,authored_templates_not_real_transcripts,1,user,I am still working out what I want.
public_04,train,syn_6f03f202213269a638663e4a32502567,30,authored_templates_not_real_transcripts,2,assistant,What pace feels comfortable?
public_04,train,syn_6f03f202213269a638663e4a32502567,30,authored_templates_not_real_transcripts,3,user,I am comfortable meeting fairly soon.
public_04,train,syn_6f03f202213269a638663e4a32502567,30,authored_templates_not_real_transcripts,4,assistant,How do you tend to spend free time?
public_04,train,syn_6f03f202213269a638663e4a32502567,30,authored_templates_not_real_transcripts,5,user,I usually prefer a quiet evening.
public_04,train,syn_6f03f202213269a638663e4a32502567,30,authored_templates_not_real_transcripts,6,assistant,What kinds of conversation do you enjoy?
public_04,train,syn_6f03f202213269a638663e4a32502567,30,authored_templates_not_real_transcripts,7,user,I like a playful conversation.
public_04,train,syn_acb3ddf2eb274ec55714f8d4c117fd21,30,authored_templates_not_real_transcripts,0,assistant,What pace feels comfortable?
public_04,train,syn_acb3ddf2eb274ec55714f8d4c117fd21,30,authored_templates_not_real_transcripts,1,user,I am comfortable meeting fairly soon.
public_04,train,syn_7b791a5586e8ad1114f50f8b54dbf5f6,30,authored_templates_not_real_transcripts,0,assistant,What kinds of conversation do you enjoy?
public_04,train,syn_7b791a5586e8ad1114f50f8b54dbf5f6,30,authored_templates_not_real_transcripts,1,user,I like hearing the stories behind things.
public_04,train,syn_1f125e068adfe453e6d646b417a74160,30,authored_templates_not_real_transcripts,0,assistant,What are you hoping to find?
public_04,train,syn_1f125e068adfe453e6d646b417a74160,30,authored_templates_not_real_transcripts,1,user,I am still working out what I want.
public_04,train,syn_1f125e068adfe453e6d646b417a74160,30,authored_templates_not_real_transcripts,2,assistant,What pace feels comfortable?
public_04,train,syn_1f125e068adfe453e6d646b417a74160,30,authored_templates_not_real_transcripts,3,user,I prefer to get to know someone gradually.
public_04,train,syn_1f125e068adfe453e6d646b417a74160,30,authored_templates_not_real_transcripts,4,assistant,How do you tend to spend free time?
public_04,train,syn_1f125e068adfe453e6d646b417a74160,30,authored_templates_not_real_transcripts,5,user,I like a mixture of quiet time and seeing people.
public_04,train,syn_1f125e068adfe453e6d646b417a74160,30,authored_templates_not_real_transcripts,6,assistant,What kinds of conversation do you enjoy?
public_04,train,syn_1f125e068adfe453e6d646b417a74160,30,authored_templates_not_real_transcripts,7,user,I like hearing the stories behind things.
public_04,train,syn_730febe55e4f2d8c3c2e7d2eb7f1c334,30,authored_templates_not_real_transcripts,0,assistant,What are you hoping to find?
public_04,train,syn_730febe55e4f2d8c3c2e7d2eb7f1c334,30,authored_templates_not_real_transcripts,1,user,I would like to build a lasting relationship.
public_04,train,syn_730febe55e4f2d8c3c2e7d2eb7f1c334,30,authored_templates_not_real_transcripts,2,assistant,What pace feels comfortable?
public_04,train,syn_730febe55e4f2d8c3c2e7d2eb7f1c334,30,authored_templates_not_real_transcripts,3,user,A steady pace suits me.
public_04,train,syn_730febe55e4f2d8c3c2e7d2eb7f1c334,30,authored_templates_not_real_transcripts,4,assistant,How do you tend to spend free time?
public_04,train,syn_730febe55e4f2d8c3c2e7d2eb7f1c334,30,authored_templates_not_real_transcripts,5,user,I enjoy having plans with people.
public_04,train,syn_730febe55e4f2d8c3c2e7d2eb7f1c334,30,authored_templates_not_real_transcripts,6,assistant,What kinds of conversation do you enjoy?
public_04,train,syn_730febe55e4f2d8c3c2e7d2eb7f1c334,30,authored_templates_not_real_transcripts,7,user,I enjoy working through practical questions.
public_04,train,syn_436bddec47a45b3f07dd2594ea65882d,30,authored_templates_not_real_transcripts,0,assistant,How do you tend to spend free time?
public_04,train,syn_436bddec47a45b3f07dd2594ea65882d,30,authored_templates_not_real_transcripts,1,user,I usually prefer a quiet evening.
public_04,train,syn_2c9bc92b3661a67a689cdd9292b72dd8,30,authored_templates_not_real_transcripts,0,assistant,What are you hoping to find?
public_04,train,syn_2c9bc92b3661a67a689cdd9292b72dd8,30,authored_templates_not_real_transcripts,1,user,I would like to build a lasting relationship.
public_04,train,syn_2c9bc92b3661a67a689cdd9292b72dd8,30,authored_templates_not_real_transcripts,2,assistant,What pace feels comfortable?
public_04,train,syn_2c9bc92b3661a67a689cdd9292b72dd8,30,authored_templates_not_real_transcripts,3,user,I am comfortable meeting fairly soon.
public_04,train,syn_2c9bc92b3661a67a689cdd9292b72dd8,30,authored_templates_not_real_transcripts,4,assistant,How do you tend to spend free time?
public_04,train,syn_2c9bc92b3661a67a689cdd9292b72dd8,30,authored_templates_not_real_transcripts,5,user,I enjoy having plans with people.
public_04,train,syn_2c9bc92b3661a67a689cdd9292b72dd8,30,authored_templates_not_real_transcripts,6,assistant,What kinds of conversation do you enjoy?
public_04,train,syn_2c9bc92b3661a67a689cdd9292b72dd8,30,authored_templates_not_real_transcripts,7,user,I enjoy talking about ideas.
public_04,train,syn_d744f1c529f904c1246ab63e0e41b857,30,authored_templates_not_real_transcripts,0,assistant,How do you tend to spend free time?
public_04,train,syn_d744f1c529f904c1246ab63e0e41b857,30,authored_templates_not_real_transcripts,1,user,I enjoy having plans with people.
public_04,train,syn_7675672e0236122f7d49619540890cb6,30,authored_templates_not_real_transcripts,0,assistant,What are you hoping to find?
public_04,train,syn_7675672e0236122f7d49619540890cb6,30,authored_templates_not_real_transcripts,1,user,I would like to build a lasting relationship.
public_04,train,syn_7675672e0236122f7d49619540890cb6,30,authored_templates_not_real_transcripts,2,assistant,What pace feels comfortable?
public_04,train,syn_7675672e0236122f7d49619540890cb6,30,authored_templates_not_real_transcripts,3,user,I am comfortable meeting fairly soon.
public_04,train,syn_7675672e0236122f7d49619540890cb6,30,authored_templates_not_real_transcripts,4,assistant,How do you tend to spend free time?
public_04,train,syn_7675672e0236122f7d49619540890cb6,30,authored_templates_not_real_transcripts,5,user,I usually prefer a quiet evening.
public_04,train,syn_7675672e0236122f7d49619540890cb6,30,authored_templates_not_real_transcripts,6,assistant,What kinds of conversation do you enjoy?
public_04,train,syn_7675672e0236122f7d49619540890cb6,30,authored_templates_not_real_transcripts,7,user,I enjoy talking about ideas.
public_04,train,syn_ccbd9ccb932e09e844f275a14d5f3b61,30,authored_templates_not_real_transcripts,0,assistant,What pace feels comfortable?
public_04,train,syn_ccbd9ccb932e09e844f275a14d5f3b61,30,authored_templates_not_real_transcripts,1,user,A steady pace suits me.
public_04,train,syn_43f8b657ddc46b6c17ac0ddbb388d34e,30,authored_templates_not_real_transcripts,0,assistant,What are you hoping to find?
public_04,train,syn_43f8b657ddc46b6c17ac0ddbb388d34e,30,authored_templates_not_real_transcripts,1,user,I would like to build a lasting relationship.
public_04,train,syn_43f8b657ddc46b6c17ac0ddbb388d34e,30,authored_templates_not_real_transcripts,2,assistant,What pace feels comfortable?
public_04,train,syn_43f8b657ddc46b6c17ac0ddbb388d34e,30,authored_templates_not_real_transcripts,3,user,I prefer to get to know someone gradually.
public_04,train,syn_43f8b657ddc46b6c17ac0ddbb388d34e,30,authored_templates_not_real_transcripts,4,assistant,How do you tend to spend free time?
public_04,train,syn_43f8b657ddc46b6c17ac0ddbb388d34e,30,authored_templates_not_real_transcripts,5,user,I enjoy having plans with people.
public_04,train,syn_43f8b657ddc46b6c17ac0ddbb388d34e,30,authored_templates_not_real_transcripts,6,assistant,What kinds of conversation do you enjoy?
public_04,train,syn_43f8b657ddc46b6c17ac0ddbb388d34e,30,authored_templates_not_real_transcripts,7,user,I enjoy working through practical questions.
public_04,train,syn_04ea825fe0fc546d92d6a3520fb7c469,30,authored_templates_not_real_transcripts,0,assistant,What are you hoping to find?
public_04,train,syn_04ea825fe0fc546d92d6a3520fb7c469,30,authored_templates_not_real_transcripts,1,user,I am still working out what I want.
public_04,train,syn_04ea825fe0fc546d92d6a3520fb7c469,30,authored_templates_not_real_transcripts,2,assistant,What pace feels comfortable?
public_04,train,syn_04ea825fe0fc546d92d6a3520fb7c469,30,authored_templates_not_real_transcripts,3,user,I am comfortable meeting fairly soon.
public_04,train,syn_04ea825fe0fc546d92d6a3520fb7c469,30,authored_templates_not_real_transcripts,4,assistant,How do you tend to spend free time?
public_04,train,syn_04ea825fe0fc546d92d6a3520fb7c469,30,authored_templates_not_real_transcripts,5,user,I usually prefer a quiet evening.
public_04,train,syn_04ea825fe0fc546d92d6a3520fb7c469,30,authored_templates_not_real_transcripts,6,assistant,What kinds of conversation do you enjoy?
public_04,train,syn_04ea825fe0fc546d92d6a3520fb7c469,30,authored_templates_not_real_transcripts,7,user,I like hearing the stories behind things.
public_04,train,syn_731849480b4c01c377ca6e6902519aba,30,authored_templates_not_real_transcripts,0,assistant,What are you hoping to find?
public_04,train,syn_731849480b4c01c377ca6e6902519aba,30,authored_templates_not_real_transcripts,1,user,I am still working out what I want.
public_04,train,syn_731849480b4c01c377ca6e6902519aba,30,authored_templates_not_real_transcripts,2,assistant,What pace feels comfortable?
public_04,train,syn_731849480b4c01c377ca6e6902519aba,30,authored_templates_not_real_transcripts,3,user,I am comfortable meeting fairly soon.
public_04,train,syn_731849480b4c01c377ca6e6902519aba,30,authored_templates_not_real_transcripts,4,assistant,How do you tend to spend free time?
public_04,train,syn_731849480b4c01c377ca6e6902519aba,30,authored_templates_not_real_transcripts,5,user,I like a mixture of quiet time and seeing people.
public_04,train,syn_731849480b4c01c377ca6e6902519aba,30,authored_templates_not_real_transcripts,6,assistant,What kinds of conversation do you enjoy?
public_04,train,syn_731849480b4c01c377ca6e6902519aba,30,authored_templates_not_real_transcripts,7,user,I enjoy talking about ideas.
public_04,train,syn_7f89b5b821b4f241a9863e858b87982d,30,authored_templates_not_real_transcripts,0,assistant,What are you hoping to find?
public_04,train,syn_7f89b5b821b4f241a9863e858b87982d,30,authored_templates_not_real_transcripts,1,user,I would like to build a lasting relationship.
public_04,train,syn_7f89b5b821b4f241a9863e858b87982d,30,authored_templates_not_real_transcripts,2,assistant,What pace feels comfortable?
public_04,train,syn_7f89b5b821b4f241a9863e858b87982d,30,authored_templates_not_real_transcripts,3,user,I prefer to get to know someone gradually.
public_04,train,syn_7f89b5b821b4f241a9863e858b87982d,30,authored_templates_not_real_transcripts,4,assistant,How do you tend to spend free time?
public_04,train,syn_7f89b5b821b4f241a9863e858b87982d,30,authored_templates_not_real_transcripts,5,user,I like a mixture of quiet time and seeing people.
public_04,train,syn_7f89b5b821b4f241a9863e858b87982d,30,authored_templates_not_real_transcripts,6,assistant,What kinds of conversation do you enjoy?
public_04,train,syn_7f89b5b821b4f241a9863e858b87982d,30,authored_templates_not_real_transcripts,7,user,I like hearing the stories behind things.
public_04,train,syn_5b203322ab8c35fe26b495b63cd7ff2b,30,authored_templates_not_real_transcripts,0,assistant,What kinds of conversation do you enjoy?
public_04,train,syn_5b203322ab8c35fe26b495b63cd7ff2b,30,authored_templates_not_real_transcripts,1,user,I enjoy talking about ideas.
public_04,train,syn_592927ca11c4cd5a2d11547f1b7759fe,30,authored_templates_not_real_transcripts,0,assistant,How do you tend to spend free time?
public_04,train,syn_592927ca11c4cd5a2d11547f1b7759fe,30,authored_templates_not_real_transcripts,1,user,I usually prefer a quiet evening.
public_04,train,syn_592927ca11c4cd5a2d11547f1b7759fe,30,authored_templates_not_real_transcripts,2,assistant,What kinds of conversation do you enjoy?
public_04,train,syn_592927ca11c4cd5a2d11547f1b7759fe,30,authored_templates_not_real_transcripts,3,user,I like hearing the stories behind things.
public_04,train,syn_bff6e65ce330f895a52d97b4e1ce0127,30,authored_templates_not_real_transcripts,0,assistant,What are you hoping to find?
public_04,train,syn_bff6e65ce330f895a52d97b4e1ce0127,30,authored_templates_not_real_transcripts,1,user,I am still working out what I want.
public_04,train,syn_bff6e65ce330f895a52d97b4e1ce0127,30,authored_templates_not_real_transcripts,2,assistant,What pace feels comfortable?
public_04,train,syn_bff6e65ce330f895a52d97b4e1ce0127,30,authored_templates_not_real_transcripts,3,user,A steady pace suits me.
public_04,train,syn_bff6e65ce330f895a52d97b4e1ce0127,30,authored_templates_not_real_transcripts,4,assistant,How do you tend to spend free time?
public_04,train,syn_bff6e65ce330f895a52d97b4e1ce0127,30,authored_templates_not_real_transcripts,5,user,I like a mixture of quiet time and seeing people.
public_04,train,syn_bff6e65ce330f895a52d97b4e1ce0127,30,authored_templates_not_real_transcripts,6,assistant,What kinds of conversation do you enjoy?
public_04,train,syn_bff6e65ce330f895a52d97b4e1ce0127,30,authored_templates_not_real_transcripts,7,user,I enjoy working through practical questions.
public_04,train,syn_26e7743051a10c35ca448232f7764c4a,30,authored_templates_not_real_transcripts,0,assistant,What are you hoping to find?
public_04,train,syn_26e7743051a10c35ca448232f7764c4a,30,authored_templates_not_real_transcripts,1,user,I would like to build a lasting relationship.
public_04,train,syn_26e7743051a10c35ca448232f7764c4a,30,authored_templates_not_real_transcripts,2,assistant,What pace feels comfortable?
public_04,train,syn_26e7743051a10c35ca448232f7764c4a,30,authored_templates_not_real_transcripts,3,user,A steady pace suits me.
public_04,train,syn_26e7743051a10c35ca448232f7764c4a,30,authored_templates_not_real_transcripts,4,assistant,How do you tend to spend free time?
public_04,train,syn_26e7743051a10c35ca448232f7764c4a,30,authored_templates_not_real_transcripts,5,user,I enjoy having plans with people.
public_04,train,syn_26e7743051a10c35ca448232f7764c4a,30,authored_templates_not_real_transcripts,6,assistant,What kinds of conversation do you enjoy?
public_04,train,syn_26e7743051a10c35ca448232f7764c4a,30,authored_templates_not_real_transcripts,7,user,I like a playful conversation.
public_04,train,syn_49987e3d18f793e9feda03f6e6683233,30,authored_templates_not_real_transcripts,0,assistant,What pace feels comfortable?
public_04,train,syn_49987e3d18f793e9feda03f6e6683233,30,authored_templates_not_real_transcripts,1,user,I am comfortable meeting fairly soon.
public_04,train,syn_05a363b2d99613029b3565e350f55c58,30,authored_templates_not_real_transcripts,0,assistant,What are you hoping to find?
public_04,train,syn_05a363b2d99613029b3565e350f55c58,30,authored_templates_not_real_transcripts,1,user,I would like to build a lasting relationship.
public_04,train,syn_05a363b2d99613029b3565e350f55c58,30,authored_templates_not_real_transcripts,2,assistant,What pace feels comfortable?
public_04,train,syn_05a363b2d99613029b3565e350f55c58,30,authored_templates_not_real_transcripts,3,user,A steady pace suits me.
public_04,train,syn_05a363b2d99613029b3565e350f55c58,30,authored_templates_not_real_transcripts,4,assistant,How do you tend to spend free time?
public_04,train,syn_05a363b2d99613029b3565e350f55c58,30,authored_templates_not_real_transcripts,5,user,I enjoy having plans with people.
public_04,train,syn_05a363b2d99613029b3565e350f55c58,30,authored_templates_not_real_transcripts,6,assistant,What kinds of conversation do you enjoy?
public_04,train,syn_05a363b2d99613029b3565e350f55c58,30,authored_templates_not_real_transcripts,7,user,I enjoy working through practical questions.
public_04,train,syn_397e6f808de609ed6233f67bfbbf5073,30,authored_templates_not_real_transcripts,0,assistant,What are you hoping to find?
public_04,train,syn_397e6f808de609ed6233f67bfbbf5073,30,authored_templates_not_real_transcripts,1,user,I am still working out what I want.
public_04,train,syn_397e6f808de609ed6233f67bfbbf5073,30,authored_templates_not_real_transcripts,2,assistant,What pace feels comfortable?
public_04,train,syn_397e6f808de609ed6233f67bfbbf5073,30,authored_templates_not_real_transcripts,3,user,A steady pace suits me.
public_04,train,syn_397e6f808de609ed6233f67bfbbf5073,30,authored_templates_not_real_transcripts,4,assistant,How do you tend to spend free time?
public_04,train,syn_397e6f808de609ed6233f67bfbbf5073,30,authored_templates_not_real_transcripts,5,user,I usually prefer a quiet evening.
public_04,train,syn_397e6f808de609ed6233f67bfbbf5073,30,authored_templates_not_real_transcripts,6,assistant,What kinds of conversation do you enjoy?
public_04,train,syn_397e6f808de609ed6233f67bfbbf5073,30,authored_templates_not_real_transcripts,7,user,I enjoy talking about ideas.
public_04,train,syn_2e7d2bb8ee0ea3fc44d2ce136b49bbcd,30,authored_templates_not_real_transcripts,0,assistant,What are you hoping to find?
public_04,train,syn_2e7d2bb8ee0ea3fc44d2ce136b49bbcd,30,authored_templates_not_real_transcripts,1,user,I am still working out what I want.
public_04,train,syn_2e7d2bb8ee0ea3fc44d2ce136b49bbcd,30,authored_templates_not_real_transcripts,2,assistant,What pace feels comfortable?
public_04,train,syn_2e7d2bb8ee0ea3fc44d2ce136b49bbcd,30,authored_templates_not_real_transcripts,3,user,I prefer to get to know someone gradually.
public_04,train,syn_2e7d2bb8ee0ea3fc44d2ce136b49bbcd,30,authored_templates_not_real_transcripts,4,assistant,How do you tend to spend free time?
public_04,train,syn_2e7d2bb8ee0ea3fc44d2ce136b49bbcd,30,authored_templates_not_real_transcripts,5,user,I usually prefer a quiet evening.
public_04,train,syn_2e7d2bb8ee0ea3fc44d2ce136b49bbcd,30,authored_templates_not_real_transcripts,6,assistant,What kinds of conversation do you enjoy?
public_04,train,syn_2e7d2bb8ee0ea3fc44d2ce136b49bbcd,30,authored_templates_not_real_transcripts,7,user,I enjoy talking about ideas.
public_04,train,syn_bb1b8ff042e188373e72d8ebe921af5c,30,authored_templates_not_real_transcripts,0,assistant,What are you hoping to find?
public_04,train,syn_bb1b8ff042e188373e72d8ebe921af5c,30,authored_templates_not_real_transcripts,1,user,I would like to build a lasting relationship.
public_04,train,syn_bb1b8ff042e188373e72d8ebe921af5c,30,authored_templates_not_real_transcripts,2,assistant,What pace feels comfortable?
public_04,train,syn_bb1b8ff042e188373e72d8ebe921af5c,30,authored_templates_not_real_transcripts,3,user,I am comfortable meeting fairly soon.
public_04,train,syn_bb1b8ff042e188373e72d8ebe921af5c,30,authored_templates_not_real_transcripts,4,assistant,How do you tend to spend free time?
public_04,train,syn_bb1b8ff042e188373e72d8ebe921af5c,30,authored_templates_not_real_transcripts,5,user,I usually prefer a quiet evening.
public_04,train,syn_bb1b8ff042e188373e72d8ebe921af5c,30,authored_templates_not_real_transcripts,6,assistant,What kinds of conversation do you enjoy?
public_04,train,syn_bb1b8ff042e188373e72d8ebe921af5c,30,authored_templates_not_real_transcripts,7,user,I enjoy talking about ideas.
public_04,train,syn_927238d72ecd0f58a214a583aad88a82,30,authored_templates_not_real_transcripts,0,assistant,How do you tend to spend free time?
public_04,train,syn_927238d72ecd0f58a214a583aad88a82,30,authored_templates_not_real_transcripts,1,user,I like a mixture of quiet time and seeing people.
public_04,train,syn_bac979f006e5cba367a2a166b3ff369f,30,authored_templates_not_real_transcripts,0,assistant,What kinds of conversation do you enjoy?
public_04,train,syn_bac979f006e5cba367a2a166b3ff369f,30,authored_templates_not_real_transcripts,1,user,I like a playful conversation.
public_04,train,syn_5525ef1c88f2c7ccabb79c35e3f807fd,30,authored_templates_not_real_transcripts,0,assistant,What are you hoping to find?
public_04,train,syn_5525ef1c88f2c7ccabb79c35e3f807fd,30,authored_templates_not_real_transcripts,1,user,I am still working out what I want.
public_04,train,syn_5525ef1c88f2c7ccabb79c35e3f807fd,30,authored_templates_not_real_transcripts,2,assistant,What pace feels comfortable?
public_04,train,syn_5525ef1c88f2c7ccabb79c35e3f807fd,30,authored_templates_not_real_transcripts,3,user,A steady pace suits me.
public_04,train,syn_5525ef1c88f2c7ccabb79c35e3f807fd,30,authored_templates_not_real_transcripts,4,assistant,How do you tend to spend free time?
public_04,train,syn_5525ef1c88f2c7ccabb79c35e3f807fd,30,authored_templates_not_real_transcripts,5,user,I usually prefer a quiet evening.
public_04,train,syn_5525ef1c88f2c7ccabb79c35e3f807fd,30,authored_templates_not_real_transcripts,6,assistant,What kinds of conversation do you enjoy?
public_04,train,syn_5525ef1c88f2c7ccabb79c35e3f807fd,30,authored_templates_not_real_transcripts,7,user,I like a playful conversation.
public_04,train,syn_7925568c93bb15c5b3776cb8119e9b8c,30,authored_templates_not_real_transcripts,0,assistant,What kinds of conversation do you enjoy?
public_04,train,syn_7925568c93bb15c5b3776cb8119e9b8c,30,authored_templates_not_real_transcripts,1,user,I like a playful conversation.
public_04,train,syn_376b3f7b7f003e85664e80f72ddff8b5,30,authored_templates_not_real_transcripts,0,assistant,What pace feels comfortable?
public_04,train,syn_376b3f7b7f003e85664e80f72ddff8b5,30,authored_templates_not_real_transcripts,1,user,I am comfortable meeting fairly soon.
public_04,train,syn_fc5ac0142c9d3d0ee6ec9e0c8dcfa904,30,authored_templates_not_real_transcripts,0,assistant,What pace feels comfortable?
public_04,train,syn_fc5ac0142c9d3d0ee6ec9e0c8dcfa904,30,authored_templates_not_real_transcripts,1,user,I prefer to get to know someone gradually.
public_04,train,syn_fb8ad257c99641f70e49d416a8dd1328,30,authored_templates_not_real_transcripts,0,assistant,What kinds of conversation do you enjoy?
public_04,train,syn_fb8ad257c99641f70e49d416a8dd1328,30,authored_templates_not_real_transcripts,1,user,I enjoy working through practical questions.
public_04,train,syn_0de2036f2832ef6e77c6772ec1537bb9,30,authored_templates_not_real_transcripts,0,assistant,What are you hoping to find?
public_04,train,syn_0de2036f2832ef6e77c6772ec1537bb9,30,authored_templates_not_real_transcripts,1,user,I would like to build a lasting relationship.
public_04,train,syn_0de2036f2832ef6e77c6772ec1537bb9,30,authored_templates_not_real_transcripts,2,assistant,What pace feels comfortable?
public_04,train,syn_0de2036f2832ef6e77c6772ec1537bb9,30,authored_templates_not_real_transcripts,3,user,A steady pace suits me.
public_04,train,syn_7d448552e3c6ed9ebe17c4fdc0aeb319,30,authored_templates_not_real_transcripts,0,assistant,What are you hoping to find?
public_04,train,syn_7d448552e3c6ed9ebe17c4fdc0aeb319,30,authored_templates_not_real_transcripts,1,user,I would like to build a lasting relationship.
public_04,train,syn_7d448552e3c6ed9ebe17c4fdc0aeb319,30,authored_templates_not_real_transcripts,2,assistant,What pace feels comfortable?
public_04,train,syn_7d448552e3c6ed9ebe17c4fdc0aeb319,30,authored_templates_not_real_transcripts,3,user,I am comfortable meeting fairly soon.
public_04,train,syn_7d448552e3c6ed9ebe17c4fdc0aeb319,30,authored_templates_not_real_transcripts,4,assistant,How do you tend to spend free time?
public_04,train,syn_7d448552e3c6ed9ebe17c4fdc0aeb319,30,authored_templates_not_real_transcripts,5,user,I enjoy having plans with people.
public_04,train,syn_7d448552e3c6ed9ebe17c4fdc0aeb319,30,authored_templates_not_real_transcripts,6,assistant,What kinds of conversation do you enjoy?
public_04,train,syn_7d448552e3c6ed9ebe17c4fdc0aeb319,30,authored_templates_not_real_transcripts,7,user,I enjoy talking about ideas.
public_04,train,syn_c14664bcb26d52c3934583a86ff3f77c,30,authored_templates_not_real_transcripts,0,assistant,What are you hoping to find?
public_04,train,syn_c14664bcb26d52c3934583a86ff3f77c,30,authored_templates_not_real_transcripts,1,user,I am still working out what I want.
public_04,train,syn_c14664bcb26d52c3934583a86ff3f77c,30,authored_templates_not_real_transcripts,2,assistant,What pace feels comfortable?
public_04,train,syn_c14664bcb26d52c3934583a86ff3f77c,30,authored_templates_not_real_transcripts,3,user,I prefer to get to know someone gradually.
public_04,train,syn_c14664bcb26d52c3934583a86ff3f77c,30,authored_templates_not_real_transcripts,4,assistant,How do you tend to spend free time?
public_04,train,syn_c14664bcb26d52c3934583a86ff3f77c,30,authored_templates_not_real_transcripts,5,user,I enjoy having plans with people.
public_04,train,syn_c14664bcb26d52c3934583a86ff3f77c,30,authored_templates_not_real_transcripts,6,assistant,What kinds of conversation do you enjoy?
public_04,train,syn_c14664bcb26d52c3934583a86ff3f77c,30,authored_templates_not_real_transcripts,7,user,I enjoy working through practical questions.
public_04,train,syn_870f5fc67477601e0370b1e3daa2397e,30,authored_templates_not_real_transcripts,0,assistant,How do you tend to spend free time?
public_04,train,syn_870f5fc67477601e0370b1e3daa2397e,30,authored_templates_not_real_transcripts,1,user,I enjoy having plans with people.
public_04,train,syn_77c9871223b03e58a5d9304f09da6870,30,authored_templates_not_real_transcripts,0,assistant,What are you hoping to find?
public_04,train,syn_77c9871223b03e58a5d9304f09da6870,30,authored_templates_not_real_transcripts,1,user,I am still working out what I want.
public_04,train,syn_849e022f628b4bab94ec91859a2eb260,30,authored_templates_not_real_transcripts,0,assistant,What are you hoping to find?
public_04,train,syn_849e022f628b4bab94ec91859a2eb260,30,authored_templates_not_real_transcripts,1,user,I am still working out what I want.
public_04,train,syn_849e022f628b4bab94ec91859a2eb260,30,authored_templates_not_real_transcripts,2,assistant,What pace feels comfortable?
public_04,train,syn_849e022f628b4bab94ec91859a2eb260,30,authored_templates_not_real_transcripts,3,user,A steady pace suits me.
public_04,train,syn_849e022f628b4bab94ec91859a2eb260,30,authored_templates_not_real_transcripts,4,assistant,How do you tend to spend free time?
public_04,train,syn_849e022f628b4bab94ec91859a2eb260,30,authored_templates_not_real_transcripts,5,user,I usually prefer a quiet evening.
public_04,train,syn_849e022f628b4bab94ec91859a2eb260,30,authored_templates_not_real_transcripts,6,assistant,What kinds of conversation do you enjoy?
public_04,train,syn_849e022f628b4bab94ec91859a2eb260,30,authored_templates_not_real_transcripts,7,user,I like hearing the stories behind things.
public_04,train,syn_b72bed3a1917283c235f25d632fec8be,30,authored_templates_not_real_transcripts,0,assistant,What are you hoping to find?
public_04,train,syn_b72bed3a1917283c235f25d632fec8be,30,authored_templates_not_real_transcripts,1,user,I would like to build a lasting relationship.
public_04,train,syn_b72bed3a1917283c235f25d632fec8be,30,authored_templates_not_real_transcripts,2,assistant,What pace feels comfortable?
public_04,train,syn_b72bed3a1917283c235f25d632fec8be,30,authored_templates_not_real_transcripts,3,user,I am comfortable meeting fairly soon.
public_04,train,syn_b72bed3a1917283c235f25d632fec8be,30,authored_templates_not_real_transcripts,4,assistant,How do you tend to spend free time?
public_04,train,syn_b72bed3a1917283c235f25d632fec8be,30,authored_templates_not_real_transcripts,5,user,I usually prefer a quiet evening.
public_04,train,syn_b72bed3a1917283c235f25d632fec8be,30,authored_templates_not_real_transcripts,6,assistant,What kinds of conversation do you enjoy?
public_04,train,syn_b72bed3a1917283c235f25d632fec8be,30,authored_templates_not_real_transcripts,7,user,I like hearing the stories behind things.
public_04,train,syn_215e3b0145dd93a06ffef8ea4c228704,30,authored_templates_not_real_transcripts,0,assistant,What are you hoping to find?
public_04,train,syn_215e3b0145dd93a06ffef8ea4c228704,30,authored_templates_not_real_transcripts,1,user,I would like to build a lasting relationship.
public_04,train,syn_215e3b0145dd93a06ffef8ea4c228704,30,authored_templates_not_real_transcripts,2,assistant,What pace feels comfortable?
public_04,train,syn_215e3b0145dd93a06ffef8ea4c228704,30,authored_templates_not_real_transcripts,3,user,A steady pace suits me.
public_04,train,syn_215e3b0145dd93a06ffef8ea4c228704,30,authored_templates_not_real_transcripts,4,assistant,How do you tend to spend free time?
public_04,train,syn_215e3b0145dd93a06ffef8ea4c228704,30,authored_templates_not_real_transcripts,5,user,I enjoy having plans with people.
public_04,train,syn_215e3b0145dd93a06ffef8ea4c228704,30,authored_templates_not_real_transcripts,6,assistant,What kinds of conversation do you enjoy?
public_04,train,syn_215e3b0145dd93a06ffef8ea4c228704,30,authored_templates_not_real_transcripts,7,user,I like a playful conversation.
public_04,train,syn_83c24aa3be88f8d315f33cccc9e9c2be,30,authored_templates_not_real_transcripts,0,assistant,What are you hoping to find?
public_04,train,syn_83c24aa3be88f8d315f33cccc9e9c2be,30,authored_templates_not_real_transcripts,1,user,I am still working out what I want.
public_04,train,syn_83c24aa3be88f8d315f33cccc9e9c2be,30,authored_templates_not_real_transcripts,2,assistant,What pace feels comfortable?
public_04,train,syn_83c24aa3be88f8d315f33cccc9e9c2be,30,authored_templates_not_real_transcripts,3,user,I am comfortable meeting fairly soon.
public_04,train,syn_83c24aa3be88f8d315f33cccc9e9c2be,30,authored_templates_not_real_transcripts,4,assistant,How do you tend to spend free time?
public_04,train,syn_83c24aa3be88f8d315f33cccc9e9c2be,30,authored_templates_not_real_transcripts,5,user,I like a mixture of quiet time and seeing people.
public_04,train,syn_83c24aa3be88f8d315f33cccc9e9c2be,30,authored_templates_not_real_transcripts,6,assistant,What kinds of conversation do you enjoy?
public_04,train,syn_83c24aa3be88f8d315f33cccc9e9c2be,30,authored_templates_not_real_transcripts,7,user,I like a playful conversation.
public_04,train,syn_d1b5f8ee73715bd439ffdd81ad2039c1,30,authored_templates_not_real_transcripts,0,assistant,What are you hoping to find?
public_04,train,syn_d1b5f8ee73715bd439ffdd81ad2039c1,30,authored_templates_not_real_transcripts,1,user,I would like to build a lasting relationship.
public_04,train,syn_d1b5f8ee73715bd439ffdd81ad2039c1,30,authored_templates_not_real_transcripts,2,assistant,What pace feels comfortable?
public_04,train,syn_d1b5f8ee73715bd439ffdd81ad2039c1,30,authored_templates_not_real_transcripts,3,user,I prefer to get to know someone gradually.
public_04,train,syn_d1b5f8ee73715bd439ffdd81ad2039c1,30,authored_templates_not_real_transcripts,4,assistant,How do you tend to spend free time?
public_04,train,syn_d1b5f8ee73715bd439ffdd81ad2039c1,30,authored_templates_not_real_transcripts,5,user,I like a mixture of quiet time and seeing people.
public_04,train,syn_d1b5f8ee73715bd439ffdd81ad2039c1,30,authored_templates_not_real_transcripts,6,assistant,What kinds of conversation do you enjoy?
public_04,train,syn_d1b5f8ee73715bd439ffdd81ad2039c1,30,authored_templates_not_real_transcripts,7,user,I like hearing the stories behind things.
public_04,train,syn_c83ea6d69287771a7423f5440eb8cb8c,30,authored_templates_not_real_transcripts,0,assistant,What are you hoping to find?
public_04,train,syn_c83ea6d69287771a7423f5440eb8cb8c,30,authored_templates_not_real_transcripts,1,user,I would like to build a lasting relationship.
public_04,train,syn_c83ea6d69287771a7423f5440eb8cb8c,30,authored_templates_not_real_transcripts,2,assistant,What pace feels comfortable?
public_04,train,syn_c83ea6d69287771a7423f5440eb8cb8c,30,authored_templates_not_real_transcripts,3,user,A steady pace suits me.
public_04,train,syn_c83ea6d69287771a7423f5440eb8cb8c,30,authored_templates_not_real_transcripts,4,assistant,How do you tend to spend free time?
public_04,train,syn_c83ea6d69287771a7423f5440eb8cb8c,30,authored_templates_not_real_transcripts,5,user,I usually prefer a quiet evening.
public_04,train,syn_c83ea6d69287771a7423f5440eb8cb8c,30,authored_templates_not_real_transcripts,6,assistant,What kinds of conversation do you enjoy?
public_04,train,syn_c83ea6d69287771a7423f5440eb8cb8c,30,authored_templates_not_real_transcripts,7,user,I like a playful conversation.
public_04,train,syn_2cc1b7faf23b94d37ea32fc268130f4d,30,authored_templates_not_real_transcripts,0,assistant,What are you hoping to find?
public_04,train,syn_2cc1b7faf23b94d37ea32fc268130f4d,30,authored_templates_not_real_transcripts,1,user,I am still working out what I want.
public_04,train,syn_2cc1b7faf23b94d37ea32fc268130f4d,30,authored_templates_not_real_transcripts,2,assistant,What pace feels comfortable?
public_04,train,syn_2cc1b7faf23b94d37ea32fc268130f4d,30,authored_templates_not_real_transcripts,3,user,I prefer to get to know someone gradually.
public_04,train,syn_2cc1b7faf23b94d37ea32fc268130f4d,30,authored_templates_not_real_transcripts,4,assistant,How do you tend to spend free time?
public_04,train,syn_2cc1b7faf23b94d37ea32fc268130f4d,30,authored_templates_not_real_transcripts,5,user,I enjoy having plans with people.
public_04,train,syn_2cc1b7faf23b94d37ea32fc268130f4d,30,authored_templates_not_real_transcripts,6,assistant,What kinds of conversation do you enjoy?
public_04,train,syn_2cc1b7faf23b94d37ea32fc268130f4d,30,authored_templates_not_real_transcripts,7,user,I like hearing the stories behind things.
public_04,train,syn_0d7df4f4bfbfc139b102f0fa6c28d929,30,authored_templates_not_real_transcripts,0,assistant,What kinds of conversation do you enjoy?
public_04,train,syn_0d7df4f4bfbfc139b102f0fa6c28d929,30,authored_templates_not_real_transcripts,1,user,I enjoy talking about ideas.
public_04,train,syn_c054076fd0e642a79e5636ea48064a28,30,authored_templates_not_real_transcripts,0,assistant,What kinds of conversation do you enjoy?
public_04,train,syn_c054076fd0e642a79e5636ea48064a28,30,authored_templates_not_real_transcripts,1,user,I enjoy working through practical questions.
public_04,train,syn_685afb58756b09bce56c0f7d31be8487,30,authored_templates_not_real_transcripts,0,assistant,What are you hoping to find?
public_04,train,syn_685afb58756b09bce56c0f7d31be8487,30,authored_templates_not_real_transcripts,1,user,I would like to build a lasting relationship.
public_04,train,syn_685afb58756b09bce56c0f7d31be8487,30,authored_templates_not_real_transcripts,2,assistant,What pace feels comfortable?
public_04,train,syn_685afb58756b09bce56c0f7d31be8487,30,authored_templates_not_real_transcripts,3,user,I am comfortable meeting fairly soon.
public_04,train,syn_685afb58756b09bce56c0f7d31be8487,30,authored_templates_not_real_transcripts,4,assistant,How do you tend to spend free time?
public_04,train,syn_685afb58756b09bce56c0f7d31be8487,30,authored_templates_not_real_transcripts,5,user,I usually prefer a quiet evening.
public_04,train,syn_685afb58756b09bce56c0f7d31be8487,30,authored_templates_not_real_transcripts,6,assistant,What kinds of conversation do you enjoy?
public_04,train,syn_685afb58756b09bce56c0f7d31be8487,30,authored_templates_not_real_transcripts,7,user,I enjoy working through practical questions.
public_04,train,syn_89ffea423f1a280a457958942f6b8ab8,30,authored_templates_not_real_transcripts,0,assistant,What are you hoping to find?
public_04,train,syn_89ffea423f1a280a457958942f6b8ab8,30,authored_templates_not_real_transcripts,1,user,I am still working out what I want.
public_04,train,syn_89ffea423f1a280a457958942f6b8ab8,30,authored_templates_not_real_transcripts,2,assistant,What pace feels comfortable?
public_04,train,syn_89ffea423f1a280a457958942f6b8ab8,30,authored_templates_not_real_transcripts,3,user,A steady pace suits me.
public_04,train,syn_89ffea423f1a280a457958942f6b8ab8,30,authored_templates_not_real_transcripts,4,assistant,How do you tend to spend free time?
public_04,train,syn_89ffea423f1a280a457958942f6b8ab8,30,authored_templates_not_real_transcripts,5,user,I like a mixture of quiet time and seeing people.
public_04,train,syn_89ffea423f1a280a457958942f6b8ab8,30,authored_templates_not_real_transcripts,6,assistant,What kinds of conversation do you enjoy?
public_04,train,syn_89ffea423f1a280a457958942f6b8ab8,30,authored_templates_not_real_transcripts,7,user,I like hearing the stories behind things.
public_04,train,syn_0d4aeb780385fa80ff0427c0fdd07221,30,authored_templates_not_real_transcripts,0,assistant,What are you hoping to find?
public_04,train,syn_0d4aeb780385fa80ff0427c0fdd07221,30,authored_templates_not_real_transcripts,1,user,I would like to build a lasting relationship.
public_04,train,syn_0d4aeb780385fa80ff0427c0fdd07221,30,authored_templates_not_real_transcripts,2,assistant,What pace feels comfortable?
public_04,train,syn_0d4aeb780385fa80ff0427c0fdd07221,30,authored_templates_not_real_transcripts,3,user,A steady pace suits me.
public_04,train,syn_0d4aeb780385fa80ff0427c0fdd07221,30,authored_templates_not_real_transcripts,4,assistant,How do you tend to spend free time?
public_04,train,syn_0d4aeb780385fa80ff0427c0fdd07221,30,authored_templates_not_real_transcripts,5,user,I like a mixture of quiet time and seeing people.
public_04,train,syn_0d4aeb780385fa80ff0427c0fdd07221,30,authored_templates_not_real_transcripts,6,assistant,What kinds of conversation do you enjoy?
public_04,train,syn_0d4aeb780385fa80ff0427c0fdd07221,30,authored_templates_not_real_transcripts,7,user,I like a playful conversation.
public_04,train,syn_93ebc6a3ce39841928fd95d495c97af1,30,authored_templates_not_real_transcripts,0,assistant,What kinds of conversation do you enjoy?
public_04,train,syn_93ebc6a3ce39841928fd95d495c97af1,30,authored_templates_not_real_transcripts,1,user,I enjoy working through practical questions.
public_04,train,syn_616e50469eede5ea1cc678d6bdf65c7b,30,authored_templates_not_real_transcripts,0,assistant,What are you hoping to find?
public_04,train,syn_616e50469eede5ea1cc678d6bdf65c7b,30,authored_templates_not_real_transcripts,1,user,I am still working out what I want.
public_04,train,syn_616e50469eede5ea1cc678d6bdf65c7b,30,authored_templates_not_real_transcripts,2,assistant,What pace feels comfortable?
public_04,train,syn_616e50469eede5ea1cc678d6bdf65c7b,30,authored_templates_not_real_transcripts,3,user,I am comfortable meeting fairly soon.
public_04,train,syn_616e50469eede5ea1cc678d6bdf65c7b,30,authored_templates_not_real_transcripts,4,assistant,How do you tend to spend free time?
public_04,train,syn_616e50469eede5ea1cc678d6bdf65c7b,30,authored_templates_not_real_transcripts,5,user,I usually prefer a quiet evening.
public_04,train,syn_616e50469eede5ea1cc678d6bdf65c7b,30,authored_templates_not_real_transcripts,6,assistant,What kinds of conversation do you enjoy?
public_04,train,syn_616e50469eede5ea1cc678d6bdf65c7b,30,authored_templates_not_real_transcripts,7,user,I like a playful conversation.
public_04,train,syn_44153594c3e5edaae3ee82aba91ec415,30,authored_templates_not_real_transcripts,0,assistant,What kinds of conversation do you enjoy?
public_04,train,syn_44153594c3e5edaae3ee82aba91ec415,30,authored_templates_not_real_transcripts,1,user,I like a playful conversation.
public_04,train,syn_b1901fd7aed6f46dc3204992d04dffec,30,authored_templates_not_real_transcripts,0,assistant,How do you tend to spend free time?
public_04,train,syn_b1901fd7aed6f46dc3204992d04dffec,30,authored_templates_not_real_transcripts,1,user,I usually prefer a quiet evening.
public_04,train,syn_79cb97c49c874e7731827a071b52c213,30,authored_templates_not_real_transcripts,0,assistant,What are you hoping to find?
public_04,train,syn_79cb97c49c874e7731827a071b52c213,30,authored_templates_not_real_transcripts,1,user,I am still working out what I want.
public_04,train,syn_79cb97c49c874e7731827a071b52c213,30,authored_templates_not_real_transcripts,2,assistant,What pace feels comfortable?
public_04,train,syn_79cb97c49c874e7731827a071b52c213,30,authored_templates_not_real_transcripts,3,user,A steady pace suits me.
public_04,train,syn_79cb97c49c874e7731827a071b52c213,30,authored_templates_not_real_transcripts,4,assistant,How do you tend to spend free time?
public_04,train,syn_79cb97c49c874e7731827a071b52c213,30,authored_templates_not_real_transcripts,5,user,I like a mixture of quiet time and seeing people.
public_04,train,syn_79cb97c49c874e7731827a071b52c213,30,authored_templates_not_real_transcripts,6,assistant,What kinds of conversation do you enjoy?
public_04,train,syn_79cb97c49c874e7731827a071b52c213,30,authored_templates_not_real_transcripts,7,user,I like hearing the stories behind things.
public_04,train,syn_42c940a0e5af7e8361619515ace91984,30,authored_templates_not_real_transcripts,0,assistant,What are you hoping to find?
public_04,train,syn_42c940a0e5af7e8361619515ace91984,30,authored_templates_not_real_transcripts,1,user,I am still working out what I want.
public_04,train,syn_42c940a0e5af7e8361619515ace91984,30,authored_templates_not_real_transcripts,2,assistant,What pace feels comfortable?
public_04,train,syn_42c940a0e5af7e8361619515ace91984,30,authored_templates_not_real_transcripts,3,user,I prefer to get to know someone gradually.
public_04,train,syn_42c940a0e5af7e8361619515ace91984,30,authored_templates_not_real_transcripts,4,assistant,How do you tend to spend free time?
public_04,train,syn_42c940a0e5af7e8361619515ace91984,30,authored_templates_not_real_transcripts,5,user,I enjoy having plans with people.
public_04,train,syn_42c940a0e5af7e8361619515ace91984,30,authored_templates_not_real_transcripts,6,assistant,What kinds of conversation do you enjoy?
public_04,train,syn_42c940a0e5af7e8361619515ace91984,30,authored_templates_not_real_transcripts,7,user,I like hearing the stories behind things.
public_04,train,syn_4f14c897aa979fb06e0af2950b90a9ac,30,authored_templates_not_real_transcripts,0,assistant,What are you hoping to find?
public_04,train,syn_4f14c897aa979fb06e0af2950b90a9ac,30,authored_templates_not_real_transcripts,1,user,I would like to build a lasting relationship.
public_04,train,syn_4f14c897aa979fb06e0af2950b90a9ac,30,authored_templates_not_real_transcripts,2,assistant,What pace feels comfortable?
public_04,train,syn_4f14c897aa979fb06e0af2950b90a9ac,30,authored_templates_not_real_transcripts,3,user,A steady pace suits me.
public_04,train,syn_4f14c897aa979fb06e0af2950b90a9ac,30,authored_templates_not_real_transcripts,4,assistant,How do you tend to spend free time?
public_04,train,syn_4f14c897aa979fb06e0af2950b90a9ac,30,authored_templates_not_real_transcripts,5,user,I like a mixture of quiet time and seeing people.
public_04,train,syn_4f14c897aa979fb06e0af2950b90a9ac,30,authored_templates_not_real_transcripts,6,assistant,What kinds of conversation do you enjoy?
public_04,train,syn_4f14c897aa979fb06e0af2950b90a9ac,30,authored_templates_not_real_transcripts,7,user,I enjoy talking about ideas.
public_04,train,syn_24e084798f238a279f16794b68afbddf,30,authored_templates_not_real_transcripts,0,assistant,What pace feels comfortable?
public_04,train,syn_24e084798f238a279f16794b68afbddf,30,authored_templates_not_real_transcripts,1,user,I am comfortable meeting fairly soon.
public_04,train,syn_97451abfdecc902a5de05bc02876603f,30,authored_templates_not_real_transcripts,0,assistant,What are you hoping to find?
public_04,train,syn_97451abfdecc902a5de05bc02876603f,30,authored_templates_not_real_transcripts,1,user,I would like to build a lasting relationship.
public_04,train,syn_97451abfdecc902a5de05bc02876603f,30,authored_templates_not_real_transcripts,2,assistant,What pace feels comfortable?
public_04,train,syn_97451abfdecc902a5de05bc02876603f,30,authored_templates_not_real_transcripts,3,user,I am comfortable meeting fairly soon.
public_04,train,syn_97451abfdecc902a5de05bc02876603f,30,authored_templates_not_real_transcripts,4,assistant,How do you tend to spend free time?
public_04,train,syn_97451abfdecc902a5de05bc02876603f,30,authored_templates_not_real_transcripts,5,user,I enjoy having plans with people.
public_04,train,syn_97451abfdecc902a5de05bc02876603f,30,authored_templates_not_real_transcripts,6,assistant,What kinds of conversation do you enjoy?
public_04,train,syn_97451abfdecc902a5de05bc02876603f,30,authored_templates_not_real_transcripts,7,user,I enjoy working through practical questions.
public_04,train,syn_9aaf83b5792dd314c37fee524661907d,30,authored_templates_not_real_transcripts,0,assistant,What are you hoping to find?
public_04,train,syn_9aaf83b5792dd314c37fee524661907d,30,authored_templates_not_real_transcripts,1,user,I would like to build a lasting relationship.
public_04,train,syn_9aaf83b5792dd314c37fee524661907d,30,authored_templates_not_real_transcripts,2,assistant,What pace feels comfortable?
public_04,train,syn_9aaf83b5792dd314c37fee524661907d,30,authored_templates_not_real_transcripts,3,user,I prefer to get to know someone gradually.
public_04,train,syn_9aaf83b5792dd314c37fee524661907d,30,authored_templates_not_real_transcripts,4,assistant,How do you tend to spend free time?
public_04,train,syn_9aaf83b5792dd314c37fee524661907d,30,authored_templates_not_real_transcripts,5,user,I enjoy having plans with people.
public_04,train,syn_9aaf83b5792dd314c37fee524661907d,30,authored_templates_not_real_transcripts,6,assistant,What kinds of conversation do you enjoy?
public_04,train,syn_9aaf83b5792dd314c37fee524661907d,30,authored_templates_not_real_transcripts,7,user,I like hearing the stories behind things.
public_04,train,syn_c71ff2cf1ece2905eceb39509f38a8f8,30,authored_templates_not_real_transcripts,0,assistant,How do you tend to spend free time?
public_04,train,syn_c71ff2cf1ece2905eceb39509f38a8f8,30,authored_templates_not_real_transcripts,1,user,I enjoy having plans with people.
public_04,train,syn_6c213fc24a6197f288499b5245666c3a,30,authored_templates_not_real_transcripts,0,assistant,What are you hoping to find?
public_04,train,syn_6c213fc24a6197f288499b5245666c3a,30,authored_templates_not_real_transcripts,1,user,I would like to build a lasting relationship.
public_04,train,syn_6c213fc24a6197f288499b5245666c3a,30,authored_templates_not_real_transcripts,2,assistant,What pace feels comfortable?
public_04,train,syn_6c213fc24a6197f288499b5245666c3a,30,authored_templates_not_real_transcripts,3,user,A steady pace suits me.
public_04,train,syn_6c213fc24a6197f288499b5245666c3a,30,authored_templates_not_real_transcripts,4,assistant,How do you tend to spend free time?
public_04,train,syn_6c213fc24a6197f288499b5245666c3a,30,authored_templates_not_real_transcripts,5,user,I enjoy having plans with people.
public_04,train,syn_6c213fc24a6197f288499b5245666c3a,30,authored_templates_not_real_transcripts,6,assistant,What kinds of conversation do you enjoy?
public_04,train,syn_6c213fc24a6197f288499b5245666c3a,30,authored_templates_not_real_transcripts,7,user,I like a playful conversation.
public_04,train,syn_3cd316f7d7f430218c43e59c953a780c,30,authored_templates_not_real_transcripts,0,assistant,What are you hoping to find?
public_04,train,syn_3cd316f7d7f430218c43e59c953a780c,30,authored_templates_not_real_transcripts,1,user,I am still working out what I want.
public_04,train,syn_3cd316f7d7f430218c43e59c953a780c,30,authored_templates_not_real_transcripts,2,assistant,What pace feels comfortable?
public_04,train,syn_3cd316f7d7f430218c43e59c953a780c,30,authored_templates_not_real_transcripts,3,user,A steady pace suits me.
public_04,train,syn_3cd316f7d7f430218c43e59c953a780c,30,authored_templates_not_real_transcripts,4,assistant,How do you tend to spend free time?
public_04,train,syn_3cd316f7d7f430218c43e59c953a780c,30,authored_templates_not_real_transcripts,5,user,I usually prefer a quiet evening.
public_04,train,syn_3cd316f7d7f430218c43e59c953a780c,30,authored_templates_not_real_transcripts,6,assistant,What kinds of conversation do you enjoy?
public_04,train,syn_3cd316f7d7f430218c43e59c953a780c,30,authored_templates_not_real_transcripts,7,user,I like a playful conversation.
public_04,train,syn_1452bfc54a526a13bfbb1f53ee2c97e7,30,authored_templates_not_real_transcripts,0,assistant,What pace feels comfortable?
public_04,train,syn_1452bfc54a526a13bfbb1f53ee2c97e7,30,authored_templates_not_real_transcripts,1,user,I prefer to get to know someone gradually.
public_04,train,syn_7bb4069edd4b8fc582018b6693b1731a,30,authored_templates_not_real_transcripts,0,assistant,What pace feels comfortable?
public_04,train,syn_7bb4069edd4b8fc582018b6693b1731a,30,authored_templates_not_real_transcripts,1,user,I am comfortable meeting fairly soon.
public_04,train,syn_e0a66eaf9508ae6c9617c5a53822bd0e,30,authored_templates_not_real_transcripts,0,assistant,What pace feels comfortable?
public_04,train,syn_e0a66eaf9508ae6c9617c5a53822bd0e,30,authored_templates_not_real_transcripts,1,user,I am comfortable meeting fairly soon.
public_04,train,syn_e0a66eaf9508ae6c9617c5a53822bd0e,30,authored_templates_not_real_transcripts,2,assistant,What kinds of conversation do you enjoy?
public_04,train,syn_e0a66eaf9508ae6c9617c5a53822bd0e,30,authored_templates_not_real_transcripts,3,user,I enjoy talking about ideas.
public_04,train,syn_a7fc11fd0ef3e4f98b7abe8f05ba6707,30,authored_templates_not_real_transcripts,0,assistant,What pace feels comfortable?
public_04,train,syn_a7fc11fd0ef3e4f98b7abe8f05ba6707,30,authored_templates_not_real_transcripts,1,user,I am comfortable meeting fairly soon.
public_04,train,syn_073555cc4699627ce699abc314b5b131,30,authored_templates_not_real_transcripts,0,assistant,What are you hoping to find?
public_04,train,syn_073555cc4699627ce699abc314b5b131,30,authored_templates_not_real_transcripts,1,user,I would like to build a lasting relationship.
public_04,train,syn_073555cc4699627ce699abc314b5b131,30,authored_templates_not_real_transcripts,2,assistant,What pace feels comfortable?
public_04,train,syn_073555cc4699627ce699abc314b5b131,30,authored_templates_not_real_transcripts,3,user,A steady pace suits me.
public_04,train,syn_073555cc4699627ce699abc314b5b131,30,authored_templates_not_real_transcripts,4,assistant,How do you tend to spend free time?
public_04,train,syn_073555cc4699627ce699abc314b5b131,30,authored_templates_not_real_transcripts,5,user,I enjoy having plans with people.
public_04,train,syn_073555cc4699627ce699abc314b5b131,30,authored_templates_not_real_transcripts,6,assistant,What kinds of conversation do you enjoy?
public_04,train,syn_073555cc4699627ce699abc314b5b131,30,authored_templates_not_real_transcripts,7,user,I like a playful conversation.
public_04,train,syn_c5eaf70283619d3e612460ed0559915a,30,authored_templates_not_real_transcripts,0,assistant,What are you hoping to find?
public_04,train,syn_c5eaf70283619d3e612460ed0559915a,30,authored_templates_not_real_transcripts,1,user,I would like to build a lasting relationship.
public_04,train,syn_c5eaf70283619d3e612460ed0559915a,30,authored_templates_not_real_transcripts,2,assistant,What pace feels comfortable?
public_04,train,syn_c5eaf70283619d3e612460ed0559915a,30,authored_templates_not_real_transcripts,3,user,I am comfortable meeting fairly soon.
public_04,train,syn_c5eaf70283619d3e612460ed0559915a,30,authored_templates_not_real_transcripts,4,assistant,How do you tend to spend free time?
public_04,train,syn_c5eaf70283619d3e612460ed0559915a,30,authored_templates_not_real_transcripts,5,user,I like a mixture of quiet time and seeing people.
public_04,train,syn_c5eaf70283619d3e612460ed0559915a,30,authored_templates_not_real_transcripts,6,assistant,What kinds of conversation do you enjoy?
public_04,train,syn_c5eaf70283619d3e612460ed0559915a,30,authored_templates_not_real_transcripts,7,user,I like hearing the stories behind things.
public_04,train,syn_b6ccbfc677b089b19eae1e15f731705e,30,authored_templates_not_real_transcripts,0,assistant,What are you hoping to find?
public_04,train,syn_b6ccbfc677b089b19eae1e15f731705e,30,authored_templates_not_real_transcripts,1,user,I am still working out what I want.
public_04,train,syn_9cc7f75fc94e69a63816c0161fc1afb7,30,authored_templates_not_real_transcripts,0,assistant,What are you hoping to find?
public_04,train,syn_9cc7f75fc94e69a63816c0161fc1afb7,30,authored_templates_not_real_transcripts,1,user,I am still working out what I want.
public_04,train,syn_9cc7f75fc94e69a63816c0161fc1afb7,30,authored_templates_not_real_transcripts,2,assistant,What pace feels comfortable?
public_04,train,syn_9cc7f75fc94e69a63816c0161fc1afb7,30,authored_templates_not_real_transcripts,3,user,I prefer to get to know someone gradually.
public_04,train,syn_9cc7f75fc94e69a63816c0161fc1afb7,30,authored_templates_not_real_transcripts,4,assistant,How do you tend to spend free time?
public_04,train,syn_9cc7f75fc94e69a63816c0161fc1afb7,30,authored_templates_not_real_transcripts,5,user,I like a mixture of quiet time and seeing people.
public_04,train,syn_9cc7f75fc94e69a63816c0161fc1afb7,30,authored_templates_not_real_transcripts,6,assistant,What kinds of conversation do you enjoy?
public_04,train,syn_9cc7f75fc94e69a63816c0161fc1afb7,30,authored_templates_not_real_transcripts,7,user,I like hearing the stories behind things.
public_04,train,syn_7e4f6a7dee069443b0e31966297f9ca4,30,authored_templates_not_real_transcripts,0,assistant,What pace feels comfortable?
public_04,train,syn_7e4f6a7dee069443b0e31966297f9ca4,30,authored_templates_not_real_transcripts,1,user,I prefer to get to know someone gradually.
public_04,train,syn_7e4f6a7dee069443b0e31966297f9ca4,30,authored_templates_not_real_transcripts,2,assistant,How do you tend to spend free time?
public_04,train,syn_7e4f6a7dee069443b0e31966297f9ca4,30,authored_templates_not_real_transcripts,3,user,I like a mixture of quiet time and seeing people.
public_04,train,syn_36db1f5d2e83246f218ddc986f80693c,30,authored_templates_not_real_transcripts,0,assistant,What are you hoping to find?
public_04,train,syn_36db1f5d2e83246f218ddc986f80693c,30,authored_templates_not_real_transcripts,1,user,I would like to build a lasting relationship.
public_04,train,syn_6bca834307add6366756bf704c45a33e,30,authored_templates_not_real_transcripts,0,assistant,What are you hoping to find?
public_04,train,syn_6bca834307add6366756bf704c45a33e,30,authored_templates_not_real_transcripts,1,user,I would like to build a lasting relationship.
public_04,train,syn_6bca834307add6366756bf704c45a33e,30,authored_templates_not_real_transcripts,2,assistant,What pace feels comfortable?
public_04,train,syn_6bca834307add6366756bf704c45a33e,30,authored_templates_not_real_transcripts,3,user,I am comfortable meeting fairly soon.
public_04,train,syn_6bca834307add6366756bf704c45a33e,30,authored_templates_not_real_transcripts,4,assistant,How do you tend to spend free time?
public_04,train,syn_6bca834307add6366756bf704c45a33e,30,authored_templates_not_real_transcripts,5,user,I usually prefer a quiet evening.
public_04,train,syn_6bca834307add6366756bf704c45a33e,30,authored_templates_not_real_transcripts,6,assistant,What kinds of conversation do you enjoy?
public_04,train,syn_6bca834307add6366756bf704c45a33e,30,authored_templates_not_real_transcripts,7,user,I enjoy talking about ideas.
public_04,train,syn_8934e986f20fa72046c53b387930debc,30,authored_templates_not_real_transcripts,0,assistant,What are you hoping to find?
public_04,train,syn_8934e986f20fa72046c53b387930debc,30,authored_templates_not_real_transcripts,1,user,I am still working out what I want.
public_04,train,syn_8934e986f20fa72046c53b387930debc,30,authored_templates_not_real_transcripts,2,assistant,What pace feels comfortable?
public_04,train,syn_8934e986f20fa72046c53b387930debc,30,authored_templates_not_real_transcripts,3,user,A steady pace suits me.
public_04,train,syn_8934e986f20fa72046c53b387930debc,30,authored_templates_not_real_transcripts,4,assistant,How do you tend to spend free time?
public_04,train,syn_8934e986f20fa72046c53b387930debc,30,authored_templates_not_real_transcripts,5,user,I like a mixture of quiet time and seeing people.
public_04,train,syn_8934e986f20fa72046c53b387930debc,30,authored_templates_not_real_transcripts,6,assistant,What kinds of conversation do you enjoy?
public_04,train,syn_8934e986f20fa72046c53b387930debc,30,authored_templates_not_real_transcripts,7,user,I like hearing the stories behind things.
public_04,train,syn_60709e4a9b849a4ed8968f377b9c9451,30,authored_templates_not_real_transcripts,0,assistant,What are you hoping to find?
public_04,train,syn_60709e4a9b849a4ed8968f377b9c9451,30,authored_templates_not_real_transcripts,1,user,I am still working out what I want.
public_04,train,syn_60709e4a9b849a4ed8968f377b9c9451,30,authored_templates_not_real_transcripts,2,assistant,What pace feels comfortable?
public_04,train,syn_60709e4a9b849a4ed8968f377b9c9451,30,authored_templates_not_real_transcripts,3,user,A steady pace suits me.
public_04,train,syn_60709e4a9b849a4ed8968f377b9c9451,30,authored_templates_not_real_transcripts,4,assistant,How do you tend to spend free time?
public_04,train,syn_60709e4a9b849a4ed8968f377b9c9451,30,authored_templates_not_real_transcripts,5,user,I like a mixture of quiet time and seeing people.
public_04,train,syn_60709e4a9b849a4ed8968f377b9c9451,30,authored_templates_not_real_transcripts,6,assistant,What kinds of conversation do you enjoy?
public_04,train,syn_60709e4a9b849a4ed8968f377b9c9451,30,authored_templates_not_real_transcripts,7,user,I like hearing the stories behind things.
public_04,train,syn_28559b2a38071b7b85d23c8f164497a0,30,authored_templates_not_real_transcripts,0,assistant,What are you hoping to find?
public_04,train,syn_28559b2a38071b7b85d23c8f164497a0,30,authored_templates_not_real_transcripts,1,user,I am still working out what I want.
public_04,train,syn_28559b2a38071b7b85d23c8f164497a0,30,authored_templates_not_real_transcripts,2,assistant,What pace feels comfortable?
public_04,train,syn_28559b2a38071b7b85d23c8f164497a0,30,authored_templates_not_real_transcripts,3,user,I prefer to get to know someone gradually.
public_04,train,syn_28559b2a38071b7b85d23c8f164497a0,30,authored_templates_not_real_transcripts,4,assistant,How do you tend to spend free time?
public_04,train,syn_28559b2a38071b7b85d23c8f164497a0,30,authored_templates_not_real_transcripts,5,user,I usually prefer a quiet evening.
public_04,train,syn_28559b2a38071b7b85d23c8f164497a0,30,authored_templates_not_real_transcripts,6,assistant,What kinds of conversation do you enjoy?
public_04,train,syn_28559b2a38071b7b85d23c8f164497a0,30,authored_templates_not_real_transcripts,7,user,I enjoy talking about ideas.
public_04,train,syn_a36e85bc3ba96be0c2b160b2a74458a2,30,authored_templates_not_real_transcripts,0,assistant,What are you hoping to find?
public_04,train,syn_a36e85bc3ba96be0c2b160b2a74458a2,30,authored_templates_not_real_transcripts,1,user,I am still working out what I want.
public_04,train,syn_a36e85bc3ba96be0c2b160b2a74458a2,30,authored_templates_not_real_transcripts,2,assistant,What pace feels comfortable?
public_04,train,syn_a36e85bc3ba96be0c2b160b2a74458a2,30,authored_templates_not_real_transcripts,3,user,I prefer to get to know someone gradually.
public_04,train,syn_a36e85bc3ba96be0c2b160b2a74458a2,30,authored_templates_not_real_transcripts,4,assistant,How do you tend to spend free time?
public_04,train,syn_a36e85bc3ba96be0c2b160b2a74458a2,30,authored_templates_not_real_transcripts,5,user,I enjoy having plans with people.
public_04,train,syn_a36e85bc3ba96be0c2b160b2a74458a2,30,authored_templates_not_real_transcripts,6,assistant,What kinds of conversation do you enjoy?
public_04,train,syn_a36e85bc3ba96be0c2b160b2a74458a2,30,authored_templates_not_real_transcripts,7,user,I like a playful conversation.
public_04,train,syn_1b6880c76aa4fac265ac5fd1a789e195,30,authored_templates_not_real_transcripts,0,assistant,What are you hoping to find?
public_04,train,syn_1b6880c76aa4fac265ac5fd1a789e195,30,authored_templates_not_real_transcripts,1,user,I would like to build a lasting relationship.
public_04,train,syn_1b6880c76aa4fac265ac5fd1a789e195,30,authored_templates_not_real_transcripts,2,assistant,What kinds of conversation do you enjoy?
public_04,train,syn_1b6880c76aa4fac265ac5fd1a789e195,30,authored_templates_not_real_transcripts,3,user,I enjoy working through practical questions.
public_04,train,syn_b49c4d80007ff81c1cbb9e2e1dc82bf9,30,authored_templates_not_real_transcripts,0,assistant,What are you hoping to find?
public_04,train,syn_b49c4d80007ff81c1cbb9e2e1dc82bf9,30,authored_templates_not_real_transcripts,1,user,I am still working out what I want.
public_04,train,syn_b49c4d80007ff81c1cbb9e2e1dc82bf9,30,authored_templates_not_real_transcripts,2,assistant,What pace feels comfortable?
public_04,train,syn_b49c4d80007ff81c1cbb9e2e1dc82bf9,30,authored_templates_not_real_transcripts,3,user,I am comfortable meeting fairly soon.
public_04,train,syn_b49c4d80007ff81c1cbb9e2e1dc82bf9,30,authored_templates_not_real_transcripts,4,assistant,How do you tend to spend free time?
public_04,train,syn_b49c4d80007ff81c1cbb9e2e1dc82bf9,30,authored_templates_not_real_transcripts,5,user,I usually prefer a quiet evening.
public_04,train,syn_b49c4d80007ff81c1cbb9e2e1dc82bf9,30,authored_templates_not_real_transcripts,6,assistant,What kinds of conversation do you enjoy?
public_04,train,syn_b49c4d80007ff81c1cbb9e2e1dc82bf9,30,authored_templates_not_real_transcripts,7,user,I like hearing the stories behind things.
public_04,train,syn_eb8696fb693b13718b8d552d3dee6513,30,authored_templates_not_real_transcripts,0,assistant,What are you hoping to find?
public_04,train,syn_eb8696fb693b13718b8d552d3dee6513,30,authored_templates_not_real_transcripts,1,user,I am still working out what I want.
public_04,train,syn_eb8696fb693b13718b8d552d3dee6513,30,authored_templates_not_real_transcripts,2,assistant,What pace feels comfortable?
public_04,train,syn_eb8696fb693b13718b8d552d3dee6513,30,authored_templates_not_real_transcripts,3,user,A steady pace suits me.
public_04,train,syn_eb8696fb693b13718b8d552d3dee6513,30,authored_templates_not_real_transcripts,4,assistant,How do you tend to spend free time?
public_04,train,syn_eb8696fb693b13718b8d552d3dee6513,30,authored_templates_not_real_transcripts,5,user,I like a mixture of quiet time and seeing people.
public_04,train,syn_eb8696fb693b13718b8d552d3dee6513,30,authored_templates_not_real_transcripts,6,assistant,What kinds of conversation do you enjoy?
public_04,train,syn_eb8696fb693b13718b8d552d3dee6513,30,authored_templates_not_real_transcripts,7,user,I enjoy working through practical questions.
public_04,train,syn_2c786cd597c145ad2bca8f9f65c7ead1,30,authored_templates_not_real_transcripts,0,assistant,What kinds of conversation do you enjoy?
public_04,train,syn_2c786cd597c145ad2bca8f9f65c7ead1,30,authored_templates_not_real_transcripts,1,user,I enjoy talking about ideas.
public_04,train,syn_5fde49d24837cd3528d28b491b0dfee0,30,authored_templates_not_real_transcripts,0,assistant,What kinds of conversation do you enjoy?
public_04,train,syn_5fde49d24837cd3528d28b491b0dfee0,30,authored_templates_not_real_transcripts,1,user,I enjoy talking about ideas.
public_04,train,syn_aa29a72fd66bee975c197056e427fb12,30,authored_templates_not_real_transcripts,0,assistant,What are you hoping to find?
public_04,train,syn_aa29a72fd66bee975c197056e427fb12,30,authored_templates_not_real_transcripts,1,user,I would like to build a lasting relationship.
public_04,train,syn_aa29a72fd66bee975c197056e427fb12,30,authored_templates_not_real_transcripts,2,assistant,What pace feels comfortable?
public_04,train,syn_aa29a72fd66bee975c197056e427fb12,30,authored_templates_not_real_transcripts,3,user,I prefer to get to know someone gradually.
public_04,train,syn_aa29a72fd66bee975c197056e427fb12,30,authored_templates_not_real_transcripts,4,assistant,How do you tend to spend free time?
public_04,train,syn_aa29a72fd66bee975c197056e427fb12,30,authored_templates_not_real_transcripts,5,user,I usually prefer a quiet evening.
public_04,train,syn_aa29a72fd66bee975c197056e427fb12,30,authored_templates_not_real_transcripts,6,assistant,What kinds of conversation do you enjoy?
public_04,train,syn_aa29a72fd66bee975c197056e427fb12,30,authored_templates_not_real_transcripts,7,user,I enjoy working through practical questions.
public_04,train,syn_1adcbb975557fc57fffb9471a6ee47b1,30,authored_templates_not_real_transcripts,0,assistant,What pace feels comfortable?
public_04,train,syn_1adcbb975557fc57fffb9471a6ee47b1,30,authored_templates_not_real_transcripts,1,user,I prefer to get to know someone gradually.
public_04,train,syn_1adcbb975557fc57fffb9471a6ee47b1,30,authored_templates_not_real_transcripts,2,assistant,How do you tend to spend free time?
public_04,train,syn_1adcbb975557fc57fffb9471a6ee47b1,30,authored_templates_not_real_transcripts,3,user,I usually prefer a quiet evening.
public_04,train,syn_9bee23137c5214fd841cd4099d824473,30,authored_templates_not_real_transcripts,0,assistant,What are you hoping to find?
public_04,train,syn_9bee23137c5214fd841cd4099d824473,30,authored_templates_not_real_transcripts,1,user,I would like to build a lasting relationship.
public_04,train,syn_6ece6990d6dc3284551a3c815b7b790c,30,authored_templates_not_real_transcripts,0,assistant,What are you hoping to find?
public_04,train,syn_6ece6990d6dc3284551a3c815b7b790c,30,authored_templates_not_real_transcripts,1,user,I am still working out what I want.
public_04,train,syn_6ece6990d6dc3284551a3c815b7b790c,30,authored_templates_not_real_transcripts,2,assistant,What pace feels comfortable?
public_04,train,syn_6ece6990d6dc3284551a3c815b7b790c,30,authored_templates_not_real_transcripts,3,user,A steady pace suits me.
public_04,train,syn_6ece6990d6dc3284551a3c815b7b790c,30,authored_templates_not_real_transcripts,4,assistant,How do you tend to spend free time?
public_04,train,syn_6ece6990d6dc3284551a3c815b7b790c,30,authored_templates_not_real_transcripts,5,user,I enjoy having plans with people.
public_04,train,syn_6ece6990d6dc3284551a3c815b7b790c,30,authored_templates_not_real_transcripts,6,assistant,What kinds of conversation do you enjoy?
public_04,train,syn_6ece6990d6dc3284551a3c815b7b790c,30,authored_templates_not_real_transcripts,7,user,I like hearing the stories behind things.
public_05,train,syn_4d82c616c12ba2e70ddce92c2cb31a1d,30,authored_templates_not_real_transcripts,0,assistant,What are you hoping to find?
public_05,train,syn_4d82c616c12ba2e70ddce92c2cb31a1d,30,authored_templates_not_real_transcripts,1,user,I would like to build a lasting relationship.
public_05,train,syn_4d82c616c12ba2e70ddce92c2cb31a1d,30,authored_templates_not_real_transcripts,2,assistant,What pace feels comfortable?
public_05,train,syn_4d82c616c12ba2e70ddce92c2cb31a1d,30,authored_templates_not_real_transcripts,3,user,I prefer to get to know someone gradually.
public_05,train,syn_4d82c616c12ba2e70ddce92c2cb31a1d,30,authored_templates_not_real_transcripts,4,assistant,How do you tend to spend free time?
public_05,train,syn_4d82c616c12ba2e70ddce92c2cb31a1d,30,authored_templates_not_real_transcripts,5,user,I like a mixture of quiet time and seeing people.
public_05,train,syn_4d82c616c12ba2e70ddce92c2cb31a1d,30,authored_templates_not_real_transcripts,6,assistant,What kinds of conversation do you enjoy?
public_05,train,syn_4d82c616c12ba2e70ddce92c2cb31a1d,30,authored_templates_not_real_transcripts,7,user,I like a playful conversation.
public_05,train,syn_0cf9e38720b54f715da4f4930ee5b602,30,authored_templates_not_real_transcripts,0,assistant,What are you hoping to find?
public_05,train,syn_0cf9e38720b54f715da4f4930ee5b602,30,authored_templates_not_real_transcripts,1,user,I would like to build a lasting relationship.
public_05,train,syn_0cf9e38720b54f715da4f4930ee5b602,30,authored_templates_not_real_transcripts,2,assistant,What pace feels comfortable?
public_05,train,syn_0cf9e38720b54f715da4f4930ee5b602,30,authored_templates_not_real_transcripts,3,user,I am comfortable meeting fairly soon.
public_05,train,syn_0cf9e38720b54f715da4f4930ee5b602,30,authored_templates_not_real_transcripts,4,assistant,How do you tend to spend free time?
public_05,train,syn_0cf9e38720b54f715da4f4930ee5b602,30,authored_templates_not_real_transcripts,5,user,I like a mixture of quiet time and seeing people.
public_05,train,syn_0cf9e38720b54f715da4f4930ee5b602,30,authored_templates_not_real_transcripts,6,assistant,What kinds of conversation do you enjoy?
public_05,train,syn_0cf9e38720b54f715da4f4930ee5b602,30,authored_templates_not_real_transcripts,7,user,I enjoy working through practical questions.
public_05,train,syn_2f057a3c05913d701d608a8b13727219,30,authored_templates_not_real_transcripts,0,assistant,How do you tend to spend free time?
public_05,train,syn_2f057a3c05913d701d608a8b13727219,30,authored_templates_not_real_transcripts,1,user,I usually prefer a quiet evening.
public_05,train,syn_978d84b73395722ff8cbcc276f0c8b33,30,authored_templates_not_real_transcripts,0,assistant,What kinds of conversation do you enjoy?
public_05,train,syn_978d84b73395722ff8cbcc276f0c8b33,30,authored_templates_not_real_transcripts,1,user,I enjoy working through practical questions.
public_05,train,syn_763cc0d6b5feee5882701909f33a0777,30,authored_templates_not_real_transcripts,0,assistant,What are you hoping to find?
public_05,train,syn_763cc0d6b5feee5882701909f33a0777,30,authored_templates_not_real_transcripts,1,user,I would like to build a lasting relationship.
public_05,train,syn_763cc0d6b5feee5882701909f33a0777,30,authored_templates_not_real_transcripts,2,assistant,What pace feels comfortable?
public_05,train,syn_763cc0d6b5feee5882701909f33a0777,30,authored_templates_not_real_transcripts,3,user,A steady pace suits me.
public_05,train,syn_763cc0d6b5feee5882701909f33a0777,30,authored_templates_not_real_transcripts,4,assistant,How do you tend to spend free time?
public_05,train,syn_763cc0d6b5feee5882701909f33a0777,30,authored_templates_not_real_transcripts,5,user,I like a mixture of quiet time and seeing people.
public_05,train,syn_763cc0d6b5feee5882701909f33a0777,30,authored_templates_not_real_transcripts,6,assistant,What kinds of conversation do you enjoy?
public_05,train,syn_763cc0d6b5feee5882701909f33a0777,30,authored_templates_not_real_transcripts,7,user,I enjoy talking about ideas.
public_05,train,syn_ed73a5ffcde32d3d29c33a9428f04344,30,authored_templates_not_real_transcripts,0,assistant,What are you hoping to find?
public_05,train,syn_ed73a5ffcde32d3d29c33a9428f04344,30,authored_templates_not_real_transcripts,1,user,I would like to build a lasting relationship.
public_05,train,syn_ed73a5ffcde32d3d29c33a9428f04344,30,authored_templates_not_real_transcripts,2,assistant,What pace feels comfortable?
public_05,train,syn_ed73a5ffcde32d3d29c33a9428f04344,30,authored_templates_not_real_transcripts,3,user,I am comfortable meeting fairly soon.
public_05,train,syn_ed73a5ffcde32d3d29c33a9428f04344,30,authored_templates_not_real_transcripts,4,assistant,How do you tend to spend free time?
public_05,train,syn_ed73a5ffcde32d3d29c33a9428f04344,30,authored_templates_not_real_transcripts,5,user,I usually prefer a quiet evening.
public_05,train,syn_ed73a5ffcde32d3d29c33a9428f04344,30,authored_templates_not_real_transcripts,6,assistant,What kinds of conversation do you enjoy?
public_05,train,syn_ed73a5ffcde32d3d29c33a9428f04344,30,authored_templates_not_real_transcripts,7,user,I enjoy working through practical questions.
public_05,train,syn_75273d30606bde7fe1c8835426415983,30,authored_templates_not_real_transcripts,0,assistant,What are you hoping to find?
public_05,train,syn_75273d30606bde7fe1c8835426415983,30,authored_templates_not_real_transcripts,1,user,I would like to build a lasting relationship.
public_05,train,syn_75273d30606bde7fe1c8835426415983,30,authored_templates_not_real_transcripts,2,assistant,What pace feels comfortable?
public_05,train,syn_75273d30606bde7fe1c8835426415983,30,authored_templates_not_real_transcripts,3,user,I prefer to get to know someone gradually.
public_05,train,syn_75273d30606bde7fe1c8835426415983,30,authored_templates_not_real_transcripts,4,assistant,How do you tend to spend free time?
public_05,train,syn_75273d30606bde7fe1c8835426415983,30,authored_templates_not_real_transcripts,5,user,I usually prefer a quiet evening.
public_05,train,syn_75273d30606bde7fe1c8835426415983,30,authored_templates_not_real_transcripts,6,assistant,What kinds of conversation do you enjoy?
public_05,train,syn_75273d30606bde7fe1c8835426415983,30,authored_templates_not_real_transcripts,7,user,I enjoy talking about ideas.
public_05,train,syn_4f070b9e8e1937e0c4f475679f709212,30,authored_templates_not_real_transcripts,0,assistant,What are you hoping to find?
public_05,train,syn_4f070b9e8e1937e0c4f475679f709212,30,authored_templates_not_real_transcripts,1,user,I am still working out what I want.
public_05,train,syn_4f070b9e8e1937e0c4f475679f709212,30,authored_templates_not_real_transcripts,2,assistant,What pace feels comfortable?
public_05,train,syn_4f070b9e8e1937e0c4f475679f709212,30,authored_templates_not_real_transcripts,3,user,I am comfortable meeting fairly soon.
public_05,train,syn_4f070b9e8e1937e0c4f475679f709212,30,authored_templates_not_real_transcripts,4,assistant,How do you tend to spend free time?
public_05,train,syn_4f070b9e8e1937e0c4f475679f709212,30,authored_templates_not_real_transcripts,5,user,I usually prefer a quiet evening.
public_05,train,syn_4f070b9e8e1937e0c4f475679f709212,30,authored_templates_not_real_transcripts,6,assistant,What kinds of conversation do you enjoy?
public_05,train,syn_4f070b9e8e1937e0c4f475679f709212,30,authored_templates_not_real_transcripts,7,user,I enjoy working through practical questions.
public_05,train,syn_2455179885e7a5cdd0d701736adad366,30,authored_templates_not_real_transcripts,0,assistant,What are you hoping to find?
public_05,train,syn_2455179885e7a5cdd0d701736adad366,30,authored_templates_not_real_transcripts,1,user,I would like to build a lasting relationship.
public_05,train,syn_2455179885e7a5cdd0d701736adad366,30,authored_templates_not_real_transcripts,2,assistant,What pace feels comfortable?
public_05,train,syn_2455179885e7a5cdd0d701736adad366,30,authored_templates_not_real_transcripts,3,user,I am comfortable meeting fairly soon.
public_05,train,syn_2455179885e7a5cdd0d701736adad366,30,authored_templates_not_real_transcripts,4,assistant,How do you tend to spend free time?
public_05,train,syn_2455179885e7a5cdd0d701736adad366,30,authored_templates_not_real_transcripts,5,user,I like a mixture of quiet time and seeing people.
public_05,train,syn_2455179885e7a5cdd0d701736adad366,30,authored_templates_not_real_transcripts,6,assistant,What kinds of conversation do you enjoy?
public_05,train,syn_2455179885e7a5cdd0d701736adad366,30,authored_templates_not_real_transcripts,7,user,I enjoy talking about ideas.
public_05,train,syn_d737c28d6653eeba0c3592b0f7d771b6,30,authored_templates_not_real_transcripts,0,assistant,What are you hoping to find?
public_05,train,syn_d737c28d6653eeba0c3592b0f7d771b6,30,authored_templates_not_real_transcripts,1,user,I would like to build a lasting relationship.
public_05,train,syn_d737c28d6653eeba0c3592b0f7d771b6,30,authored_templates_not_real_transcripts,2,assistant,What pace feels comfortable?
public_05,train,syn_d737c28d6653eeba0c3592b0f7d771b6,30,authored_templates_not_real_transcripts,3,user,I prefer to get to know someone gradually.
public_05,train,syn_d737c28d6653eeba0c3592b0f7d771b6,30,authored_templates_not_real_transcripts,4,assistant,How do you tend to spend free time?
public_05,train,syn_d737c28d6653eeba0c3592b0f7d771b6,30,authored_templates_not_real_transcripts,5,user,I enjoy having plans with people.
public_05,train,syn_d737c28d6653eeba0c3592b0f7d771b6,30,authored_templates_not_real_transcripts,6,assistant,What kinds of conversation do you enjoy?
public_05,train,syn_d737c28d6653eeba0c3592b0f7d771b6,30,authored_templates_not_real_transcripts,7,user,I like a playful conversation.
public_05,train,syn_955a8bdca2d80121eeda9df1c5b47f0d,30,authored_templates_not_real_transcripts,0,assistant,What are you hoping to find?
public_05,train,syn_955a8bdca2d80121eeda9df1c5b47f0d,30,authored_templates_not_real_transcripts,1,user,I am still working out what I want.
public_05,train,syn_dc0858337c792155030cc8fbec54eec3,30,authored_templates_not_real_transcripts,0,assistant,What pace feels comfortable?
public_05,train,syn_dc0858337c792155030cc8fbec54eec3,30,authored_templates_not_real_transcripts,1,user,I am comfortable meeting fairly soon.
public_05,train,syn_b093803435347802d9c3175e27e2866e,30,authored_templates_not_real_transcripts,0,assistant,What are you hoping to find?
public_05,train,syn_b093803435347802d9c3175e27e2866e,30,authored_templates_not_real_transcripts,1,user,I would like to build a lasting relationship.
public_05,train,syn_b093803435347802d9c3175e27e2866e,30,authored_templates_not_real_transcripts,2,assistant,What pace feels comfortable?
public_05,train,syn_b093803435347802d9c3175e27e2866e,30,authored_templates_not_real_transcripts,3,user,I am comfortable meeting fairly soon.
public_05,train,syn_b093803435347802d9c3175e27e2866e,30,authored_templates_not_real_transcripts,4,assistant,How do you tend to spend free time?
public_05,train,syn_b093803435347802d9c3175e27e2866e,30,authored_templates_not_real_transcripts,5,user,I like a mixture of quiet time and seeing people.
public_05,train,syn_b093803435347802d9c3175e27e2866e,30,authored_templates_not_real_transcripts,6,assistant,What kinds of conversation do you enjoy?
public_05,train,syn_b093803435347802d9c3175e27e2866e,30,authored_templates_not_real_transcripts,7,user,I like hearing the stories behind things.
public_05,train,syn_cc7c67b7f4a721e77c698b07c7d1c118,30,authored_templates_not_real_transcripts,0,assistant,How do you tend to spend free time?
public_05,train,syn_cc7c67b7f4a721e77c698b07c7d1c118,30,authored_templates_not_real_transcripts,1,user,I usually prefer a quiet evening.
public_05,train,syn_3629e30d62cfc4882e782ef72b076973,30,authored_templates_not_real_transcripts,0,assistant,What are you hoping to find?
public_05,train,syn_3629e30d62cfc4882e782ef72b076973,30,authored_templates_not_real_transcripts,1,user,I would like to build a lasting relationship.
public_05,train,syn_3629e30d62cfc4882e782ef72b076973,30,authored_templates_not_real_transcripts,2,assistant,What pace feels comfortable?
public_05,train,syn_3629e30d62cfc4882e782ef72b076973,30,authored_templates_not_real_transcripts,3,user,A steady pace suits me.
public_05,train,syn_3629e30d62cfc4882e782ef72b076973,30,authored_templates_not_real_transcripts,4,assistant,How do you tend to spend free time?
public_05,train,syn_3629e30d62cfc4882e782ef72b076973,30,authored_templates_not_real_transcripts,5,user,I usually prefer a quiet evening.
public_05,train,syn_3629e30d62cfc4882e782ef72b076973,30,authored_templates_not_real_transcripts,6,assistant,What kinds of conversation do you enjoy?
public_05,train,syn_3629e30d62cfc4882e782ef72b076973,30,authored_templates_not_real_transcripts,7,user,I like hearing the stories behind things.
public_05,train,syn_6b7eb0df5039395a52a881574eeade11,30,authored_templates_not_real_transcripts,0,assistant,What are you hoping to find?
public_05,train,syn_6b7eb0df5039395a52a881574eeade11,30,authored_templates_not_real_transcripts,1,user,I am still working out what I want.
public_05,train,syn_6b7eb0df5039395a52a881574eeade11,30,authored_templates_not_real_transcripts,2,assistant,What pace feels comfortable?
public_05,train,syn_6b7eb0df5039395a52a881574eeade11,30,authored_templates_not_real_transcripts,3,user,I prefer to get to know someone gradually.
public_05,train,syn_6b7eb0df5039395a52a881574eeade11,30,authored_templates_not_real_transcripts,4,assistant,How do you tend to spend free time?
public_05,train,syn_6b7eb0df5039395a52a881574eeade11,30,authored_templates_not_real_transcripts,5,user,I enjoy having plans with people.
public_05,train,syn_6b7eb0df5039395a52a881574eeade11,30,authored_templates_not_real_transcripts,6,assistant,What kinds of conversation do you enjoy?
public_05,train,syn_6b7eb0df5039395a52a881574eeade11,30,authored_templates_not_real_transcripts,7,user,I enjoy talking about ideas.
public_05,train,syn_daae70040111edbb049035d2a01a3d36,30,authored_templates_not_real_transcripts,0,assistant,What are you hoping to find?
public_05,train,syn_daae70040111edbb049035d2a01a3d36,30,authored_templates_not_real_transcripts,1,user,I am still working out what I want.
public_05,train,syn_daae70040111edbb049035d2a01a3d36,30,authored_templates_not_real_transcripts,2,assistant,What pace feels comfortable?
public_05,train,syn_daae70040111edbb049035d2a01a3d36,30,authored_templates_not_real_transcripts,3,user,I prefer to get to know someone gradually.
public_05,train,syn_daae70040111edbb049035d2a01a3d36,30,authored_templates_not_real_transcripts,4,assistant,How do you tend to spend free time?
public_05,train,syn_daae70040111edbb049035d2a01a3d36,30,authored_templates_not_real_transcripts,5,user,I like a mixture of quiet time and seeing people.
public_05,train,syn_daae70040111edbb049035d2a01a3d36,30,authored_templates_not_real_transcripts,6,assistant,What kinds of conversation do you enjoy?
public_05,train,syn_daae70040111edbb049035d2a01a3d36,30,authored_templates_not_real_transcripts,7,user,I enjoy working through practical questions.
public_05,train,syn_3dffb55ed3520520027fdc4a915ed11f,30,authored_templates_not_real_transcripts,0,assistant,What are you hoping to find?
public_05,train,syn_3dffb55ed3520520027fdc4a915ed11f,30,authored_templates_not_real_transcripts,1,user,I am still working out what I want.
public_05,train,syn_3dffb55ed3520520027fdc4a915ed11f,30,authored_templates_not_real_transcripts,2,assistant,What pace feels comfortable?
public_05,train,syn_3dffb55ed3520520027fdc4a915ed11f,30,authored_templates_not_real_transcripts,3,user,I am comfortable meeting fairly soon.
public_05,train,syn_3dffb55ed3520520027fdc4a915ed11f,30,authored_templates_not_real_transcripts,4,assistant,How do you tend to spend free time?
public_05,train,syn_3dffb55ed3520520027fdc4a915ed11f,30,authored_templates_not_real_transcripts,5,user,I usually prefer a quiet evening.
public_05,train,syn_3dffb55ed3520520027fdc4a915ed11f,30,authored_templates_not_real_transcripts,6,assistant,What kinds of conversation do you enjoy?
public_05,train,syn_3dffb55ed3520520027fdc4a915ed11f,30,authored_templates_not_real_transcripts,7,user,I enjoy working through practical questions.
public_05,train,syn_ddffc7d6a417e25916ed2eab0982b3c8,30,authored_templates_not_real_transcripts,0,assistant,What pace feels comfortable?
public_05,train,syn_ddffc7d6a417e25916ed2eab0982b3c8,30,authored_templates_not_real_transcripts,1,user,A steady pace suits me.
public_05,train,syn_ddffc7d6a417e25916ed2eab0982b3c8,30,authored_templates_not_real_transcripts,2,assistant,How do you tend to spend free time?
public_05,train,syn_ddffc7d6a417e25916ed2eab0982b3c8,30,authored_templates_not_real_transcripts,3,user,I usually prefer a quiet evening.
public_05,train,syn_0766aba8ddd61a47df3dbb63375de874,30,authored_templates_not_real_transcripts,0,assistant,What are you hoping to find?
public_05,train,syn_0766aba8ddd61a47df3dbb63375de874,30,authored_templates_not_real_transcripts,1,user,I would like to build a lasting relationship.
public_05,train,syn_ac039c8f01ab45ccabebd9c693b3f163,30,authored_templates_not_real_transcripts,0,assistant,What are you hoping to find?
public_05,train,syn_ac039c8f01ab45ccabebd9c693b3f163,30,authored_templates_not_real_transcripts,1,user,I would like to build a lasting relationship.
public_05,train,syn_ac039c8f01ab45ccabebd9c693b3f163,30,authored_templates_not_real_transcripts,2,assistant,What pace feels comfortable?
public_05,train,syn_ac039c8f01ab45ccabebd9c693b3f163,30,authored_templates_not_real_transcripts,3,user,I prefer to get to know someone gradually.
public_05,train,syn_ac039c8f01ab45ccabebd9c693b3f163,30,authored_templates_not_real_transcripts,4,assistant,How do you tend to spend free time?
public_05,train,syn_ac039c8f01ab45ccabebd9c693b3f163,30,authored_templates_not_real_transcripts,5,user,I usually prefer a quiet evening.
public_05,train,syn_ac039c8f01ab45ccabebd9c693b3f163,30,authored_templates_not_real_transcripts,6,assistant,What kinds of conversation do you enjoy?
public_05,train,syn_ac039c8f01ab45ccabebd9c693b3f163,30,authored_templates_not_real_transcripts,7,user,I enjoy working through practical questions.
public_05,train,syn_67b0f6eb14762eb08d8efed7fa00de7a,30,authored_templates_not_real_transcripts,0,assistant,What are you hoping to find?
public_05,train,syn_67b0f6eb14762eb08d8efed7fa00de7a,30,authored_templates_not_real_transcripts,1,user,I would like to build a lasting relationship.
public_05,train,syn_67b0f6eb14762eb08d8efed7fa00de7a,30,authored_templates_not_real_transcripts,2,assistant,What pace feels comfortable?
public_05,train,syn_67b0f6eb14762eb08d8efed7fa00de7a,30,authored_templates_not_real_transcripts,3,user,I am comfortable meeting fairly soon.
public_05,train,syn_67b0f6eb14762eb08d8efed7fa00de7a,30,authored_templates_not_real_transcripts,4,assistant,How do you tend to spend free time?
public_05,train,syn_67b0f6eb14762eb08d8efed7fa00de7a,30,authored_templates_not_real_transcripts,5,user,I enjoy having plans with people.
public_05,train,syn_67b0f6eb14762eb08d8efed7fa00de7a,30,authored_templates_not_real_transcripts,6,assistant,What kinds of conversation do you enjoy?
public_05,train,syn_67b0f6eb14762eb08d8efed7fa00de7a,30,authored_templates_not_real_transcripts,7,user,I enjoy working through practical questions.
public_05,train,syn_e00e10705d734ac68710874d558dc113,30,authored_templates_not_real_transcripts,0,assistant,What are you hoping to find?
public_05,train,syn_e00e10705d734ac68710874d558dc113,30,authored_templates_not_real_transcripts,1,user,I would like to build a lasting relationship.
public_05,train,syn_e00e10705d734ac68710874d558dc113,30,authored_templates_not_real_transcripts,2,assistant,What pace feels comfortable?
public_05,train,syn_e00e10705d734ac68710874d558dc113,30,authored_templates_not_real_transcripts,3,user,I prefer to get to know someone gradually.
public_05,train,syn_e00e10705d734ac68710874d558dc113,30,authored_templates_not_real_transcripts,4,assistant,How do you tend to spend free time?
public_05,train,syn_e00e10705d734ac68710874d558dc113,30,authored_templates_not_real_transcripts,5,user,I like a mixture of quiet time and seeing people.
public_05,train,syn_e00e10705d734ac68710874d558dc113,30,authored_templates_not_real_transcripts,6,assistant,What kinds of conversation do you enjoy?
public_05,train,syn_e00e10705d734ac68710874d558dc113,30,authored_templates_not_real_transcripts,7,user,I enjoy working through practical questions.
public_05,train,syn_7eee6a7a0275f890ef8c6385bb0ca86e,30,authored_templates_not_real_transcripts,0,assistant,What are you hoping to find?
public_05,train,syn_7eee6a7a0275f890ef8c6385bb0ca86e,30,authored_templates_not_real_transcripts,1,user,I am still working out what I want.
public_05,train,syn_7eee6a7a0275f890ef8c6385bb0ca86e,30,authored_templates_not_real_transcripts,2,assistant,What pace feels comfortable?
public_05,train,syn_7eee6a7a0275f890ef8c6385bb0ca86e,30,authored_templates_not_real_transcripts,3,user,I am comfortable meeting fairly soon.
public_05,train,syn_7eee6a7a0275f890ef8c6385bb0ca86e,30,authored_templates_not_real_transcripts,4,assistant,How do you tend to spend free time?
public_05,train,syn_7eee6a7a0275f890ef8c6385bb0ca86e,30,authored_templates_not_real_transcripts,5,user,I like a mixture of quiet time and seeing people.
public_05,train,syn_7eee6a7a0275f890ef8c6385bb0ca86e,30,authored_templates_not_real_transcripts,6,assistant,What kinds of conversation do you enjoy?
public_05,train,syn_7eee6a7a0275f890ef8c6385bb0ca86e,30,authored_templates_not_real_transcripts,7,user,I enjoy working through practical questions.
public_05,train,syn_f52d998f7b3adeed3355e5e1ddd5221d,30,authored_templates_not_real_transcripts,0,assistant,What are you hoping to find?
public_05,train,syn_f52d998f7b3adeed3355e5e1ddd5221d,30,authored_templates_not_real_transcripts,1,user,I am still working out what I want.
public_05,train,syn_f52d998f7b3adeed3355e5e1ddd5221d,30,authored_templates_not_real_transcripts,2,assistant,What pace feels comfortable?
public_05,train,syn_f52d998f7b3adeed3355e5e1ddd5221d,30,authored_templates_not_real_transcripts,3,user,A steady pace suits me.
public_05,train,syn_f52d998f7b3adeed3355e5e1ddd5221d,30,authored_templates_not_real_transcripts,4,assistant,How do you tend to spend free time?
public_05,train,syn_f52d998f7b3adeed3355e5e1ddd5221d,30,authored_templates_not_real_transcripts,5,user,I enjoy having plans with people.
public_05,train,syn_f52d998f7b3adeed3355e5e1ddd5221d,30,authored_templates_not_real_transcripts,6,assistant,What kinds of conversation do you enjoy?
public_05,train,syn_f52d998f7b3adeed3355e5e1ddd5221d,30,authored_templates_not_real_transcripts,7,user,I like hearing the stories behind things.
public_05,train,syn_23170a23564440a1d4402bade96fbeaa,30,authored_templates_not_real_transcripts,0,assistant,What are you hoping to find?
public_05,train,syn_23170a23564440a1d4402bade96fbeaa,30,authored_templates_not_real_transcripts,1,user,I am still working out what I want.
public_05,train,syn_23170a23564440a1d4402bade96fbeaa,30,authored_templates_not_real_transcripts,2,assistant,What pace feels comfortable?
public_05,train,syn_23170a23564440a1d4402bade96fbeaa,30,authored_templates_not_real_transcripts,3,user,A steady pace suits me.
public_05,train,syn_23170a23564440a1d4402bade96fbeaa,30,authored_templates_not_real_transcripts,4,assistant,How do you tend to spend free time?
public_05,train,syn_23170a23564440a1d4402bade96fbeaa,30,authored_templates_not_real_transcripts,5,user,I like a mixture of quiet time and seeing people.
public_05,train,syn_23170a23564440a1d4402bade96fbeaa,30,authored_templates_not_real_transcripts,6,assistant,What kinds of conversation do you enjoy?
public_05,train,syn_23170a23564440a1d4402bade96fbeaa,30,authored_templates_not_real_transcripts,7,user,I like hearing the stories behind things.
public_05,train,syn_59ff3e1be8b80799f03c9a0adcc9a8f7,30,authored_templates_not_real_transcripts,0,assistant,What pace feels comfortable?
public_05,train,syn_59ff3e1be8b80799f03c9a0adcc9a8f7,30,authored_templates_not_real_transcripts,1,user,I prefer to get to know someone gradually.
public_05,train,syn_67f1cd2c6b5d5649500a58a76921d072,30,authored_templates_not_real_transcripts,0,assistant,What kinds of conversation do you enjoy?
public_05,train,syn_67f1cd2c6b5d5649500a58a76921d072,30,authored_templates_not_real_transcripts,1,user,I like a playful conversation.
public_05,train,syn_cdc819332566fb20af1b8c0ad44e902d,30,authored_templates_not_real_transcripts,0,assistant,How do you tend to spend free time?
public_05,train,syn_cdc819332566fb20af1b8c0ad44e902d,30,authored_templates_not_real_transcripts,1,user,I enjoy having plans with people.
public_05,train,syn_4da096510159e7ed67bcea8df1fd9276,30,authored_templates_not_real_transcripts,0,assistant,What are you hoping to find?
public_05,train,syn_4da096510159e7ed67bcea8df1fd9276,30,authored_templates_not_real_transcripts,1,user,I am still working out what I want.
public_05,train,syn_4da096510159e7ed67bcea8df1fd9276,30,authored_templates_not_real_transcripts,2,assistant,What pace feels comfortable?
public_05,train,syn_4da096510159e7ed67bcea8df1fd9276,30,authored_templates_not_real_transcripts,3,user,A steady pace suits me.
public_05,train,syn_4da096510159e7ed67bcea8df1fd9276,30,authored_templates_not_real_transcripts,4,assistant,How do you tend to spend free time?
public_05,train,syn_4da096510159e7ed67bcea8df1fd9276,30,authored_templates_not_real_transcripts,5,user,I enjoy having plans with people.
public_05,train,syn_4da096510159e7ed67bcea8df1fd9276,30,authored_templates_not_real_transcripts,6,assistant,What kinds of conversation do you enjoy?
public_05,train,syn_4da096510159e7ed67bcea8df1fd9276,30,authored_templates_not_real_transcripts,7,user,I like hearing the stories behind things.
public_05,train,syn_6c730c5a5781af7f9e2b80ea146f1771,30,authored_templates_not_real_transcripts,0,assistant,What are you hoping to find?
public_05,train,syn_6c730c5a5781af7f9e2b80ea146f1771,30,authored_templates_not_real_transcripts,1,user,I would like to build a lasting relationship.
public_05,train,syn_6c730c5a5781af7f9e2b80ea146f1771,30,authored_templates_not_real_transcripts,2,assistant,What pace feels comfortable?
public_05,train,syn_6c730c5a5781af7f9e2b80ea146f1771,30,authored_templates_not_real_transcripts,3,user,I prefer to get to know someone gradually.
public_05,train,syn_6c730c5a5781af7f9e2b80ea146f1771,30,authored_templates_not_real_transcripts,4,assistant,How do you tend to spend free time?
public_05,train,syn_6c730c5a5781af7f9e2b80ea146f1771,30,authored_templates_not_real_transcripts,5,user,I usually prefer a quiet evening.
public_05,train,syn_6c730c5a5781af7f9e2b80ea146f1771,30,authored_templates_not_real_transcripts,6,assistant,What kinds of conversation do you enjoy?
public_05,train,syn_6c730c5a5781af7f9e2b80ea146f1771,30,authored_templates_not_real_transcripts,7,user,I enjoy talking about ideas.
public_05,train,syn_590a56783612729510c25839298559af,30,authored_templates_not_real_transcripts,0,assistant,What are you hoping to find?
public_05,train,syn_590a56783612729510c25839298559af,30,authored_templates_not_real_transcripts,1,user,I would like to build a lasting relationship.
public_05,train,syn_590a56783612729510c25839298559af,30,authored_templates_not_real_transcripts,2,assistant,What pace feels comfortable?
public_05,train,syn_590a56783612729510c25839298559af,30,authored_templates_not_real_transcripts,3,user,I am comfortable meeting fairly soon.
public_05,train,syn_590a56783612729510c25839298559af,30,authored_templates_not_real_transcripts,4,assistant,How do you tend to spend free time?
public_05,train,syn_590a56783612729510c25839298559af,30,authored_templates_not_real_transcripts,5,user,I enjoy having plans with people.
public_05,train,syn_590a56783612729510c25839298559af,30,authored_templates_not_real_transcripts,6,assistant,What kinds of conversation do you enjoy?
public_05,train,syn_590a56783612729510c25839298559af,30,authored_templates_not_real_transcripts,7,user,I like hearing the stories behind things.
public_05,train,syn_5c803391b28b1117467777a0829a576d,30,authored_templates_not_real_transcripts,0,assistant,What are you hoping to find?
public_05,train,syn_5c803391b28b1117467777a0829a576d,30,authored_templates_not_real_transcripts,1,user,I am still working out what I want.
public_05,train,syn_5c803391b28b1117467777a0829a576d,30,authored_templates_not_real_transcripts,2,assistant,What pace feels comfortable?
public_05,train,syn_5c803391b28b1117467777a0829a576d,30,authored_templates_not_real_transcripts,3,user,A steady pace suits me.
public_05,train,syn_5c803391b28b1117467777a0829a576d,30,authored_templates_not_real_transcripts,4,assistant,How do you tend to spend free time?
public_05,train,syn_5c803391b28b1117467777a0829a576d,30,authored_templates_not_real_transcripts,5,user,I enjoy having plans with people.
public_05,train,syn_5c803391b28b1117467777a0829a576d,30,authored_templates_not_real_transcripts,6,assistant,What kinds of conversation do you enjoy?
public_05,train,syn_5c803391b28b1117467777a0829a576d,30,authored_templates_not_real_transcripts,7,user,I enjoy talking about ideas.
public_05,train,syn_f240b85afa436bd03fb4de411591df18,30,authored_templates_not_real_transcripts,0,assistant,What are you hoping to find?
public_05,train,syn_f240b85afa436bd03fb4de411591df18,30,authored_templates_not_real_transcripts,1,user,I am still working out what I want.
public_05,train,syn_f240b85afa436bd03fb4de411591df18,30,authored_templates_not_real_transcripts,2,assistant,What pace feels comfortable?
public_05,train,syn_f240b85afa436bd03fb4de411591df18,30,authored_templates_not_real_transcripts,3,user,I prefer to get to know someone gradually.
public_05,train,syn_f240b85afa436bd03fb4de411591df18,30,authored_templates_not_real_transcripts,4,assistant,How do you tend to spend free time?
public_05,train,syn_f240b85afa436bd03fb4de411591df18,30,authored_templates_not_real_transcripts,5,user,I enjoy having plans with people.
public_05,train,syn_f240b85afa436bd03fb4de411591df18,30,authored_templates_not_real_transcripts,6,assistant,What kinds of conversation do you enjoy?
public_05,train,syn_f240b85afa436bd03fb4de411591df18,30,authored_templates_not_real_transcripts,7,user,I enjoy talking about ideas.
public_05,train,syn_f8eb160de9f82987145dcf9bd6c14111,30,authored_templates_not_real_transcripts,0,assistant,What are you hoping to find?
public_05,train,syn_f8eb160de9f82987145dcf9bd6c14111,30,authored_templates_not_real_transcripts,1,user,I am still working out what I want.
public_05,train,syn_f8eb160de9f82987145dcf9bd6c14111,30,authored_templates_not_real_transcripts,2,assistant,What pace feels comfortable?
public_05,train,syn_f8eb160de9f82987145dcf9bd6c14111,30,authored_templates_not_real_transcripts,3,user,A steady pace suits me.
public_05,train,syn_f8eb160de9f82987145dcf9bd6c14111,30,authored_templates_not_real_transcripts,4,assistant,How do you tend to spend free time?
public_05,train,syn_f8eb160de9f82987145dcf9bd6c14111,30,authored_templates_not_real_transcripts,5,user,I like a mixture of quiet time and seeing people.
public_05,train,syn_f8eb160de9f82987145dcf9bd6c14111,30,authored_templates_not_real_transcripts,6,assistant,What kinds of conversation do you enjoy?
public_05,train,syn_f8eb160de9f82987145dcf9bd6c14111,30,authored_templates_not_real_transcripts,7,user,I like hearing the stories behind things.
public_05,train,syn_6efe7a1f547d3314395b95ea2c5640e8,30,authored_templates_not_real_transcripts,0,assistant,What are you hoping to find?
public_05,train,syn_6efe7a1f547d3314395b95ea2c5640e8,30,authored_templates_not_real_transcripts,1,user,I am still working out what I want.
public_05,train,syn_6efe7a1f547d3314395b95ea2c5640e8,30,authored_templates_not_real_transcripts,2,assistant,What pace feels comfortable?
public_05,train,syn_6efe7a1f547d3314395b95ea2c5640e8,30,authored_templates_not_real_transcripts,3,user,I prefer to get to know someone gradually.
public_05,train,syn_6efe7a1f547d3314395b95ea2c5640e8,30,authored_templates_not_real_transcripts,4,assistant,How do you tend to spend free time?
public_05,train,syn_6efe7a1f547d3314395b95ea2c5640e8,30,authored_templates_not_real_transcripts,5,user,I enjoy having plans with people.
public_05,train,syn_6efe7a1f547d3314395b95ea2c5640e8,30,authored_templates_not_real_transcripts,6,assistant,What kinds of conversation do you enjoy?
public_05,train,syn_6efe7a1f547d3314395b95ea2c5640e8,30,authored_templates_not_real_transcripts,7,user,I enjoy talking about ideas.
public_05,train,syn_af5cc9d6c3bfbccd83cca5cdea67ce0e,30,authored_templates_not_real_transcripts,0,assistant,What are you hoping to find?
public_05,train,syn_af5cc9d6c3bfbccd83cca5cdea67ce0e,30,authored_templates_not_real_transcripts,1,user,I would like to build a lasting relationship.
public_05,train,syn_6dfa6319d5843197875fd20f90b4f507,30,authored_templates_not_real_transcripts,0,assistant,What kinds of conversation do you enjoy?
public_05,train,syn_6dfa6319d5843197875fd20f90b4f507,30,authored_templates_not_real_transcripts,1,user,I enjoy working through practical questions.
public_05,train,syn_157edf54df236ac31689f77dc50f5ff1,30,authored_templates_not_real_transcripts,0,assistant,What are you hoping to find?
public_05,train,syn_157edf54df236ac31689f77dc50f5ff1,30,authored_templates_not_real_transcripts,1,user,I am still working out what I want.
public_05,train,syn_157edf54df236ac31689f77dc50f5ff1,30,authored_templates_not_real_transcripts,2,assistant,What pace feels comfortable?
public_05,train,syn_157edf54df236ac31689f77dc50f5ff1,30,authored_templates_not_real_transcripts,3,user,A steady pace suits me.
public_05,train,syn_157edf54df236ac31689f77dc50f5ff1,30,authored_templates_not_real_transcripts,4,assistant,How do you tend to spend free time?
public_05,train,syn_157edf54df236ac31689f77dc50f5ff1,30,authored_templates_not_real_transcripts,5,user,I enjoy having plans with people.
public_05,train,syn_157edf54df236ac31689f77dc50f5ff1,30,authored_templates_not_real_transcripts,6,assistant,What kinds of conversation do you enjoy?
public_05,train,syn_157edf54df236ac31689f77dc50f5ff1,30,authored_templates_not_real_transcripts,7,user,I enjoy working through practical questions.
public_05,train,syn_841449c5ffad42316e8555e53d6ee113,30,authored_templates_not_real_transcripts,0,assistant,What are you hoping to find?
public_05,train,syn_841449c5ffad42316e8555e53d6ee113,30,authored_templates_not_real_transcripts,1,user,I am still working out what I want.
public_05,train,syn_841449c5ffad42316e8555e53d6ee113,30,authored_templates_not_real_transcripts,2,assistant,What pace feels comfortable?
public_05,train,syn_841449c5ffad42316e8555e53d6ee113,30,authored_templates_not_real_transcripts,3,user,I prefer to get to know someone gradually.
public_05,train,syn_841449c5ffad42316e8555e53d6ee113,30,authored_templates_not_real_transcripts,4,assistant,How do you tend to spend free time?
public_05,train,syn_841449c5ffad42316e8555e53d6ee113,30,authored_templates_not_real_transcripts,5,user,I like a mixture of quiet time and seeing people.
public_05,train,syn_841449c5ffad42316e8555e53d6ee113,30,authored_templates_not_real_transcripts,6,assistant,What kinds of conversation do you enjoy?
public_05,train,syn_841449c5ffad42316e8555e53d6ee113,30,authored_templates_not_real_transcripts,7,user,I enjoy working through practical questions.
public_05,train,syn_190795bfee98a70d200c23dfda99612e,30,authored_templates_not_real_transcripts,0,assistant,How do you tend to spend free time?
public_05,train,syn_190795bfee98a70d200c23dfda99612e,30,authored_templates_not_real_transcripts,1,user,I enjoy having plans with people.
public_05,train,syn_7744f96c17d970a135531692e7b1a8ce,30,authored_templates_not_real_transcripts,0,assistant,What are you hoping to find?
public_05,train,syn_7744f96c17d970a135531692e7b1a8ce,30,authored_templates_not_real_transcripts,1,user,I am still working out what I want.
public_05,train,syn_7744f96c17d970a135531692e7b1a8ce,30,authored_templates_not_real_transcripts,2,assistant,What pace feels comfortable?
public_05,train,syn_7744f96c17d970a135531692e7b1a8ce,30,authored_templates_not_real_transcripts,3,user,I am comfortable meeting fairly soon.
public_05,train,syn_7744f96c17d970a135531692e7b1a8ce,30,authored_templates_not_real_transcripts,4,assistant,How do you tend to spend free time?
public_05,train,syn_7744f96c17d970a135531692e7b1a8ce,30,authored_templates_not_real_transcripts,5,user,I usually prefer a quiet evening.
public_05,train,syn_7744f96c17d970a135531692e7b1a8ce,30,authored_templates_not_real_transcripts,6,assistant,What kinds of conversation do you enjoy?
public_05,train,syn_7744f96c17d970a135531692e7b1a8ce,30,authored_templates_not_real_transcripts,7,user,I enjoy talking about ideas.
public_05,train,syn_bb7b6073c8216ea13025eadbfeb27f2c,30,authored_templates_not_real_transcripts,0,assistant,How do you tend to spend free time?
public_05,train,syn_bb7b6073c8216ea13025eadbfeb27f2c,30,authored_templates_not_real_transcripts,1,user,I enjoy having plans with people.
public_05,train,syn_a1d95c878877dda46e39bdf3bb99e9de,30,authored_templates_not_real_transcripts,0,assistant,What kinds of conversation do you enjoy?
public_05,train,syn_a1d95c878877dda46e39bdf3bb99e9de,30,authored_templates_not_real_transcripts,1,user,I enjoy working through practical questions.
public_05,train,syn_d1ce45f75d93596c81ae980e72fec48f,30,authored_templates_not_real_transcripts,0,assistant,What are you hoping to find?
public_05,train,syn_d1ce45f75d93596c81ae980e72fec48f,30,authored_templates_not_real_transcripts,1,user,I am still working out what I want.
public_05,train,syn_d1ce45f75d93596c81ae980e72fec48f,30,authored_templates_not_real_transcripts,2,assistant,What pace feels comfortable?
public_05,train,syn_d1ce45f75d93596c81ae980e72fec48f,30,authored_templates_not_real_transcripts,3,user,I am comfortable meeting fairly soon.
public_05,train,syn_d1ce45f75d93596c81ae980e72fec48f,30,authored_templates_not_real_transcripts,4,assistant,How do you tend to spend free time?
public_05,train,syn_d1ce45f75d93596c81ae980e72fec48f,30,authored_templates_not_real_transcripts,5,user,I enjoy having plans with people.
public_05,train,syn_d1ce45f75d93596c81ae980e72fec48f,30,authored_templates_not_real_transcripts,6,assistant,What kinds of conversation do you enjoy?
public_05,train,syn_d1ce45f75d93596c81ae980e72fec48f,30,authored_templates_not_real_transcripts,7,user,I like hearing the stories behind things.
public_05,train,syn_ba5a6e52064350f93fdc195ad7412c31,30,authored_templates_not_real_transcripts,0,assistant,What kinds of conversation do you enjoy?
public_05,train,syn_ba5a6e52064350f93fdc195ad7412c31,30,authored_templates_not_real_transcripts,1,user,I enjoy working through practical questions.
public_05,train,syn_4a30986e184de09da4d488e6dc42ec50,30,authored_templates_not_real_transcripts,0,assistant,What are you hoping to find?
public_05,train,syn_4a30986e184de09da4d488e6dc42ec50,30,authored_templates_not_real_transcripts,1,user,I am still working out what I want.
public_05,train,syn_4a30986e184de09da4d488e6dc42ec50,30,authored_templates_not_real_transcripts,2,assistant,What pace feels comfortable?
public_05,train,syn_4a30986e184de09da4d488e6dc42ec50,30,authored_templates_not_real_transcripts,3,user,I am comfortable meeting fairly soon.
public_05,train,syn_4a30986e184de09da4d488e6dc42ec50,30,authored_templates_not_real_transcripts,4,assistant,How do you tend to spend free time?
public_05,train,syn_4a30986e184de09da4d488e6dc42ec50,30,authored_templates_not_real_transcripts,5,user,I enjoy having plans with people.
public_05,train,syn_4a30986e184de09da4d488e6dc42ec50,30,authored_templates_not_real_transcripts,6,assistant,What kinds of conversation do you enjoy?
public_05,train,syn_4a30986e184de09da4d488e6dc42ec50,30,authored_templates_not_real_transcripts,7,user,I like a playful conversation.
public_05,train,syn_b30ea3f02d38b8923b5460bfef0e7833,30,authored_templates_not_real_transcripts,0,assistant,What are you hoping to find?
public_05,train,syn_b30ea3f02d38b8923b5460bfef0e7833,30,authored_templates_not_real_transcripts,1,user,I am still working out what I want.
public_05,train,syn_b30ea3f02d38b8923b5460bfef0e7833,30,authored_templates_not_real_transcripts,2,assistant,What pace feels comfortable?
public_05,train,syn_b30ea3f02d38b8923b5460bfef0e7833,30,authored_templates_not_real_transcripts,3,user,A steady pace suits me.
public_05,train,syn_b30ea3f02d38b8923b5460bfef0e7833,30,authored_templates_not_real_transcripts,4,assistant,How do you tend to spend free time?
public_05,train,syn_b30ea3f02d38b8923b5460bfef0e7833,30,authored_templates_not_real_transcripts,5,user,I like a mixture of quiet time and seeing people.
public_05,train,syn_b30ea3f02d38b8923b5460bfef0e7833,30,authored_templates_not_real_transcripts,6,assistant,What kinds of conversation do you enjoy?
public_05,train,syn_b30ea3f02d38b8923b5460bfef0e7833,30,authored_templates_not_real_transcripts,7,user,I enjoy working through practical questions.
public_05,train,syn_43670244b5bb911d05e910c4e030edcf,30,authored_templates_not_real_transcripts,0,assistant,What kinds of conversation do you enjoy?
public_05,train,syn_43670244b5bb911d05e910c4e030edcf,30,authored_templates_not_real_transcripts,1,user,I like a playful conversation.
public_05,train,syn_787ad7acef13f3b493a020f929c70389,30,authored_templates_not_real_transcripts,0,assistant,What are you hoping to find?
public_05,train,syn_787ad7acef13f3b493a020f929c70389,30,authored_templates_not_real_transcripts,1,user,I would like to build a lasting relationship.
public_05,train,syn_787ad7acef13f3b493a020f929c70389,30,authored_templates_not_real_transcripts,2,assistant,What pace feels comfortable?
public_05,train,syn_787ad7acef13f3b493a020f929c70389,30,authored_templates_not_real_transcripts,3,user,I am comfortable meeting fairly soon.
public_05,train,syn_787ad7acef13f3b493a020f929c70389,30,authored_templates_not_real_transcripts,4,assistant,How do you tend to spend free time?
public_05,train,syn_787ad7acef13f3b493a020f929c70389,30,authored_templates_not_real_transcripts,5,user,I usually prefer a quiet evening.
public_05,train,syn_787ad7acef13f3b493a020f929c70389,30,authored_templates_not_real_transcripts,6,assistant,What kinds of conversation do you enjoy?
public_05,train,syn_787ad7acef13f3b493a020f929c70389,30,authored_templates_not_real_transcripts,7,user,I like hearing the stories behind things.
public_05,train,syn_b9c2cd0590a5e5bf61c7c24e1a2318df,30,authored_templates_not_real_transcripts,0,assistant,What are you hoping to find?
public_05,train,syn_b9c2cd0590a5e5bf61c7c24e1a2318df,30,authored_templates_not_real_transcripts,1,user,I am still working out what I want.
public_05,train,syn_b9c2cd0590a5e5bf61c7c24e1a2318df,30,authored_templates_not_real_transcripts,2,assistant,What pace feels comfortable?
public_05,train,syn_b9c2cd0590a5e5bf61c7c24e1a2318df,30,authored_templates_not_real_transcripts,3,user,I prefer to get to know someone gradually.
public_05,train,syn_b9c2cd0590a5e5bf61c7c24e1a2318df,30,authored_templates_not_real_transcripts,4,assistant,How do you tend to spend free time?
public_05,train,syn_b9c2cd0590a5e5bf61c7c24e1a2318df,30,authored_templates_not_real_transcripts,5,user,I enjoy having plans with people.
public_05,train,syn_b9c2cd0590a5e5bf61c7c24e1a2318df,30,authored_templates_not_real_transcripts,6,assistant,What kinds of conversation do you enjoy?
public_05,train,syn_b9c2cd0590a5e5bf61c7c24e1a2318df,30,authored_templates_not_real_transcripts,7,user,I like hearing the stories behind things.
public_05,train,syn_4f2dafbc8751f88ee6612538e2e0ca0d,30,authored_templates_not_real_transcripts,0,assistant,What pace feels comfortable?
public_05,train,syn_4f2dafbc8751f88ee6612538e2e0ca0d,30,authored_templates_not_real_transcripts,1,user,A steady pace suits me.
public_05,train,syn_6386031efeb54abdfa96637beb180642,30,authored_templates_not_real_transcripts,0,assistant,What are you hoping to find?
public_05,train,syn_6386031efeb54abdfa96637beb180642,30,authored_templates_not_real_transcripts,1,user,I would like to build a lasting relationship.
public_05,train,syn_6386031efeb54abdfa96637beb180642,30,authored_templates_not_real_transcripts,2,assistant,What pace feels comfortable?
public_05,train,syn_6386031efeb54abdfa96637beb180642,30,authored_templates_not_real_transcripts,3,user,I am comfortable meeting fairly soon.
public_05,train,syn_6386031efeb54abdfa96637beb180642,30,authored_templates_not_real_transcripts,4,assistant,How do you tend to spend free time?
public_05,train,syn_6386031efeb54abdfa96637beb180642,30,authored_templates_not_real_transcripts,5,user,I usually prefer a quiet evening.
public_05,train,syn_6386031efeb54abdfa96637beb180642,30,authored_templates_not_real_transcripts,6,assistant,What kinds of conversation do you enjoy?
public_05,train,syn_6386031efeb54abdfa96637beb180642,30,authored_templates_not_real_transcripts,7,user,I enjoy talking about ideas.
public_05,train,syn_d14e8e3bc349a408cacb453a7abffef8,30,authored_templates_not_real_transcripts,0,assistant,What are you hoping to find?
public_05,train,syn_d14e8e3bc349a408cacb453a7abffef8,30,authored_templates_not_real_transcripts,1,user,I would like to build a lasting relationship.
public_05,train,syn_d14e8e3bc349a408cacb453a7abffef8,30,authored_templates_not_real_transcripts,2,assistant,What pace feels comfortable?
public_05,train,syn_d14e8e3bc349a408cacb453a7abffef8,30,authored_templates_not_real_transcripts,3,user,I prefer to get to know someone gradually.
public_05,train,syn_d14e8e3bc349a408cacb453a7abffef8,30,authored_templates_not_real_transcripts,4,assistant,How do you tend to spend free time?
public_05,train,syn_d14e8e3bc349a408cacb453a7abffef8,30,authored_templates_not_real_transcripts,5,user,I usually prefer a quiet evening.
public_05,train,syn_d14e8e3bc349a408cacb453a7abffef8,30,authored_templates_not_real_transcripts,6,assistant,What kinds of conversation do you enjoy?
public_05,train,syn_d14e8e3bc349a408cacb453a7abffef8,30,authored_templates_not_real_transcripts,7,user,I enjoy working through practical questions.
public_05,train,syn_4a20fe000b050b1f78e4337959fe7ff3,30,authored_templates_not_real_transcripts,0,assistant,What are you hoping to find?
public_05,train,syn_4a20fe000b050b1f78e4337959fe7ff3,30,authored_templates_not_real_transcripts,1,user,I am still working out what I want.
public_05,train,syn_4a20fe000b050b1f78e4337959fe7ff3,30,authored_templates_not_real_transcripts,2,assistant,What pace feels comfortable?
public_05,train,syn_4a20fe000b050b1f78e4337959fe7ff3,30,authored_templates_not_real_transcripts,3,user,A steady pace suits me.
public_05,train,syn_4a20fe000b050b1f78e4337959fe7ff3,30,authored_templates_not_real_transcripts,4,assistant,How do you tend to spend free time?
public_05,train,syn_4a20fe000b050b1f78e4337959fe7ff3,30,authored_templates_not_real_transcripts,5,user,I like a mixture of quiet time and seeing people.
public_05,train,syn_4a20fe000b050b1f78e4337959fe7ff3,30,authored_templates_not_real_transcripts,6,assistant,What kinds of conversation do you enjoy?
public_05,train,syn_4a20fe000b050b1f78e4337959fe7ff3,30,authored_templates_not_real_transcripts,7,user,I enjoy working through practical questions.
public_05,train,syn_1c596186018460f2fdedf8f2afc0f2d6,30,authored_templates_not_real_transcripts,0,assistant,What are you hoping to find?
public_05,train,syn_1c596186018460f2fdedf8f2afc0f2d6,30,authored_templates_not_real_transcripts,1,user,I am still working out what I want.
public_05,train,syn_1c596186018460f2fdedf8f2afc0f2d6,30,authored_templates_not_real_transcripts,2,assistant,What pace feels comfortable?
public_05,train,syn_1c596186018460f2fdedf8f2afc0f2d6,30,authored_templates_not_real_transcripts,3,user,A steady pace suits me.
public_05,train,syn_1c596186018460f2fdedf8f2afc0f2d6,30,authored_templates_not_real_transcripts,4,assistant,How do you tend to spend free time?
public_05,train,syn_1c596186018460f2fdedf8f2afc0f2d6,30,authored_templates_not_real_transcripts,5,user,I like a mixture of quiet time and seeing people.
public_05,train,syn_1c596186018460f2fdedf8f2afc0f2d6,30,authored_templates_not_real_transcripts,6,assistant,What kinds of conversation do you enjoy?
public_05,train,syn_1c596186018460f2fdedf8f2afc0f2d6,30,authored_templates_not_real_transcripts,7,user,I enjoy talking about ideas.
public_05,train,syn_9fb3c613a617b17a29a795544a56781a,30,authored_templates_not_real_transcripts,0,assistant,How do you tend to spend free time?
public_05,train,syn_9fb3c613a617b17a29a795544a56781a,30,authored_templates_not_real_transcripts,1,user,I usually prefer a quiet evening.
public_05,train,syn_0e10d543d7c883b4d5fe21bb13c7d538,30,authored_templates_not_real_transcripts,0,assistant,What are you hoping to find?
public_05,train,syn_0e10d543d7c883b4d5fe21bb13c7d538,30,authored_templates_not_real_transcripts,1,user,I am still working out what I want.
public_05,train,syn_0e10d543d7c883b4d5fe21bb13c7d538,30,authored_templates_not_real_transcripts,2,assistant,What pace feels comfortable?
public_05,train,syn_0e10d543d7c883b4d5fe21bb13c7d538,30,authored_templates_not_real_transcripts,3,user,I am comfortable meeting fairly soon.
public_05,train,syn_0e10d543d7c883b4d5fe21bb13c7d538,30,authored_templates_not_real_transcripts,4,assistant,How do you tend to spend free time?
public_05,train,syn_0e10d543d7c883b4d5fe21bb13c7d538,30,authored_templates_not_real_transcripts,5,user,I like a mixture of quiet time and seeing people.
public_05,train,syn_0e10d543d7c883b4d5fe21bb13c7d538,30,authored_templates_not_real_transcripts,6,assistant,What kinds of conversation do you enjoy?
public_05,train,syn_0e10d543d7c883b4d5fe21bb13c7d538,30,authored_templates_not_real_transcripts,7,user,I enjoy talking about ideas.
public_05,train,syn_a21dac98e81bdeef51810ffd59e9c10c,30,authored_templates_not_real_transcripts,0,assistant,What are you hoping to find?
public_05,train,syn_a21dac98e81bdeef51810ffd59e9c10c,30,authored_templates_not_real_transcripts,1,user,I am still working out what I want.
public_05,train,syn_a21dac98e81bdeef51810ffd59e9c10c,30,authored_templates_not_real_transcripts,2,assistant,What pace feels comfortable?
public_05,train,syn_a21dac98e81bdeef51810ffd59e9c10c,30,authored_templates_not_real_transcripts,3,user,I am comfortable meeting fairly soon.
public_05,train,syn_a21dac98e81bdeef51810ffd59e9c10c,30,authored_templates_not_real_transcripts,4,assistant,How do you tend to spend free time?
public_05,train,syn_a21dac98e81bdeef51810ffd59e9c10c,30,authored_templates_not_real_transcripts,5,user,I usually prefer a quiet evening.
public_05,train,syn_a21dac98e81bdeef51810ffd59e9c10c,30,authored_templates_not_real_transcripts,6,assistant,What kinds of conversation do you enjoy?
public_05,train,syn_a21dac98e81bdeef51810ffd59e9c10c,30,authored_templates_not_real_transcripts,7,user,I enjoy working through practical questions.
public_05,train,syn_061c22f2a1663ca7819876a7005398da,30,authored_templates_not_real_transcripts,0,assistant,What are you hoping to find?
public_05,train,syn_061c22f2a1663ca7819876a7005398da,30,authored_templates_not_real_transcripts,1,user,I would like to build a lasting relationship.
public_05,train,syn_061c22f2a1663ca7819876a7005398da,30,authored_templates_not_real_transcripts,2,assistant,What kinds of conversation do you enjoy?
public_05,train,syn_061c22f2a1663ca7819876a7005398da,30,authored_templates_not_real_transcripts,3,user,I enjoy talking about ideas.
public_05,train,syn_57075763fca69b7e34ab38ec4ef39c2c,30,authored_templates_not_real_transcripts,0,assistant,What kinds of conversation do you enjoy?
public_05,train,syn_57075763fca69b7e34ab38ec4ef39c2c,30,authored_templates_not_real_transcripts,1,user,I like hearing the stories behind things.
public_05,train,syn_bcb4cd3462c6c653b18dbb6457218610,30,authored_templates_not_real_transcripts,0,assistant,What are you hoping to find?
public_05,train,syn_bcb4cd3462c6c653b18dbb6457218610,30,authored_templates_not_real_transcripts,1,user,I would like to build a lasting relationship.
public_05,train,syn_bcb4cd3462c6c653b18dbb6457218610,30,authored_templates_not_real_transcripts,2,assistant,What pace feels comfortable?
public_05,train,syn_bcb4cd3462c6c653b18dbb6457218610,30,authored_templates_not_real_transcripts,3,user,I am comfortable meeting fairly soon.
public_05,train,syn_bcb4cd3462c6c653b18dbb6457218610,30,authored_templates_not_real_transcripts,4,assistant,How do you tend to spend free time?
public_05,train,syn_bcb4cd3462c6c653b18dbb6457218610,30,authored_templates_not_real_transcripts,5,user,I enjoy having plans with people.
public_05,train,syn_bcb4cd3462c6c653b18dbb6457218610,30,authored_templates_not_real_transcripts,6,assistant,What kinds of conversation do you enjoy?
public_05,train,syn_bcb4cd3462c6c653b18dbb6457218610,30,authored_templates_not_real_transcripts,7,user,I like a playful conversation.
public_05,train,syn_b072fc2d0f0700b3b89b0406d270ffa6,30,authored_templates_not_real_transcripts,0,assistant,What pace feels comfortable?
public_05,train,syn_b072fc2d0f0700b3b89b0406d270ffa6,30,authored_templates_not_real_transcripts,1,user,A steady pace suits me.
public_05,train,syn_a799c85755c403dbcb0fff1d232470ba,30,authored_templates_not_real_transcripts,0,assistant,What are you hoping to find?
public_05,train,syn_a799c85755c403dbcb0fff1d232470ba,30,authored_templates_not_real_transcripts,1,user,I would like to build a lasting relationship.
public_05,train,syn_a799c85755c403dbcb0fff1d232470ba,30,authored_templates_not_real_transcripts,2,assistant,What pace feels comfortable?
public_05,train,syn_a799c85755c403dbcb0fff1d232470ba,30,authored_templates_not_real_transcripts,3,user,A steady pace suits me.
public_05,train,syn_a799c85755c403dbcb0fff1d232470ba,30,authored_templates_not_real_transcripts,4,assistant,How do you tend to spend free time?
public_05,train,syn_a799c85755c403dbcb0fff1d232470ba,30,authored_templates_not_real_transcripts,5,user,I usually prefer a quiet evening.
public_05,train,syn_a799c85755c403dbcb0fff1d232470ba,30,authored_templates_not_real_transcripts,6,assistant,What kinds of conversation do you enjoy?
public_05,train,syn_a799c85755c403dbcb0fff1d232470ba,30,authored_templates_not_real_transcripts,7,user,I like a playful conversation.
public_05,train,syn_0e49cd1aa9db30cb54a0f73e08c7d690,30,authored_templates_not_real_transcripts,0,assistant,What are you hoping to find?
public_05,train,syn_0e49cd1aa9db30cb54a0f73e08c7d690,30,authored_templates_not_real_transcripts,1,user,I would like to build a lasting relationship.
public_05,train,syn_20015b9f913e9730ed42ef967dc1d64e,30,authored_templates_not_real_transcripts,0,assistant,What kinds of conversation do you enjoy?
public_05,train,syn_20015b9f913e9730ed42ef967dc1d64e,30,authored_templates_not_real_transcripts,1,user,I enjoy working through practical questions.
public_05,train,syn_12cb9eb179cd7526b1a1c5665fbc3d49,30,authored_templates_not_real_transcripts,0,assistant,What are you hoping to find?
public_05,train,syn_12cb9eb179cd7526b1a1c5665fbc3d49,30,authored_templates_not_real_transcripts,1,user,I am still working out what I want.
public_05,train,syn_12cb9eb179cd7526b1a1c5665fbc3d49,30,authored_templates_not_real_transcripts,2,assistant,What pace feels comfortable?
public_05,train,syn_12cb9eb179cd7526b1a1c5665fbc3d49,30,authored_templates_not_real_transcripts,3,user,I prefer to get to know someone gradually.
public_05,train,syn_12cb9eb179cd7526b1a1c5665fbc3d49,30,authored_templates_not_real_transcripts,4,assistant,How do you tend to spend free time?
public_05,train,syn_12cb9eb179cd7526b1a1c5665fbc3d49,30,authored_templates_not_real_transcripts,5,user,I enjoy having plans with people.
public_05,train,syn_12cb9eb179cd7526b1a1c5665fbc3d49,30,authored_templates_not_real_transcripts,6,assistant,What kinds of conversation do you enjoy?
public_05,train,syn_12cb9eb179cd7526b1a1c5665fbc3d49,30,authored_templates_not_real_transcripts,7,user,I like hearing the stories behind things.
public_05,train,syn_9b1639c7077b8d46da5a9cfd4b905450,30,authored_templates_not_real_transcripts,0,assistant,What are you hoping to find?
public_05,train,syn_9b1639c7077b8d46da5a9cfd4b905450,30,authored_templates_not_real_transcripts,1,user,I am still working out what I want.
public_05,train,syn_9b1639c7077b8d46da5a9cfd4b905450,30,authored_templates_not_real_transcripts,2,assistant,What pace feels comfortable?
public_05,train,syn_9b1639c7077b8d46da5a9cfd4b905450,30,authored_templates_not_real_transcripts,3,user,I prefer to get to know someone gradually.
public_05,train,syn_9b1639c7077b8d46da5a9cfd4b905450,30,authored_templates_not_real_transcripts,4,assistant,How do you tend to spend free time?
public_05,train,syn_9b1639c7077b8d46da5a9cfd4b905450,30,authored_templates_not_real_transcripts,5,user,I usually prefer a quiet evening.
public_05,train,syn_9b1639c7077b8d46da5a9cfd4b905450,30,authored_templates_not_real_transcripts,6,assistant,What kinds of conversation do you enjoy?
public_05,train,syn_9b1639c7077b8d46da5a9cfd4b905450,30,authored_templates_not_real_transcripts,7,user,I like hearing the stories behind things.
public_05,train,syn_d29a6278d743d319fb1a21038c35e709,30,authored_templates_not_real_transcripts,0,assistant,What are you hoping to find?
public_05,train,syn_d29a6278d743d319fb1a21038c35e709,30,authored_templates_not_real_transcripts,1,user,I am still working out what I want.
public_05,train,syn_d29a6278d743d319fb1a21038c35e709,30,authored_templates_not_real_transcripts,2,assistant,What pace feels comfortable?
public_05,train,syn_d29a6278d743d319fb1a21038c35e709,30,authored_templates_not_real_transcripts,3,user,I prefer to get to know someone gradually.
public_05,train,syn_d29a6278d743d319fb1a21038c35e709,30,authored_templates_not_real_transcripts,4,assistant,How do you tend to spend free time?
public_05,train,syn_d29a6278d743d319fb1a21038c35e709,30,authored_templates_not_real_transcripts,5,user,I usually prefer a quiet evening.
public_05,train,syn_d29a6278d743d319fb1a21038c35e709,30,authored_templates_not_real_transcripts,6,assistant,What kinds of conversation do you enjoy?
public_05,train,syn_d29a6278d743d319fb1a21038c35e709,30,authored_templates_not_real_transcripts,7,user,I like a playful conversation.
public_05,train,syn_ea8329bfa41c9122f997b0665abb1eef,30,authored_templates_not_real_transcripts,0,assistant,What are you hoping to find?
public_05,train,syn_ea8329bfa41c9122f997b0665abb1eef,30,authored_templates_not_real_transcripts,1,user,I am still working out what I want.
public_05,train,syn_ea8329bfa41c9122f997b0665abb1eef,30,authored_templates_not_real_transcripts,2,assistant,What pace feels comfortable?
public_05,train,syn_ea8329bfa41c9122f997b0665abb1eef,30,authored_templates_not_real_transcripts,3,user,I am comfortable meeting fairly soon.
public_05,train,syn_ea8329bfa41c9122f997b0665abb1eef,30,authored_templates_not_real_transcripts,4,assistant,How do you tend to spend free time?
public_05,train,syn_ea8329bfa41c9122f997b0665abb1eef,30,authored_templates_not_real_transcripts,5,user,I like a mixture of quiet time and seeing people.
public_05,train,syn_ea8329bfa41c9122f997b0665abb1eef,30,authored_templates_not_real_transcripts,6,assistant,What kinds of conversation do you enjoy?
public_05,train,syn_ea8329bfa41c9122f997b0665abb1eef,30,authored_templates_not_real_transcripts,7,user,I enjoy working through practical questions.
public_05,train,syn_15fab56ae17aaa80819945470ce4ae6b,30,authored_templates_not_real_transcripts,0,assistant,What are you hoping to find?
public_05,train,syn_15fab56ae17aaa80819945470ce4ae6b,30,authored_templates_not_real_transcripts,1,user,I would like to build a lasting relationship.
public_05,train,syn_15fab56ae17aaa80819945470ce4ae6b,30,authored_templates_not_real_transcripts,2,assistant,What pace feels comfortable?
public_05,train,syn_15fab56ae17aaa80819945470ce4ae6b,30,authored_templates_not_real_transcripts,3,user,I prefer to get to know someone gradually.
public_05,train,syn_15fab56ae17aaa80819945470ce4ae6b,30,authored_templates_not_real_transcripts,4,assistant,How do you tend to spend free time?
public_05,train,syn_15fab56ae17aaa80819945470ce4ae6b,30,authored_templates_not_real_transcripts,5,user,I enjoy having plans with people.
public_05,train,syn_15fab56ae17aaa80819945470ce4ae6b,30,authored_templates_not_real_transcripts,6,assistant,What kinds of conversation do you enjoy?
public_05,train,syn_15fab56ae17aaa80819945470ce4ae6b,30,authored_templates_not_real_transcripts,7,user,I like hearing the stories behind things.
public_05,train,syn_491d2caa03074de80577fcadbbb7619c,30,authored_templates_not_real_transcripts,0,assistant,What are you hoping to find?
public_05,train,syn_491d2caa03074de80577fcadbbb7619c,30,authored_templates_not_real_transcripts,1,user,I would like to build a lasting relationship.
public_05,train,syn_491d2caa03074de80577fcadbbb7619c,30,authored_templates_not_real_transcripts,2,assistant,What pace feels comfortable?
public_05,train,syn_491d2caa03074de80577fcadbbb7619c,30,authored_templates_not_real_transcripts,3,user,I prefer to get to know someone gradually.
public_05,train,syn_491d2caa03074de80577fcadbbb7619c,30,authored_templates_not_real_transcripts,4,assistant,How do you tend to spend free time?
public_05,train,syn_491d2caa03074de80577fcadbbb7619c,30,authored_templates_not_real_transcripts,5,user,I usually prefer a quiet evening.
public_05,train,syn_491d2caa03074de80577fcadbbb7619c,30,authored_templates_not_real_transcripts,6,assistant,What kinds of conversation do you enjoy?
public_05,train,syn_491d2caa03074de80577fcadbbb7619c,30,authored_templates_not_real_transcripts,7,user,I like a playful conversation.
public_05,train,syn_85f03f87b222e44daa51ab7a6180a914,30,authored_templates_not_real_transcripts,0,assistant,What kinds of conversation do you enjoy?
public_05,train,syn_85f03f87b222e44daa51ab7a6180a914,30,authored_templates_not_real_transcripts,1,user,I like hearing the stories behind things.
public_05,train,syn_7e4f49ce22a2dc79ca61ba0bc89f0f82,30,authored_templates_not_real_transcripts,0,assistant,What are you hoping to find?
public_05,train,syn_7e4f49ce22a2dc79ca61ba0bc89f0f82,30,authored_templates_not_real_transcripts,1,user,I am still working out what I want.
public_05,train,syn_7e4f49ce22a2dc79ca61ba0bc89f0f82,30,authored_templates_not_real_transcripts,2,assistant,What pace feels comfortable?
public_05,train,syn_7e4f49ce22a2dc79ca61ba0bc89f0f82,30,authored_templates_not_real_transcripts,3,user,A steady pace suits me.
public_05,train,syn_7e4f49ce22a2dc79ca61ba0bc89f0f82,30,authored_templates_not_real_transcripts,4,assistant,How do you tend to spend free time?
public_05,train,syn_7e4f49ce22a2dc79ca61ba0bc89f0f82,30,authored_templates_not_real_transcripts,5,user,I usually prefer a quiet evening.
public_05,train,syn_7e4f49ce22a2dc79ca61ba0bc89f0f82,30,authored_templates_not_real_transcripts,6,assistant,What kinds of conversation do you enjoy?
public_05,train,syn_7e4f49ce22a2dc79ca61ba0bc89f0f82,30,authored_templates_not_real_transcripts,7,user,I enjoy talking about ideas.
public_05,train,syn_8764c010aa61f8a9ccfb46ff1fa0b580,30,authored_templates_not_real_transcripts,0,assistant,What kinds of conversation do you enjoy?
public_05,train,syn_8764c010aa61f8a9ccfb46ff1fa0b580,30,authored_templates_not_real_transcripts,1,user,I enjoy talking about ideas.
public_05,train,syn_726b7c8ef6aa864e6a4eb70627ee3621,30,authored_templates_not_real_transcripts,0,assistant,What kinds of conversation do you enjoy?
public_05,train,syn_726b7c8ef6aa864e6a4eb70627ee3621,30,authored_templates_not_real_transcripts,1,user,I like hearing the stories behind things.
public_05,train,syn_18f7e35ae85cc3edebfa8a1d77eaddab,30,authored_templates_not_real_transcripts,0,assistant,What are you hoping to find?
public_05,train,syn_18f7e35ae85cc3edebfa8a1d77eaddab,30,authored_templates_not_real_transcripts,1,user,I am still working out what I want.
public_05,train,syn_18f7e35ae85cc3edebfa8a1d77eaddab,30,authored_templates_not_real_transcripts,2,assistant,What pace feels comfortable?
public_05,train,syn_18f7e35ae85cc3edebfa8a1d77eaddab,30,authored_templates_not_real_transcripts,3,user,A steady pace suits me.
public_05,train,syn_18f7e35ae85cc3edebfa8a1d77eaddab,30,authored_templates_not_real_transcripts,4,assistant,How do you tend to spend free time?
public_05,train,syn_18f7e35ae85cc3edebfa8a1d77eaddab,30,authored_templates_not_real_transcripts,5,user,I enjoy having plans with people.
public_05,train,syn_18f7e35ae85cc3edebfa8a1d77eaddab,30,authored_templates_not_real_transcripts,6,assistant,What kinds of conversation do you enjoy?
public_05,train,syn_18f7e35ae85cc3edebfa8a1d77eaddab,30,authored_templates_not_real_transcripts,7,user,I enjoy talking about ideas.
public_05,train,syn_4687a28a79af9d8525305f458b2ec26d,30,authored_templates_not_real_transcripts,0,assistant,What are you hoping to find?
public_05,train,syn_4687a28a79af9d8525305f458b2ec26d,30,authored_templates_not_real_transcripts,1,user,I am still working out what I want.
public_05,train,syn_4687a28a79af9d8525305f458b2ec26d,30,authored_templates_not_real_transcripts,2,assistant,What pace feels comfortable?
public_05,train,syn_4687a28a79af9d8525305f458b2ec26d,30,authored_templates_not_real_transcripts,3,user,I prefer to get to know someone gradually.
public_05,train,syn_4687a28a79af9d8525305f458b2ec26d,30,authored_templates_not_real_transcripts,4,assistant,How do you tend to spend free time?
public_05,train,syn_4687a28a79af9d8525305f458b2ec26d,30,authored_templates_not_real_transcripts,5,user,I like a mixture of quiet time and seeing people.
public_05,train,syn_4687a28a79af9d8525305f458b2ec26d,30,authored_templates_not_real_transcripts,6,assistant,What kinds of conversation do you enjoy?
public_05,train,syn_4687a28a79af9d8525305f458b2ec26d,30,authored_templates_not_real_transcripts,7,user,I enjoy talking about ideas.
public_05,train,syn_8496ad3d21cd3ab52ee03283d650c444,30,authored_templates_not_real_transcripts,0,assistant,What are you hoping to find?
public_05,train,syn_8496ad3d21cd3ab52ee03283d650c444,30,authored_templates_not_real_transcripts,1,user,I would like to build a lasting relationship.
public_05,train,syn_221878d393f071a58d95cb551a7526b0,30,authored_templates_not_real_transcripts,0,assistant,What are you hoping to find?
public_05,train,syn_221878d393f071a58d95cb551a7526b0,30,authored_templates_not_real_transcripts,1,user,I am still working out what I want.
public_05,train,syn_221878d393f071a58d95cb551a7526b0,30,authored_templates_not_real_transcripts,2,assistant,What pace feels comfortable?
public_05,train,syn_221878d393f071a58d95cb551a7526b0,30,authored_templates_not_real_transcripts,3,user,I prefer to get to know someone gradually.
public_05,train,syn_221878d393f071a58d95cb551a7526b0,30,authored_templates_not_real_transcripts,4,assistant,How do you tend to spend free time?
public_05,train,syn_221878d393f071a58d95cb551a7526b0,30,authored_templates_not_real_transcripts,5,user,I usually prefer a quiet evening.
public_05,train,syn_221878d393f071a58d95cb551a7526b0,30,authored_templates_not_real_transcripts,6,assistant,What kinds of conversation do you enjoy?
public_05,train,syn_221878d393f071a58d95cb551a7526b0,30,authored_templates_not_real_transcripts,7,user,I enjoy working through practical questions.
public_05,train,syn_5d3f0c4b3e05fa6c29ebd7bf84f2c597,30,authored_templates_not_real_transcripts,0,assistant,What are you hoping to find?
public_05,train,syn_5d3f0c4b3e05fa6c29ebd7bf84f2c597,30,authored_templates_not_real_transcripts,1,user,I would like to build a lasting relationship.
public_05,train,syn_5d3f0c4b3e05fa6c29ebd7bf84f2c597,30,authored_templates_not_real_transcripts,2,assistant,What pace feels comfortable?
public_05,train,syn_5d3f0c4b3e05fa6c29ebd7bf84f2c597,30,authored_templates_not_real_transcripts,3,user,I prefer to get to know someone gradually.
public_05,train,syn_5d3f0c4b3e05fa6c29ebd7bf84f2c597,30,authored_templates_not_real_transcripts,4,assistant,How do you tend to spend free time?
public_05,train,syn_5d3f0c4b3e05fa6c29ebd7bf84f2c597,30,authored_templates_not_real_transcripts,5,user,I enjoy having plans with people.
public_05,train,syn_5d3f0c4b3e05fa6c29ebd7bf84f2c597,30,authored_templates_not_real_transcripts,6,assistant,What kinds of conversation do you enjoy?
public_05,train,syn_5d3f0c4b3e05fa6c29ebd7bf84f2c597,30,authored_templates_not_real_transcripts,7,user,I like a playful conversation.
public_05,train,syn_a624629294f6a7e9435457352ce33a91,30,authored_templates_not_real_transcripts,0,assistant,What kinds of conversation do you enjoy?
public_05,train,syn_a624629294f6a7e9435457352ce33a91,30,authored_templates_not_real_transcripts,1,user,I enjoy talking about ideas.
public_05,train,syn_332eee9515e9c92bd04cc01bbf6c5aaf,30,authored_templates_not_real_transcripts,0,assistant,What are you hoping to find?
public_05,train,syn_332eee9515e9c92bd04cc01bbf6c5aaf,30,authored_templates_not_real_transcripts,1,user,I am still working out what I want.
public_05,train,syn_332eee9515e9c92bd04cc01bbf6c5aaf,30,authored_templates_not_real_transcripts,2,assistant,What pace feels comfortable?
public_05,train,syn_332eee9515e9c92bd04cc01bbf6c5aaf,30,authored_templates_not_real_transcripts,3,user,A steady pace suits me.
public_05,train,syn_332eee9515e9c92bd04cc01bbf6c5aaf,30,authored_templates_not_real_transcripts,4,assistant,How do you tend to spend free time?
public_05,train,syn_332eee9515e9c92bd04cc01bbf6c5aaf,30,authored_templates_not_real_transcripts,5,user,I like a mixture of quiet time and seeing people.
public_05,train,syn_332eee9515e9c92bd04cc01bbf6c5aaf,30,authored_templates_not_real_transcripts,6,assistant,What kinds of conversation do you enjoy?
public_05,train,syn_332eee9515e9c92bd04cc01bbf6c5aaf,30,authored_templates_not_real_transcripts,7,user,I like a playful conversation.
public_05,train,syn_5bc5e92f5a1770f1137744c21d198ff0,30,authored_templates_not_real_transcripts,0,assistant,How do you tend to spend free time?
public_05,train,syn_5bc5e92f5a1770f1137744c21d198ff0,30,authored_templates_not_real_transcripts,1,user,I usually prefer a quiet evening.
public_05,train,syn_5bc5e92f5a1770f1137744c21d198ff0,30,authored_templates_not_real_transcripts,2,assistant,What kinds of conversation do you enjoy?
public_05,train,syn_5bc5e92f5a1770f1137744c21d198ff0,30,authored_templates_not_real_transcripts,3,user,I like a playful conversation.
public_05,train,syn_db312ab6c0a68a9e3f8205fb47155607,30,authored_templates_not_real_transcripts,0,assistant,What are you hoping to find?
public_05,train,syn_db312ab6c0a68a9e3f8205fb47155607,30,authored_templates_not_real_transcripts,1,user,I would like to build a lasting relationship.
public_05,train,syn_db312ab6c0a68a9e3f8205fb47155607,30,authored_templates_not_real_transcripts,2,assistant,What pace feels comfortable?
public_05,train,syn_db312ab6c0a68a9e3f8205fb47155607,30,authored_templates_not_real_transcripts,3,user,I am comfortable meeting fairly soon.
public_05,train,syn_db312ab6c0a68a9e3f8205fb47155607,30,authored_templates_not_real_transcripts,4,assistant,How do you tend to spend free time?
public_05,train,syn_db312ab6c0a68a9e3f8205fb47155607,30,authored_templates_not_real_transcripts,5,user,I usually prefer a quiet evening.
public_05,train,syn_db312ab6c0a68a9e3f8205fb47155607,30,authored_templates_not_real_transcripts,6,assistant,What kinds of conversation do you enjoy?
public_05,train,syn_db312ab6c0a68a9e3f8205fb47155607,30,authored_templates_not_real_transcripts,7,user,I enjoy working through practical questions.
public_05,train,syn_3ed60798810b79d57f94d1a163f0932f,30,authored_templates_not_real_transcripts,0,assistant,What pace feels comfortable?
public_05,train,syn_3ed60798810b79d57f94d1a163f0932f,30,authored_templates_not_real_transcripts,1,user,I am comfortable meeting fairly soon.
public_05,train,syn_128c659d3b1b14361c11eb80703113cb,30,authored_templates_not_real_transcripts,0,assistant,What are you hoping to find?
public_05,train,syn_128c659d3b1b14361c11eb80703113cb,30,authored_templates_not_real_transcripts,1,user,I would like to build a lasting relationship.
public_05,train,syn_128c659d3b1b14361c11eb80703113cb,30,authored_templates_not_real_transcripts,2,assistant,What pace feels comfortable?
public_05,train,syn_128c659d3b1b14361c11eb80703113cb,30,authored_templates_not_real_transcripts,3,user,I am comfortable meeting fairly soon.
public_05,train,syn_ebe1327c2c0d34ff395465a7592ce880,30,authored_templates_not_real_transcripts,0,assistant,What are you hoping to find?
public_05,train,syn_ebe1327c2c0d34ff395465a7592ce880,30,authored_templates_not_real_transcripts,1,user,I would like to build a lasting relationship.
public_05,train,syn_eada6f0a34c5cf0b2f06296178a0c151,30,authored_templates_not_real_transcripts,0,assistant,What are you hoping to find?
public_05,train,syn_eada6f0a34c5cf0b2f06296178a0c151,30,authored_templates_not_real_transcripts,1,user,I am still working out what I want.
public_05,train,syn_eada6f0a34c5cf0b2f06296178a0c151,30,authored_templates_not_real_transcripts,2,assistant,What pace feels comfortable?
public_05,train,syn_eada6f0a34c5cf0b2f06296178a0c151,30,authored_templates_not_real_transcripts,3,user,A steady pace suits me.
public_05,train,syn_eada6f0a34c5cf0b2f06296178a0c151,30,authored_templates_not_real_transcripts,4,assistant,How do you tend to spend free time?
public_05,train,syn_eada6f0a34c5cf0b2f06296178a0c151,30,authored_templates_not_real_transcripts,5,user,I usually prefer a quiet evening.
public_05,train,syn_eada6f0a34c5cf0b2f06296178a0c151,30,authored_templates_not_real_transcripts,6,assistant,What kinds of conversation do you enjoy?
public_05,train,syn_eada6f0a34c5cf0b2f06296178a0c151,30,authored_templates_not_real_transcripts,7,user,I enjoy working through practical questions.
public_05,train,syn_c5c234be2d2b17c85df8a1f1080fca59,30,authored_templates_not_real_transcripts,0,assistant,What are you hoping to find?
public_05,train,syn_c5c234be2d2b17c85df8a1f1080fca59,30,authored_templates_not_real_transcripts,1,user,I would like to build a lasting relationship.
public_05,train,syn_c5c234be2d2b17c85df8a1f1080fca59,30,authored_templates_not_real_transcripts,2,assistant,What pace feels comfortable?
public_05,train,syn_c5c234be2d2b17c85df8a1f1080fca59,30,authored_templates_not_real_transcripts,3,user,A steady pace suits me.
public_05,train,syn_c5c234be2d2b17c85df8a1f1080fca59,30,authored_templates_not_real_transcripts,4,assistant,How do you tend to spend free time?
public_05,train,syn_c5c234be2d2b17c85df8a1f1080fca59,30,authored_templates_not_real_transcripts,5,user,I like a mixture of quiet time and seeing people.
public_05,train,syn_c5c234be2d2b17c85df8a1f1080fca59,30,authored_templates_not_real_transcripts,6,assistant,What kinds of conversation do you enjoy?
public_05,train,syn_c5c234be2d2b17c85df8a1f1080fca59,30,authored_templates_not_real_transcripts,7,user,I like a playful conversation.
public_05,train,syn_0c8744e4024204f6c04a07e714258d47,30,authored_templates_not_real_transcripts,0,assistant,What are you hoping to find?
public_05,train,syn_0c8744e4024204f6c04a07e714258d47,30,authored_templates_not_real_transcripts,1,user,I would like to build a lasting relationship.
public_05,train,syn_0c8744e4024204f6c04a07e714258d47,30,authored_templates_not_real_transcripts,2,assistant,What pace feels comfortable?
public_05,train,syn_0c8744e4024204f6c04a07e714258d47,30,authored_templates_not_real_transcripts,3,user,I am comfortable meeting fairly soon.
public_05,train,syn_0c8744e4024204f6c04a07e714258d47,30,authored_templates_not_real_transcripts,4,assistant,How do you tend to spend free time?
public_05,train,syn_0c8744e4024204f6c04a07e714258d47,30,authored_templates_not_real_transcripts,5,user,I like a mixture of quiet time and seeing people.
public_05,train,syn_0c8744e4024204f6c04a07e714258d47,30,authored_templates_not_real_transcripts,6,assistant,What kinds of conversation do you enjoy?
public_05,train,syn_0c8744e4024204f6c04a07e714258d47,30,authored_templates_not_real_transcripts,7,user,I like a playful conversation.
public_05,train,syn_955c1dc919b85ebe9dab25c3cb03cc28,30,authored_templates_not_real_transcripts,0,assistant,What are you hoping to find?
public_05,train,syn_955c1dc919b85ebe9dab25c3cb03cc28,30,authored_templates_not_real_transcripts,1,user,I am still working out what I want.
public_05,train,syn_a242f7d8327c808790c0d4811d284b0f,30,authored_templates_not_real_transcripts,0,assistant,What are you hoping to find?
public_05,train,syn_a242f7d8327c808790c0d4811d284b0f,30,authored_templates_not_real_transcripts,1,user,I am still working out what I want.
public_05,train,syn_a242f7d8327c808790c0d4811d284b0f,30,authored_templates_not_real_transcripts,2,assistant,What pace feels comfortable?
public_05,train,syn_a242f7d8327c808790c0d4811d284b0f,30,authored_templates_not_real_transcripts,3,user,A steady pace suits me.
public_05,train,syn_a242f7d8327c808790c0d4811d284b0f,30,authored_templates_not_real_transcripts,4,assistant,How do you tend to spend free time?
public_05,train,syn_a242f7d8327c808790c0d4811d284b0f,30,authored_templates_not_real_transcripts,5,user,I usually prefer a quiet evening.
public_05,train,syn_a242f7d8327c808790c0d4811d284b0f,30,authored_templates_not_real_transcripts,6,assistant,What kinds of conversation do you enjoy?
public_05,train,syn_a242f7d8327c808790c0d4811d284b0f,30,authored_templates_not_real_transcripts,7,user,I enjoy working through practical questions.
public_05,train,syn_7ae803ded429acbd44d8e5bb1269c4be,30,authored_templates_not_real_transcripts,0,assistant,What kinds of conversation do you enjoy?
public_05,train,syn_7ae803ded429acbd44d8e5bb1269c4be,30,authored_templates_not_real_transcripts,1,user,I enjoy working through practical questions.
public_05,train,syn_43142e7893095805ce58fe91b3c1b589,30,authored_templates_not_real_transcripts,0,assistant,How do you tend to spend free time?
public_05,train,syn_43142e7893095805ce58fe91b3c1b589,30,authored_templates_not_real_transcripts,1,user,I usually prefer a quiet evening.
public_05,train,syn_1eb72e4eb264c7bafa61862923f8ad8f,30,authored_templates_not_real_transcripts,0,assistant,What are you hoping to find?
public_05,train,syn_1eb72e4eb264c7bafa61862923f8ad8f,30,authored_templates_not_real_transcripts,1,user,I am still working out what I want.
public_05,train,syn_1eb72e4eb264c7bafa61862923f8ad8f,30,authored_templates_not_real_transcripts,2,assistant,What pace feels comfortable?
public_05,train,syn_1eb72e4eb264c7bafa61862923f8ad8f,30,authored_templates_not_real_transcripts,3,user,A steady pace suits me.
public_05,train,syn_1eb72e4eb264c7bafa61862923f8ad8f,30,authored_templates_not_real_transcripts,4,assistant,How do you tend to spend free time?
public_05,train,syn_1eb72e4eb264c7bafa61862923f8ad8f,30,authored_templates_not_real_transcripts,5,user,I usually prefer a quiet evening.
public_05,train,syn_1eb72e4eb264c7bafa61862923f8ad8f,30,authored_templates_not_real_transcripts,6,assistant,What kinds of conversation do you enjoy?
public_05,train,syn_1eb72e4eb264c7bafa61862923f8ad8f,30,authored_templates_not_real_transcripts,7,user,I like a playful conversation.
public_05,train,syn_d01ad0eb624507f7e0acfcf4b966fd87,30,authored_templates_not_real_transcripts,0,assistant,What kinds of conversation do you enjoy?
public_05,train,syn_d01ad0eb624507f7e0acfcf4b966fd87,30,authored_templates_not_real_transcripts,1,user,I like a playful conversation.
public_05,train,syn_da2080dae924856e3489933dbd919f65,30,authored_templates_not_real_transcripts,0,assistant,What are you hoping to find?
public_05,train,syn_da2080dae924856e3489933dbd919f65,30,authored_templates_not_real_transcripts,1,user,I would like to build a lasting relationship.
public_05,train,syn_da2080dae924856e3489933dbd919f65,30,authored_templates_not_real_transcripts,2,assistant,What pace feels comfortable?
public_05,train,syn_da2080dae924856e3489933dbd919f65,30,authored_templates_not_real_transcripts,3,user,A steady pace suits me.
public_05,train,syn_da2080dae924856e3489933dbd919f65,30,authored_templates_not_real_transcripts,4,assistant,How do you tend to spend free time?
public_05,train,syn_da2080dae924856e3489933dbd919f65,30,authored_templates_not_real_transcripts,5,user,I enjoy having plans with people.
public_05,train,syn_da2080dae924856e3489933dbd919f65,30,authored_templates_not_real_transcripts,6,assistant,What kinds of conversation do you enjoy?
public_05,train,syn_da2080dae924856e3489933dbd919f65,30,authored_templates_not_real_transcripts,7,user,I like hearing the stories behind things.
public_05,train,syn_96719852458841e93c6f2b1185738e89,30,authored_templates_not_real_transcripts,0,assistant,How do you tend to spend free time?
public_05,train,syn_96719852458841e93c6f2b1185738e89,30,authored_templates_not_real_transcripts,1,user,I like a mixture of quiet time and seeing people.
public_05,train,syn_21b698c1e3f90d1bd65d6ad2d9ef441f,30,authored_templates_not_real_transcripts,0,assistant,How do you tend to spend free time?
public_05,train,syn_21b698c1e3f90d1bd65d6ad2d9ef441f,30,authored_templates_not_real_transcripts,1,user,I like a mixture of quiet time and seeing people.
public_05,train,syn_9783d190677a0c555c717c760d1c92c7,30,authored_templates_not_real_transcripts,0,assistant,What are you hoping to find?
public_05,train,syn_9783d190677a0c555c717c760d1c92c7,30,authored_templates_not_real_transcripts,1,user,I would like to build a lasting relationship.
public_05,train,syn_9783d190677a0c555c717c760d1c92c7,30,authored_templates_not_real_transcripts,2,assistant,What pace feels comfortable?
public_05,train,syn_9783d190677a0c555c717c760d1c92c7,30,authored_templates_not_real_transcripts,3,user,I prefer to get to know someone gradually.
public_05,train,syn_9783d190677a0c555c717c760d1c92c7,30,authored_templates_not_real_transcripts,4,assistant,How do you tend to spend free time?
public_05,train,syn_9783d190677a0c555c717c760d1c92c7,30,authored_templates_not_real_transcripts,5,user,I like a mixture of quiet time and seeing people.
public_05,train,syn_9783d190677a0c555c717c760d1c92c7,30,authored_templates_not_real_transcripts,6,assistant,What kinds of conversation do you enjoy?
public_05,train,syn_9783d190677a0c555c717c760d1c92c7,30,authored_templates_not_real_transcripts,7,user,I like hearing the stories behind things.
public_05,train,syn_e9f6b26036f922e1dc8f657dd3671afe,30,authored_templates_not_real_transcripts,0,assistant,What are you hoping to find?
public_05,train,syn_e9f6b26036f922e1dc8f657dd3671afe,30,authored_templates_not_real_transcripts,1,user,I would like to build a lasting relationship.
public_05,train,syn_578b39a83f01b0166432cb202fd75c89,30,authored_templates_not_real_transcripts,0,assistant,What are you hoping to find?
public_05,train,syn_578b39a83f01b0166432cb202fd75c89,30,authored_templates_not_real_transcripts,1,user,I am still working out what I want.
public_05,train,syn_578b39a83f01b0166432cb202fd75c89,30,authored_templates_not_real_transcripts,2,assistant,What pace feels comfortable?
public_05,train,syn_578b39a83f01b0166432cb202fd75c89,30,authored_templates_not_real_transcripts,3,user,I am comfortable meeting fairly soon.
public_05,train,syn_578b39a83f01b0166432cb202fd75c89,30,authored_templates_not_real_transcripts,4,assistant,How do you tend to spend free time?
public_05,train,syn_578b39a83f01b0166432cb202fd75c89,30,authored_templates_not_real_transcripts,5,user,I like a mixture of quiet time and seeing people.
public_05,train,syn_578b39a83f01b0166432cb202fd75c89,30,authored_templates_not_real_transcripts,6,assistant,What kinds of conversation do you enjoy?
public_05,train,syn_578b39a83f01b0166432cb202fd75c89,30,authored_templates_not_real_transcripts,7,user,I enjoy talking about ideas.
public_05,train,syn_cc0b59ddd5b4a4303222062798f5833e,30,authored_templates_not_real_transcripts,0,assistant,What kinds of conversation do you enjoy?
public_05,train,syn_cc0b59ddd5b4a4303222062798f5833e,30,authored_templates_not_real_transcripts,1,user,I enjoy talking about ideas.
public_05,train,syn_e281f8859b0cd83692f377744a27d89d,30,authored_templates_not_real_transcripts,0,assistant,What are you hoping to find?
public_05,train,syn_e281f8859b0cd83692f377744a27d89d,30,authored_templates_not_real_transcripts,1,user,I am still working out what I want.
public_05,train,syn_63cfd88b7a8214239fa0cb2b84e40d46,30,authored_templates_not_real_transcripts,0,assistant,What are you hoping to find?
public_05,train,syn_63cfd88b7a8214239fa0cb2b84e40d46,30,authored_templates_not_real_transcripts,1,user,I would like to build a lasting relationship.
public_05,train,syn_ea1d2fca4324fb4bd34845e562dc19ed,30,authored_templates_not_real_transcripts,0,assistant,What are you hoping to find?
public_05,train,syn_ea1d2fca4324fb4bd34845e562dc19ed,30,authored_templates_not_real_transcripts,1,user,I am still working out what I want.
public_05,train,syn_6b88d248294608aa27175c604b65f71a,30,authored_templates_not_real_transcripts,0,assistant,What are you hoping to find?
public_05,train,syn_6b88d248294608aa27175c604b65f71a,30,authored_templates_not_real_transcripts,1,user,I would like to build a lasting relationship.
public_05,train,syn_6b88d248294608aa27175c604b65f71a,30,authored_templates_not_real_transcripts,2,assistant,How do you tend to spend free time?
public_05,train,syn_6b88d248294608aa27175c604b65f71a,30,authored_templates_not_real_transcripts,3,user,I enjoy having plans with people.
public_05,train,syn_e7313d20148b0ae24b283f75f679a9eb,30,authored_templates_not_real_transcripts,0,assistant,What are you hoping to find?
public_05,train,syn_e7313d20148b0ae24b283f75f679a9eb,30,authored_templates_not_real_transcripts,1,user,I would like to build a lasting relationship.
public_05,train,syn_e7313d20148b0ae24b283f75f679a9eb,30,authored_templates_not_real_transcripts,2,assistant,What pace feels comfortable?
public_05,train,syn_e7313d20148b0ae24b283f75f679a9eb,30,authored_templates_not_real_transcripts,3,user,A steady pace suits me.
public_05,train,syn_e7313d20148b0ae24b283f75f679a9eb,30,authored_templates_not_real_transcripts,4,assistant,How do you tend to spend free time?
public_05,train,syn_e7313d20148b0ae24b283f75f679a9eb,30,authored_templates_not_real_transcripts,5,user,I enjoy having plans with people.
public_05,train,syn_e7313d20148b0ae24b283f75f679a9eb,30,authored_templates_not_real_transcripts,6,assistant,What kinds of conversation do you enjoy?
public_05,train,syn_e7313d20148b0ae24b283f75f679a9eb,30,authored_templates_not_real_transcripts,7,user,I enjoy talking about ideas.
public_05,train,syn_b10bb6e023100c76a6e40692f904e30f,30,authored_templates_not_real_transcripts,0,assistant,What kinds of conversation do you enjoy?
public_05,train,syn_b10bb6e023100c76a6e40692f904e30f,30,authored_templates_not_real_transcripts,1,user,I like hearing the stories behind things.
public_05,train,syn_e6b57e07ceafd25bccb206402eb52056,30,authored_templates_not_real_transcripts,0,assistant,What kinds of conversation do you enjoy?
public_05,train,syn_e6b57e07ceafd25bccb206402eb52056,30,authored_templates_not_real_transcripts,1,user,I enjoy talking about ideas.
public_05,train,syn_99546a3d5e1bc9cdce7538e9d86856ec,30,authored_templates_not_real_transcripts,0,assistant,How do you tend to spend free time?
public_05,train,syn_99546a3d5e1bc9cdce7538e9d86856ec,30,authored_templates_not_real_transcripts,1,user,I like a mixture of quiet time and seeing people.
public_05,train,syn_0cc07e96f676a5d559cbc5e653e33702,30,authored_templates_not_real_transcripts,0,assistant,What are you hoping to find?
public_05,train,syn_0cc07e96f676a5d559cbc5e653e33702,30,authored_templates_not_real_transcripts,1,user,I am still working out what I want.
public_05,train,syn_0cc07e96f676a5d559cbc5e653e33702,30,authored_templates_not_real_transcripts,2,assistant,What pace feels comfortable?
public_05,train,syn_0cc07e96f676a5d559cbc5e653e33702,30,authored_templates_not_real_transcripts,3,user,I am comfortable meeting fairly soon.
public_05,train,syn_0cc07e96f676a5d559cbc5e653e33702,30,authored_templates_not_real_transcripts,4,assistant,How do you tend to spend free time?
public_05,train,syn_0cc07e96f676a5d559cbc5e653e33702,30,authored_templates_not_real_transcripts,5,user,I usually prefer a quiet evening.
public_05,train,syn_0cc07e96f676a5d559cbc5e653e33702,30,authored_templates_not_real_transcripts,6,assistant,What kinds of conversation do you enjoy?
public_05,train,syn_0cc07e96f676a5d559cbc5e653e33702,30,authored_templates_not_real_transcripts,7,user,I enjoy working through practical questions.
public_05,train,syn_7eb690e09fe84b65dc6054bf5e4869ba,30,authored_templates_not_real_transcripts,0,assistant,What kinds of conversation do you enjoy?
public_05,train,syn_7eb690e09fe84b65dc6054bf5e4869ba,30,authored_templates_not_real_transcripts,1,user,I enjoy talking about ideas.
public_05,train,syn_f6dd627d1108f9a47392d79f0b9097f5,30,authored_templates_not_real_transcripts,0,assistant,What are you hoping to find?
public_05,train,syn_f6dd627d1108f9a47392d79f0b9097f5,30,authored_templates_not_real_transcripts,1,user,I would like to build a lasting relationship.
public_05,train,syn_f6dd627d1108f9a47392d79f0b9097f5,30,authored_templates_not_real_transcripts,2,assistant,What pace feels comfortable?
public_05,train,syn_f6dd627d1108f9a47392d79f0b9097f5,30,authored_templates_not_real_transcripts,3,user,I am comfortable meeting fairly soon.
public_05,train,syn_f6dd627d1108f9a47392d79f0b9097f5,30,authored_templates_not_real_transcripts,4,assistant,How do you tend to spend free time?
public_05,train,syn_f6dd627d1108f9a47392d79f0b9097f5,30,authored_templates_not_real_transcripts,5,user,I usually prefer a quiet evening.
public_05,train,syn_f6dd627d1108f9a47392d79f0b9097f5,30,authored_templates_not_real_transcripts,6,assistant,What kinds of conversation do you enjoy?
public_05,train,syn_f6dd627d1108f9a47392d79f0b9097f5,30,authored_templates_not_real_transcripts,7,user,I like a playful conversation.
public_05,train,syn_237249b8b5232cecb83d9c594987450c,30,authored_templates_not_real_transcripts,0,assistant,What are you hoping to find?
public_05,train,syn_237249b8b5232cecb83d9c594987450c,30,authored_templates_not_real_transcripts,1,user,I would like to build a lasting relationship.
public_05,train,syn_237249b8b5232cecb83d9c594987450c,30,authored_templates_not_real_transcripts,2,assistant,What pace feels comfortable?
public_05,train,syn_237249b8b5232cecb83d9c594987450c,30,authored_templates_not_real_transcripts,3,user,I prefer to get to know someone gradually.
public_05,train,syn_237249b8b5232cecb83d9c594987450c,30,authored_templates_not_real_transcripts,4,assistant,How do you tend to spend free time?
public_05,train,syn_237249b8b5232cecb83d9c594987450c,30,authored_templates_not_real_transcripts,5,user,I like a mixture of quiet time and seeing people.
public_05,train,syn_237249b8b5232cecb83d9c594987450c,30,authored_templates_not_real_transcripts,6,assistant,What kinds of conversation do you enjoy?
public_05,train,syn_237249b8b5232cecb83d9c594987450c,30,authored_templates_not_real_transcripts,7,user,I like a playful conversation.
public_06,train,syn_b9b2bf5a3ff7cd820a5da9c85b41cf3e,30,authored_templates_not_real_transcripts,0,assistant,What kinds of conversation do you enjoy?
public_06,train,syn_b9b2bf5a3ff7cd820a5da9c85b41cf3e,30,authored_templates_not_real_transcripts,1,user,I enjoy talking about ideas.
public_06,train,syn_d66b96f5bebe822535f9f0241e7c98de,30,authored_templates_not_real_transcripts,0,assistant,What are you hoping to find?
public_06,train,syn_d66b96f5bebe822535f9f0241e7c98de,30,authored_templates_not_real_transcripts,1,user,I would like to build a lasting relationship.
public_06,train,syn_d66b96f5bebe822535f9f0241e7c98de,30,authored_templates_not_real_transcripts,2,assistant,What pace feels comfortable?
public_06,train,syn_d66b96f5bebe822535f9f0241e7c98de,30,authored_templates_not_real_transcripts,3,user,A steady pace suits me.
public_06,train,syn_d66b96f5bebe822535f9f0241e7c98de,30,authored_templates_not_real_transcripts,4,assistant,How do you tend to spend free time?
public_06,train,syn_d66b96f5bebe822535f9f0241e7c98de,30,authored_templates_not_real_transcripts,5,user,I enjoy having plans with people.
public_06,train,syn_d66b96f5bebe822535f9f0241e7c98de,30,authored_templates_not_real_transcripts,6,assistant,What kinds of conversation do you enjoy?
public_06,train,syn_d66b96f5bebe822535f9f0241e7c98de,30,authored_templates_not_real_transcripts,7,user,I like a playful conversation.
public_06,train,syn_356636b0d616d949375741d209ab315e,30,authored_templates_not_real_transcripts,0,assistant,What are you hoping to find?
public_06,train,syn_356636b0d616d949375741d209ab315e,30,authored_templates_not_real_transcripts,1,user,I am still working out what I want.
public_06,train,syn_356636b0d616d949375741d209ab315e,30,authored_templates_not_real_transcripts,2,assistant,What pace feels comfortable?
public_06,train,syn_356636b0d616d949375741d209ab315e,30,authored_templates_not_real_transcripts,3,user,I prefer to get to know someone gradually.
public_06,train,syn_356636b0d616d949375741d209ab315e,30,authored_templates_not_real_transcripts,4,assistant,How do you tend to spend free time?
public_06,train,syn_356636b0d616d949375741d209ab315e,30,authored_templates_not_real_transcripts,5,user,I enjoy having plans with people.
public_06,train,syn_356636b0d616d949375741d209ab315e,30,authored_templates_not_real_transcripts,6,assistant,What kinds of conversation do you enjoy?
public_06,train,syn_356636b0d616d949375741d209ab315e,30,authored_templates_not_real_transcripts,7,user,I like hearing the stories behind things.
public_06,train,syn_74acb33f36c10eb5f5d9e151e91ab096,30,authored_templates_not_real_transcripts,0,assistant,What are you hoping to find?
public_06,train,syn_74acb33f36c10eb5f5d9e151e91ab096,30,authored_templates_not_real_transcripts,1,user,I would like to build a lasting relationship.
public_06,train,syn_d4571dc0a23e2466dc16c47c35d3042d,30,authored_templates_not_real_transcripts,0,assistant,What are you hoping to find?
public_06,train,syn_d4571dc0a23e2466dc16c47c35d3042d,30,authored_templates_not_real_transcripts,1,user,I would like to build a lasting relationship.
public_06,train,syn_d4571dc0a23e2466dc16c47c35d3042d,30,authored_templates_not_real_transcripts,2,assistant,What pace feels comfortable?
public_06,train,syn_d4571dc0a23e2466dc16c47c35d3042d,30,authored_templates_not_real_transcripts,3,user,A steady pace suits me.
public_06,train,syn_d4571dc0a23e2466dc16c47c35d3042d,30,authored_templates_not_real_transcripts,4,assistant,How do you tend to spend free time?
public_06,train,syn_d4571dc0a23e2466dc16c47c35d3042d,30,authored_templates_not_real_transcripts,5,user,I usually prefer a quiet evening.
public_06,train,syn_d4571dc0a23e2466dc16c47c35d3042d,30,authored_templates_not_real_transcripts,6,assistant,What kinds of conversation do you enjoy?
public_06,train,syn_d4571dc0a23e2466dc16c47c35d3042d,30,authored_templates_not_real_transcripts,7,user,I like hearing the stories behind things.
public_06,train,syn_7a47e3edf42dfa7a5338b9282c1c3b88,30,authored_templates_not_real_transcripts,0,assistant,What pace feels comfortable?
public_06,train,syn_7a47e3edf42dfa7a5338b9282c1c3b88,30,authored_templates_not_real_transcripts,1,user,I am comfortable meeting fairly soon.
public_06,train,syn_9b4009eb457c80ee7f7241680f4a806e,30,authored_templates_not_real_transcripts,0,assistant,What are you hoping to find?
public_06,train,syn_9b4009eb457c80ee7f7241680f4a806e,30,authored_templates_not_real_transcripts,1,user,I am still working out what I want.
public_06,train,syn_9b4009eb457c80ee7f7241680f4a806e,30,authored_templates_not_real_transcripts,2,assistant,What pace feels comfortable?
public_06,train,syn_9b4009eb457c80ee7f7241680f4a806e,30,authored_templates_not_real_transcripts,3,user,A steady pace suits me.
public_06,train,syn_9b4009eb457c80ee7f7241680f4a806e,30,authored_templates_not_real_transcripts,4,assistant,How do you tend to spend free time?
public_06,train,syn_9b4009eb457c80ee7f7241680f4a806e,30,authored_templates_not_real_transcripts,5,user,I like a mixture of quiet time and seeing people.
public_06,train,syn_9b4009eb457c80ee7f7241680f4a806e,30,authored_templates_not_real_transcripts,6,assistant,What kinds of conversation do you enjoy?
public_06,train,syn_9b4009eb457c80ee7f7241680f4a806e,30,authored_templates_not_real_transcripts,7,user,I like hearing the stories behind things.
public_06,train,syn_ef3ec5a5d140ddb21b21b1ce436657ae,30,authored_templates_not_real_transcripts,0,assistant,What pace feels comfortable?
public_06,train,syn_ef3ec5a5d140ddb21b21b1ce436657ae,30,authored_templates_not_real_transcripts,1,user,I prefer to get to know someone gradually.
public_06,train,syn_acd396aca38889f3b27389b141192961,30,authored_templates_not_real_transcripts,0,assistant,What are you hoping to find?
public_06,train,syn_acd396aca38889f3b27389b141192961,30,authored_templates_not_real_transcripts,1,user,I would like to build a lasting relationship.
public_06,train,syn_acd396aca38889f3b27389b141192961,30,authored_templates_not_real_transcripts,2,assistant,What pace feels comfortable?
public_06,train,syn_acd396aca38889f3b27389b141192961,30,authored_templates_not_real_transcripts,3,user,A steady pace suits me.
public_06,train,syn_acd396aca38889f3b27389b141192961,30,authored_templates_not_real_transcripts,4,assistant,How do you tend to spend free time?
public_06,train,syn_acd396aca38889f3b27389b141192961,30,authored_templates_not_real_transcripts,5,user,I enjoy having plans with people.
public_06,train,syn_acd396aca38889f3b27389b141192961,30,authored_templates_not_real_transcripts,6,assistant,What kinds of conversation do you enjoy?
public_06,train,syn_acd396aca38889f3b27389b141192961,30,authored_templates_not_real_transcripts,7,user,I enjoy working through practical questions.
public_06,train,syn_1e73fcfc7f743aaff3b445761ccc1d6f,30,authored_templates_not_real_transcripts,0,assistant,What are you hoping to find?
public_06,train,syn_1e73fcfc7f743aaff3b445761ccc1d6f,30,authored_templates_not_real_transcripts,1,user,I would like to build a lasting relationship.
public_06,train,syn_1e73fcfc7f743aaff3b445761ccc1d6f,30,authored_templates_not_real_transcripts,2,assistant,What pace feels comfortable?
public_06,train,syn_1e73fcfc7f743aaff3b445761ccc1d6f,30,authored_templates_not_real_transcripts,3,user,I prefer to get to know someone gradually.
public_06,train,syn_1e73fcfc7f743aaff3b445761ccc1d6f,30,authored_templates_not_real_transcripts,4,assistant,How do you tend to spend free time?
public_06,train,syn_1e73fcfc7f743aaff3b445761ccc1d6f,30,authored_templates_not_real_transcripts,5,user,I enjoy having plans with people.
public_06,train,syn_1e73fcfc7f743aaff3b445761ccc1d6f,30,authored_templates_not_real_transcripts,6,assistant,What kinds of conversation do you enjoy?
public_06,train,syn_1e73fcfc7f743aaff3b445761ccc1d6f,30,authored_templates_not_real_transcripts,7,user,I enjoy talking about ideas.
public_06,train,syn_3035f983bd9ef98ca3e85ba944bf66ec,30,authored_templates_not_real_transcripts,0,assistant,How do you tend to spend free time?
public_06,train,syn_3035f983bd9ef98ca3e85ba944bf66ec,30,authored_templates_not_real_transcripts,1,user,I usually prefer a quiet evening.
public_06,train,syn_c62948193d3958c265b2db38a904d7e1,30,authored_templates_not_real_transcripts,0,assistant,What pace feels comfortable?
public_06,train,syn_c62948193d3958c265b2db38a904d7e1,30,authored_templates_not_real_transcripts,1,user,I prefer to get to know someone gradually.
public_06,train,syn_f656d23646abc8a69c3aee8a3ca2f2d6,30,authored_templates_not_real_transcripts,0,assistant,What are you hoping to find?
public_06,train,syn_f656d23646abc8a69c3aee8a3ca2f2d6,30,authored_templates_not_real_transcripts,1,user,I would like to build a lasting relationship.
public_06,train,syn_f656d23646abc8a69c3aee8a3ca2f2d6,30,authored_templates_not_real_transcripts,2,assistant,What pace feels comfortable?
public_06,train,syn_f656d23646abc8a69c3aee8a3ca2f2d6,30,authored_templates_not_real_transcripts,3,user,I am comfortable meeting fairly soon.
public_06,train,syn_f656d23646abc8a69c3aee8a3ca2f2d6,30,authored_templates_not_real_transcripts,4,assistant,How do you tend to spend free time?
public_06,train,syn_f656d23646abc8a69c3aee8a3ca2f2d6,30,authored_templates_not_real_transcripts,5,user,I like a mixture of quiet time and seeing people.
public_06,train,syn_f656d23646abc8a69c3aee8a3ca2f2d6,30,authored_templates_not_real_transcripts,6,assistant,What kinds of conversation do you enjoy?
public_06,train,syn_f656d23646abc8a69c3aee8a3ca2f2d6,30,authored_templates_not_real_transcripts,7,user,I like hearing the stories behind things.
public_06,train,syn_74515669f63501ed0fbf9892f70b2a42,30,authored_templates_not_real_transcripts,0,assistant,What are you hoping to find?
public_06,train,syn_74515669f63501ed0fbf9892f70b2a42,30,authored_templates_not_real_transcripts,1,user,I am still working out what I want.
public_06,train,syn_74515669f63501ed0fbf9892f70b2a42,30,authored_templates_not_real_transcripts,2,assistant,What pace feels comfortable?
public_06,train,syn_74515669f63501ed0fbf9892f70b2a42,30,authored_templates_not_real_transcripts,3,user,I am comfortable meeting fairly soon.
public_06,train,syn_74515669f63501ed0fbf9892f70b2a42,30,authored_templates_not_real_transcripts,4,assistant,How do you tend to spend free time?
public_06,train,syn_74515669f63501ed0fbf9892f70b2a42,30,authored_templates_not_real_transcripts,5,user,I like a mixture of quiet time and seeing people.
public_06,train,syn_74515669f63501ed0fbf9892f70b2a42,30,authored_templates_not_real_transcripts,6,assistant,What kinds of conversation do you enjoy?
public_06,train,syn_74515669f63501ed0fbf9892f70b2a42,30,authored_templates_not_real_transcripts,7,user,I enjoy talking about ideas.
public_06,train,syn_4ac51746b34616c878acec0484320001,30,authored_templates_not_real_transcripts,0,assistant,What are you hoping to find?
public_06,train,syn_4ac51746b34616c878acec0484320001,30,authored_templates_not_real_transcripts,1,user,I am still working out what I want.
public_06,train,syn_4ac51746b34616c878acec0484320001,30,authored_templates_not_real_transcripts,2,assistant,What pace feels comfortable?
public_06,train,syn_4ac51746b34616c878acec0484320001,30,authored_templates_not_real_transcripts,3,user,I prefer to get to know someone gradually.
public_06,train,syn_4ac51746b34616c878acec0484320001,30,authored_templates_not_real_transcripts,4,assistant,How do you tend to spend free time?
public_06,train,syn_4ac51746b34616c878acec0484320001,30,authored_templates_not_real_transcripts,5,user,I like a mixture of quiet time and seeing people.
public_06,train,syn_4ac51746b34616c878acec0484320001,30,authored_templates_not_real_transcripts,6,assistant,What kinds of conversation do you enjoy?
public_06,train,syn_4ac51746b34616c878acec0484320001,30,authored_templates_not_real_transcripts,7,user,I enjoy working through practical questions.
public_06,train,syn_6f735c3f406d69f65bb4286499aafd97,30,authored_templates_not_real_transcripts,0,assistant,What are you hoping to find?
public_06,train,syn_6f735c3f406d69f65bb4286499aafd97,30,authored_templates_not_real_transcripts,1,user,I would like to build a lasting relationship.
public_06,train,syn_8aeead5be2a94306196aa340241d0ff2,30,authored_templates_not_real_transcripts,0,assistant,What are you hoping to find?
public_06,train,syn_8aeead5be2a94306196aa340241d0ff2,30,authored_templates_not_real_transcripts,1,user,I would like to build a lasting relationship.
public_06,train,syn_8aeead5be2a94306196aa340241d0ff2,30,authored_templates_not_real_transcripts,2,assistant,What pace feels comfortable?
public_06,train,syn_8aeead5be2a94306196aa340241d0ff2,30,authored_templates_not_real_transcripts,3,user,I am comfortable meeting fairly soon.
public_06,train,syn_8aeead5be2a94306196aa340241d0ff2,30,authored_templates_not_real_transcripts,4,assistant,How do you tend to spend free time?
public_06,train,syn_8aeead5be2a94306196aa340241d0ff2,30,authored_templates_not_real_transcripts,5,user,I like a mixture of quiet time and seeing people.
public_06,train,syn_8aeead5be2a94306196aa340241d0ff2,30,authored_templates_not_real_transcripts,6,assistant,What kinds of conversation do you enjoy?
public_06,train,syn_8aeead5be2a94306196aa340241d0ff2,30,authored_templates_not_real_transcripts,7,user,I enjoy working through practical questions.
public_06,train,syn_c7215520abaedceb3535dfdaf5327bc7,30,authored_templates_not_real_transcripts,0,assistant,What kinds of conversation do you enjoy?
public_06,train,syn_c7215520abaedceb3535dfdaf5327bc7,30,authored_templates_not_real_transcripts,1,user,I enjoy working through practical questions.
public_06,train,syn_a403e6b8fa5b97a0d24d0fd9955f783f,30,authored_templates_not_real_transcripts,0,assistant,What are you hoping to find?
public_06,train,syn_a403e6b8fa5b97a0d24d0fd9955f783f,30,authored_templates_not_real_transcripts,1,user,I am still working out what I want.
public_06,train,syn_0f2d06f448ad910379796f3c5f5c1ab1,30,authored_templates_not_real_transcripts,0,assistant,What kinds of conversation do you enjoy?
public_06,train,syn_0f2d06f448ad910379796f3c5f5c1ab1,30,authored_templates_not_real_transcripts,1,user,I like a playful conversation.
public_06,train,syn_c257f1135cd572b8727fa62f2bb54218,30,authored_templates_not_real_transcripts,0,assistant,How do you tend to spend free time?
public_06,train,syn_c257f1135cd572b8727fa62f2bb54218,30,authored_templates_not_real_transcripts,1,user,I enjoy having plans with people.
public_06,train,syn_5db70f155651b80b8ba559a2a81faf78,30,authored_templates_not_real_transcripts,0,assistant,What are you hoping to find?
public_06,train,syn_5db70f155651b80b8ba559a2a81faf78,30,authored_templates_not_real_transcripts,1,user,I would like to build a lasting relationship.
public_06,train,syn_5db70f155651b80b8ba559a2a81faf78,30,authored_templates_not_real_transcripts,2,assistant,What pace feels comfortable?
public_06,train,syn_5db70f155651b80b8ba559a2a81faf78,30,authored_templates_not_real_transcripts,3,user,I am comfortable meeting fairly soon.
public_06,train,syn_5db70f155651b80b8ba559a2a81faf78,30,authored_templates_not_real_transcripts,4,assistant,How do you tend to spend free time?
public_06,train,syn_5db70f155651b80b8ba559a2a81faf78,30,authored_templates_not_real_transcripts,5,user,I usually prefer a quiet evening.
public_06,train,syn_5db70f155651b80b8ba559a2a81faf78,30,authored_templates_not_real_transcripts,6,assistant,What kinds of conversation do you enjoy?
public_06,train,syn_5db70f155651b80b8ba559a2a81faf78,30,authored_templates_not_real_transcripts,7,user,I like a playful conversation.
public_06,train,syn_5f5f4d1100d1b0b3301fe1d31a317ed0,30,authored_templates_not_real_transcripts,0,assistant,What are you hoping to find?
public_06,train,syn_5f5f4d1100d1b0b3301fe1d31a317ed0,30,authored_templates_not_real_transcripts,1,user,I am still working out what I want.
public_06,train,syn_5f5f4d1100d1b0b3301fe1d31a317ed0,30,authored_templates_not_real_transcripts,2,assistant,What pace feels comfortable?
public_06,train,syn_5f5f4d1100d1b0b3301fe1d31a317ed0,30,authored_templates_not_real_transcripts,3,user,I prefer to get to know someone gradually.
public_06,train,syn_5f5f4d1100d1b0b3301fe1d31a317ed0,30,authored_templates_not_real_transcripts,4,assistant,How do you tend to spend free time?
public_06,train,syn_5f5f4d1100d1b0b3301fe1d31a317ed0,30,authored_templates_not_real_transcripts,5,user,I like a mixture of quiet time and seeing people.
public_06,train,syn_5f5f4d1100d1b0b3301fe1d31a317ed0,30,authored_templates_not_real_transcripts,6,assistant,What kinds of conversation do you enjoy?
public_06,train,syn_5f5f4d1100d1b0b3301fe1d31a317ed0,30,authored_templates_not_real_transcripts,7,user,I like a playful conversation.
public_06,train,syn_44a512ad5e990df2b591b9c1163a05f2,30,authored_templates_not_real_transcripts,0,assistant,What kinds of conversation do you enjoy?
public_06,train,syn_44a512ad5e990df2b591b9c1163a05f2,30,authored_templates_not_real_transcripts,1,user,I like a playful conversation.
public_06,train,syn_2c1826e24fa04763fc6c89c1ab8a0cf1,30,authored_templates_not_real_transcripts,0,assistant,What are you hoping to find?
public_06,train,syn_2c1826e24fa04763fc6c89c1ab8a0cf1,30,authored_templates_not_real_transcripts,1,user,I am still working out what I want.
public_06,train,syn_2c1826e24fa04763fc6c89c1ab8a0cf1,30,authored_templates_not_real_transcripts,2,assistant,What pace feels comfortable?
public_06,train,syn_2c1826e24fa04763fc6c89c1ab8a0cf1,30,authored_templates_not_real_transcripts,3,user,I prefer to get to know someone gradually.
public_06,train,syn_2c1826e24fa04763fc6c89c1ab8a0cf1,30,authored_templates_not_real_transcripts,4,assistant,How do you tend to spend free time?
public_06,train,syn_2c1826e24fa04763fc6c89c1ab8a0cf1,30,authored_templates_not_real_transcripts,5,user,I usually prefer a quiet evening.
public_06,train,syn_2c1826e24fa04763fc6c89c1ab8a0cf1,30,authored_templates_not_real_transcripts,6,assistant,What kinds of conversation do you enjoy?
public_06,train,syn_2c1826e24fa04763fc6c89c1ab8a0cf1,30,authored_templates_not_real_transcripts,7,user,I enjoy working through practical questions.
public_06,train,syn_0b586190bcd26764dc9ee468e9ade464,30,authored_templates_not_real_transcripts,0,assistant,What pace feels comfortable?
public_06,train,syn_0b586190bcd26764dc9ee468e9ade464,30,authored_templates_not_real_transcripts,1,user,I am comfortable meeting fairly soon.
public_06,train,syn_fc49e2548689a82c39f848f66826b375,30,authored_templates_not_real_transcripts,0,assistant,What are you hoping to find?
public_06,train,syn_fc49e2548689a82c39f848f66826b375,30,authored_templates_not_real_transcripts,1,user,I would like to build a lasting relationship.
public_06,train,syn_fc49e2548689a82c39f848f66826b375,30,authored_templates_not_real_transcripts,2,assistant,What pace feels comfortable?
public_06,train,syn_fc49e2548689a82c39f848f66826b375,30,authored_templates_not_real_transcripts,3,user,I am comfortable meeting fairly soon.
public_06,train,syn_fc49e2548689a82c39f848f66826b375,30,authored_templates_not_real_transcripts,4,assistant,How do you tend to spend free time?
public_06,train,syn_fc49e2548689a82c39f848f66826b375,30,authored_templates_not_real_transcripts,5,user,I usually prefer a quiet evening.
public_06,train,syn_fc49e2548689a82c39f848f66826b375,30,authored_templates_not_real_transcripts,6,assistant,What kinds of conversation do you enjoy?
public_06,train,syn_fc49e2548689a82c39f848f66826b375,30,authored_templates_not_real_transcripts,7,user,I enjoy talking about ideas.
public_06,train,syn_a74e52fe4088d82013a36a493970cbeb,30,authored_templates_not_real_transcripts,0,assistant,What are you hoping to find?
public_06,train,syn_a74e52fe4088d82013a36a493970cbeb,30,authored_templates_not_real_transcripts,1,user,I would like to build a lasting relationship.
public_06,train,syn_a74e52fe4088d82013a36a493970cbeb,30,authored_templates_not_real_transcripts,2,assistant,What pace feels comfortable?
public_06,train,syn_a74e52fe4088d82013a36a493970cbeb,30,authored_templates_not_real_transcripts,3,user,I am comfortable meeting fairly soon.
public_06,train,syn_a74e52fe4088d82013a36a493970cbeb,30,authored_templates_not_real_transcripts,4,assistant,How do you tend to spend free time?
public_06,train,syn_a74e52fe4088d82013a36a493970cbeb,30,authored_templates_not_real_transcripts,5,user,I enjoy having plans with people.
public_06,train,syn_a74e52fe4088d82013a36a493970cbeb,30,authored_templates_not_real_transcripts,6,assistant,What kinds of conversation do you enjoy?
public_06,train,syn_a74e52fe4088d82013a36a493970cbeb,30,authored_templates_not_real_transcripts,7,user,I like hearing the stories behind things.
public_06,train,syn_9d73fd68d0f77941e6ecc9252178ab33,30,authored_templates_not_real_transcripts,0,assistant,What are you hoping to find?
public_06,train,syn_9d73fd68d0f77941e6ecc9252178ab33,30,authored_templates_not_real_transcripts,1,user,I would like to build a lasting relationship.
public_06,train,syn_9d73fd68d0f77941e6ecc9252178ab33,30,authored_templates_not_real_transcripts,2,assistant,What pace feels comfortable?
public_06,train,syn_9d73fd68d0f77941e6ecc9252178ab33,30,authored_templates_not_real_transcripts,3,user,I am comfortable meeting fairly soon.
public_06,train,syn_9d73fd68d0f77941e6ecc9252178ab33,30,authored_templates_not_real_transcripts,4,assistant,How do you tend to spend free time?
public_06,train,syn_9d73fd68d0f77941e6ecc9252178ab33,30,authored_templates_not_real_transcripts,5,user,I usually prefer a quiet evening.
public_06,train,syn_9d73fd68d0f77941e6ecc9252178ab33,30,authored_templates_not_real_transcripts,6,assistant,What kinds of conversation do you enjoy?
public_06,train,syn_9d73fd68d0f77941e6ecc9252178ab33,30,authored_templates_not_real_transcripts,7,user,I like hearing the stories behind things.
public_06,train,syn_80d0286ab216c0b9b9144ecd996404f1,30,authored_templates_not_real_transcripts,0,assistant,What pace feels comfortable?
public_06,train,syn_80d0286ab216c0b9b9144ecd996404f1,30,authored_templates_not_real_transcripts,1,user,A steady pace suits me.
public_06,train,syn_8270b671dbaed1029b33ebfe15aff488,30,authored_templates_not_real_transcripts,0,assistant,How do you tend to spend free time?
public_06,train,syn_8270b671dbaed1029b33ebfe15aff488,30,authored_templates_not_real_transcripts,1,user,I enjoy having plans with people.
public_06,train,syn_d1919f155223219486bf45be069aca7c,30,authored_templates_not_real_transcripts,0,assistant,What are you hoping to find?
public_06,train,syn_d1919f155223219486bf45be069aca7c,30,authored_templates_not_real_transcripts,1,user,I am still working out what I want.
public_06,train,syn_d1919f155223219486bf45be069aca7c,30,authored_templates_not_real_transcripts,2,assistant,What pace feels comfortable?
public_06,train,syn_d1919f155223219486bf45be069aca7c,30,authored_templates_not_real_transcripts,3,user,I prefer to get to know someone gradually.
public_06,train,syn_d1919f155223219486bf45be069aca7c,30,authored_templates_not_real_transcripts,4,assistant,How do you tend to spend free time?
public_06,train,syn_d1919f155223219486bf45be069aca7c,30,authored_templates_not_real_transcripts,5,user,I enjoy having plans with people.
public_06,train,syn_d1919f155223219486bf45be069aca7c,30,authored_templates_not_real_transcripts,6,assistant,What kinds of conversation do you enjoy?
public_06,train,syn_d1919f155223219486bf45be069aca7c,30,authored_templates_not_real_transcripts,7,user,I like hearing the stories behind things.
public_06,train,syn_cad1eac320b402c75232e3e1af60d034,30,authored_templates_not_real_transcripts,0,assistant,What are you hoping to find?
public_06,train,syn_cad1eac320b402c75232e3e1af60d034,30,authored_templates_not_real_transcripts,1,user,I would like to build a lasting relationship.
public_06,train,syn_cad1eac320b402c75232e3e1af60d034,30,authored_templates_not_real_transcripts,2,assistant,What pace feels comfortable?
public_06,train,syn_cad1eac320b402c75232e3e1af60d034,30,authored_templates_not_real_transcripts,3,user,I am comfortable meeting fairly soon.
public_06,train,syn_cad1eac320b402c75232e3e1af60d034,30,authored_templates_not_real_transcripts,4,assistant,How do you tend to spend free time?
public_06,train,syn_cad1eac320b402c75232e3e1af60d034,30,authored_templates_not_real_transcripts,5,user,I like a mixture of quiet time and seeing people.
public_06,train,syn_cad1eac320b402c75232e3e1af60d034,30,authored_templates_not_real_transcripts,6,assistant,What kinds of conversation do you enjoy?
public_06,train,syn_cad1eac320b402c75232e3e1af60d034,30,authored_templates_not_real_transcripts,7,user,I like a playful conversation.
public_06,train,syn_53f0e33942ac907ec0c98bd7eeebef9e,30,authored_templates_not_real_transcripts,0,assistant,How do you tend to spend free time?
public_06,train,syn_53f0e33942ac907ec0c98bd7eeebef9e,30,authored_templates_not_real_transcripts,1,user,I usually prefer a quiet evening.
public_06,train,syn_53f0e33942ac907ec0c98bd7eeebef9e,30,authored_templates_not_real_transcripts,2,assistant,What kinds of conversation do you enjoy?
public_06,train,syn_53f0e33942ac907ec0c98bd7eeebef9e,30,authored_templates_not_real_transcripts,3,user,I like a playful conversation.
public_06,train,syn_406f9092c4dce3cd639ea3d8084fdd5d,30,authored_templates_not_real_transcripts,0,assistant,What pace feels comfortable?
public_06,train,syn_406f9092c4dce3cd639ea3d8084fdd5d,30,authored_templates_not_real_transcripts,1,user,I prefer to get to know someone gradually.
public_06,train,syn_072b504b76074da4be0703379e2ad417,30,authored_templates_not_real_transcripts,0,assistant,What are you hoping to find?
public_06,train,syn_072b504b76074da4be0703379e2ad417,30,authored_templates_not_real_transcripts,1,user,I would like to build a lasting relationship.
public_06,train,syn_072b504b76074da4be0703379e2ad417,30,authored_templates_not_real_transcripts,2,assistant,What pace feels comfortable?
public_06,train,syn_072b504b76074da4be0703379e2ad417,30,authored_templates_not_real_transcripts,3,user,A steady pace suits me.
public_06,train,syn_072b504b76074da4be0703379e2ad417,30,authored_templates_not_real_transcripts,4,assistant,How do you tend to spend free time?
public_06,train,syn_072b504b76074da4be0703379e2ad417,30,authored_templates_not_real_transcripts,5,user,I like a mixture of quiet time and seeing people.
public_06,train,syn_072b504b76074da4be0703379e2ad417,30,authored_templates_not_real_transcripts,6,assistant,What kinds of conversation do you enjoy?
public_06,train,syn_072b504b76074da4be0703379e2ad417,30,authored_templates_not_real_transcripts,7,user,I enjoy talking about ideas.
public_06,train,syn_9dec44b53690b4c6e6b2ecf6f1f394bd,30,authored_templates_not_real_transcripts,0,assistant,What are you hoping to find?
public_06,train,syn_9dec44b53690b4c6e6b2ecf6f1f394bd,30,authored_templates_not_real_transcripts,1,user,I would like to build a lasting relationship.
public_06,train,syn_9dec44b53690b4c6e6b2ecf6f1f394bd,30,authored_templates_not_real_transcripts,2,assistant,What pace feels comfortable?
public_06,train,syn_9dec44b53690b4c6e6b2ecf6f1f394bd,30,authored_templates_not_real_transcripts,3,user,A steady pace suits me.
public_06,train,syn_9dec44b53690b4c6e6b2ecf6f1f394bd,30,authored_templates_not_real_transcripts,4,assistant,How do you tend to spend free time?
public_06,train,syn_9dec44b53690b4c6e6b2ecf6f1f394bd,30,authored_templates_not_real_transcripts,5,user,I usually prefer a quiet evening.
public_06,train,syn_9dec44b53690b4c6e6b2ecf6f1f394bd,30,authored_templates_not_real_transcripts,6,assistant,What kinds of conversation do you enjoy?
public_06,train,syn_9dec44b53690b4c6e6b2ecf6f1f394bd,30,authored_templates_not_real_transcripts,7,user,I like a playful conversation.
public_06,train,syn_9cdb9573c5fed332f85c714a6df25f01,30,authored_templates_not_real_transcripts,0,assistant,What are you hoping to find?
public_06,train,syn_9cdb9573c5fed332f85c714a6df25f01,30,authored_templates_not_real_transcripts,1,user,I am still working out what I want.
public_06,train,syn_9cdb9573c5fed332f85c714a6df25f01,30,authored_templates_not_real_transcripts,2,assistant,What pace feels comfortable?
public_06,train,syn_9cdb9573c5fed332f85c714a6df25f01,30,authored_templates_not_real_transcripts,3,user,I prefer to get to know someone gradually.
public_06,train,syn_9cdb9573c5fed332f85c714a6df25f01,30,authored_templates_not_real_transcripts,4,assistant,How do you tend to spend free time?
public_06,train,syn_9cdb9573c5fed332f85c714a6df25f01,30,authored_templates_not_real_transcripts,5,user,I usually prefer a quiet evening.
public_06,train,syn_9cdb9573c5fed332f85c714a6df25f01,30,authored_templates_not_real_transcripts,6,assistant,What kinds of conversation do you enjoy?
public_06,train,syn_9cdb9573c5fed332f85c714a6df25f01,30,authored_templates_not_real_transcripts,7,user,I enjoy talking about ideas.
public_06,train,syn_d85b1cfe689749e68d827dabe1af349e,30,authored_templates_not_real_transcripts,0,assistant,What are you hoping to find?
public_06,train,syn_d85b1cfe689749e68d827dabe1af349e,30,authored_templates_not_real_transcripts,1,user,I am still working out what I want.
public_06,train,syn_d85b1cfe689749e68d827dabe1af349e,30,authored_templates_not_real_transcripts,2,assistant,What pace feels comfortable?
public_06,train,syn_d85b1cfe689749e68d827dabe1af349e,30,authored_templates_not_real_transcripts,3,user,I am comfortable meeting fairly soon.
public_06,train,syn_d85b1cfe689749e68d827dabe1af349e,30,authored_templates_not_real_transcripts,4,assistant,How do you tend to spend free time?
public_06,train,syn_d85b1cfe689749e68d827dabe1af349e,30,authored_templates_not_real_transcripts,5,user,I like a mixture of quiet time and seeing people.
public_06,train,syn_d85b1cfe689749e68d827dabe1af349e,30,authored_templates_not_real_transcripts,6,assistant,What kinds of conversation do you enjoy?
public_06,train,syn_d85b1cfe689749e68d827dabe1af349e,30,authored_templates_not_real_transcripts,7,user,I like hearing the stories behind things.
public_06,train,syn_874aa1f7444aedde4616b5afa4bdfe8e,30,authored_templates_not_real_transcripts,0,assistant,How do you tend to spend free time?
public_06,train,syn_874aa1f7444aedde4616b5afa4bdfe8e,30,authored_templates_not_real_transcripts,1,user,I usually prefer a quiet evening.
public_06,train,syn_9d9e4383c1b8cda1a8bf9b68a4962538,30,authored_templates_not_real_transcripts,0,assistant,What are you hoping to find?
public_06,train,syn_9d9e4383c1b8cda1a8bf9b68a4962538,30,authored_templates_not_real_transcripts,1,user,I would like to build a lasting relationship.
public_06,train,syn_9d9e4383c1b8cda1a8bf9b68a4962538,30,authored_templates_not_real_transcripts,2,assistant,What pace feels comfortable?
public_06,train,syn_9d9e4383c1b8cda1a8bf9b68a4962538,30,authored_templates_not_real_transcripts,3,user,I am comfortable meeting fairly soon.
public_06,train,syn_9d9e4383c1b8cda1a8bf9b68a4962538,30,authored_templates_not_real_transcripts,4,assistant,How do you tend to spend free time?
public_06,train,syn_9d9e4383c1b8cda1a8bf9b68a4962538,30,authored_templates_not_real_transcripts,5,user,I enjoy having plans with people.
public_06,train,syn_9d9e4383c1b8cda1a8bf9b68a4962538,30,authored_templates_not_real_transcripts,6,assistant,What kinds of conversation do you enjoy?
public_06,train,syn_9d9e4383c1b8cda1a8bf9b68a4962538,30,authored_templates_not_real_transcripts,7,user,I like a playful conversation.
public_06,train,syn_9056797104d44cc206fb7d6a40065c70,30,authored_templates_not_real_transcripts,0,assistant,What are you hoping to find?
public_06,train,syn_9056797104d44cc206fb7d6a40065c70,30,authored_templates_not_real_transcripts,1,user,I am still working out what I want.
public_06,train,syn_9056797104d44cc206fb7d6a40065c70,30,authored_templates_not_real_transcripts,2,assistant,What pace feels comfortable?
public_06,train,syn_9056797104d44cc206fb7d6a40065c70,30,authored_templates_not_real_transcripts,3,user,A steady pace suits me.
public_06,train,syn_9056797104d44cc206fb7d6a40065c70,30,authored_templates_not_real_transcripts,4,assistant,How do you tend to spend free time?
public_06,train,syn_9056797104d44cc206fb7d6a40065c70,30,authored_templates_not_real_transcripts,5,user,I enjoy having plans with people.
public_06,train,syn_9056797104d44cc206fb7d6a40065c70,30,authored_templates_not_real_transcripts,6,assistant,What kinds of conversation do you enjoy?
public_06,train,syn_9056797104d44cc206fb7d6a40065c70,30,authored_templates_not_real_transcripts,7,user,I enjoy talking about ideas.
public_06,train,syn_3c891a0957e43e64579ce9365d7e1834,30,authored_templates_not_real_transcripts,0,assistant,What are you hoping to find?
public_06,train,syn_3c891a0957e43e64579ce9365d7e1834,30,authored_templates_not_real_transcripts,1,user,I am still working out what I want.
public_06,train,syn_f4164bbe42312618163053fb76364146,30,authored_templates_not_real_transcripts,0,assistant,What are you hoping to find?
public_06,train,syn_f4164bbe42312618163053fb76364146,30,authored_templates_not_real_transcripts,1,user,I would like to build a lasting relationship.
public_06,train,syn_f4164bbe42312618163053fb76364146,30,authored_templates_not_real_transcripts,2,assistant,What pace feels comfortable?
public_06,train,syn_f4164bbe42312618163053fb76364146,30,authored_templates_not_real_transcripts,3,user,I prefer to get to know someone gradually.
public_06,train,syn_f4164bbe42312618163053fb76364146,30,authored_templates_not_real_transcripts,4,assistant,How do you tend to spend free time?
public_06,train,syn_f4164bbe42312618163053fb76364146,30,authored_templates_not_real_transcripts,5,user,I enjoy having plans with people.
public_06,train,syn_f4164bbe42312618163053fb76364146,30,authored_templates_not_real_transcripts,6,assistant,What kinds of conversation do you enjoy?
public_06,train,syn_f4164bbe42312618163053fb76364146,30,authored_templates_not_real_transcripts,7,user,I like hearing the stories behind things.
public_06,train,syn_e0fe48d89f161d202dcba127b072f2ac,30,authored_templates_not_real_transcripts,0,assistant,What pace feels comfortable?
public_06,train,syn_e0fe48d89f161d202dcba127b072f2ac,30,authored_templates_not_real_transcripts,1,user,A steady pace suits me.
public_06,train,syn_9ffbcbd4f54cb0bd93aca0eaa039820f,30,authored_templates_not_real_transcripts,0,assistant,What kinds of conversation do you enjoy?
public_06,train,syn_9ffbcbd4f54cb0bd93aca0eaa039820f,30,authored_templates_not_real_transcripts,1,user,I like hearing the stories behind things.
public_06,train,syn_bbe8f0d4f0d157a59fcaa9a37038d577,30,authored_templates_not_real_transcripts,0,assistant,What are you hoping to find?
public_06,train,syn_bbe8f0d4f0d157a59fcaa9a37038d577,30,authored_templates_not_real_transcripts,1,user,I would like to build a lasting relationship.
public_06,train,syn_cee28e981f0ff4073e1a8c3843f6d236,30,authored_templates_not_real_transcripts,0,assistant,What are you hoping to find?
public_06,train,syn_cee28e981f0ff4073e1a8c3843f6d236,30,authored_templates_not_real_transcripts,1,user,I would like to build a lasting relationship.
public_06,train,syn_cee28e981f0ff4073e1a8c3843f6d236,30,authored_templates_not_real_transcripts,2,assistant,What pace feels comfortable?
public_06,train,syn_cee28e981f0ff4073e1a8c3843f6d236,30,authored_templates_not_real_transcripts,3,user,I am comfortable meeting fairly soon.
public_06,train,syn_cee28e981f0ff4073e1a8c3843f6d236,30,authored_templates_not_real_transcripts,4,assistant,How do you tend to spend free time?
public_06,train,syn_cee28e981f0ff4073e1a8c3843f6d236,30,authored_templates_not_real_transcripts,5,user,I like a mixture of quiet time and seeing people.
public_06,train,syn_cee28e981f0ff4073e1a8c3843f6d236,30,authored_templates_not_real_transcripts,6,assistant,What kinds of conversation do you enjoy?
public_06,train,syn_cee28e981f0ff4073e1a8c3843f6d236,30,authored_templates_not_real_transcripts,7,user,I like hearing the stories behind things.
public_06,train,syn_2691651974d7edae65d95bf3c9a64895,30,authored_templates_not_real_transcripts,0,assistant,How do you tend to spend free time?
public_06,train,syn_2691651974d7edae65d95bf3c9a64895,30,authored_templates_not_real_transcripts,1,user,I enjoy having plans with people.
public_06,train,syn_aa3d80edea1241f57f76f9cf8c7a6d7a,30,authored_templates_not_real_transcripts,0,assistant,What are you hoping to find?
public_06,train,syn_aa3d80edea1241f57f76f9cf8c7a6d7a,30,authored_templates_not_real_transcripts,1,user,I am still working out what I want.
public_06,train,syn_aa3d80edea1241f57f76f9cf8c7a6d7a,30,authored_templates_not_real_transcripts,2,assistant,What pace feels comfortable?
public_06,train,syn_aa3d80edea1241f57f76f9cf8c7a6d7a,30,authored_templates_not_real_transcripts,3,user,I am comfortable meeting fairly soon.
public_06,train,syn_aa3d80edea1241f57f76f9cf8c7a6d7a,30,authored_templates_not_real_transcripts,4,assistant,How do you tend to spend free time?
public_06,train,syn_aa3d80edea1241f57f76f9cf8c7a6d7a,30,authored_templates_not_real_transcripts,5,user,I like a mixture of quiet time and seeing people.
public_06,train,syn_aa3d80edea1241f57f76f9cf8c7a6d7a,30,authored_templates_not_real_transcripts,6,assistant,What kinds of conversation do you enjoy?
public_06,train,syn_aa3d80edea1241f57f76f9cf8c7a6d7a,30,authored_templates_not_real_transcripts,7,user,I like a playful conversation.
public_06,train,syn_8362f407ece84c7903155eb4171025ac,30,authored_templates_not_real_transcripts,0,assistant,What are you hoping to find?
public_06,train,syn_8362f407ece84c7903155eb4171025ac,30,authored_templates_not_real_transcripts,1,user,I am still working out what I want.
public_06,train,syn_8362f407ece84c7903155eb4171025ac,30,authored_templates_not_real_transcripts,2,assistant,What pace feels comfortable?
public_06,train,syn_8362f407ece84c7903155eb4171025ac,30,authored_templates_not_real_transcripts,3,user,I am comfortable meeting fairly soon.
public_06,train,syn_8362f407ece84c7903155eb4171025ac,30,authored_templates_not_real_transcripts,4,assistant,How do you tend to spend free time?
public_06,train,syn_8362f407ece84c7903155eb4171025ac,30,authored_templates_not_real_transcripts,5,user,I enjoy having plans with people.
public_06,train,syn_8362f407ece84c7903155eb4171025ac,30,authored_templates_not_real_transcripts,6,assistant,What kinds of conversation do you enjoy?
public_06,train,syn_8362f407ece84c7903155eb4171025ac,30,authored_templates_not_real_transcripts,7,user,I enjoy working through practical questions.
public_06,train,syn_a800c4360c4c83b1f3060ffd5dbcba75,30,authored_templates_not_real_transcripts,0,assistant,What are you hoping to find?
public_06,train,syn_a800c4360c4c83b1f3060ffd5dbcba75,30,authored_templates_not_real_transcripts,1,user,I would like to build a lasting relationship.
public_06,train,syn_a800c4360c4c83b1f3060ffd5dbcba75,30,authored_templates_not_real_transcripts,2,assistant,What pace feels comfortable?
public_06,train,syn_a800c4360c4c83b1f3060ffd5dbcba75,30,authored_templates_not_real_transcripts,3,user,I prefer to get to know someone gradually.
public_06,train,syn_a800c4360c4c83b1f3060ffd5dbcba75,30,authored_templates_not_real_transcripts,4,assistant,How do you tend to spend free time?
public_06,train,syn_a800c4360c4c83b1f3060ffd5dbcba75,30,authored_templates_not_real_transcripts,5,user,I enjoy having plans with people.
public_06,train,syn_a800c4360c4c83b1f3060ffd5dbcba75,30,authored_templates_not_real_transcripts,6,assistant,What kinds of conversation do you enjoy?
public_06,train,syn_a800c4360c4c83b1f3060ffd5dbcba75,30,authored_templates_not_real_transcripts,7,user,I enjoy working through practical questions.
public_06,train,syn_87fac55a1a72663692d6c80082108bb8,30,authored_templates_not_real_transcripts,0,assistant,What are you hoping to find?
public_06,train,syn_87fac55a1a72663692d6c80082108bb8,30,authored_templates_not_real_transcripts,1,user,I am still working out what I want.
public_06,train,syn_87fac55a1a72663692d6c80082108bb8,30,authored_templates_not_real_transcripts,2,assistant,What pace feels comfortable?
public_06,train,syn_87fac55a1a72663692d6c80082108bb8,30,authored_templates_not_real_transcripts,3,user,A steady pace suits me.
public_06,train,syn_87fac55a1a72663692d6c80082108bb8,30,authored_templates_not_real_transcripts,4,assistant,How do you tend to spend free time?
public_06,train,syn_87fac55a1a72663692d6c80082108bb8,30,authored_templates_not_real_transcripts,5,user,I like a mixture of quiet time and seeing people.
public_06,train,syn_87fac55a1a72663692d6c80082108bb8,30,authored_templates_not_real_transcripts,6,assistant,What kinds of conversation do you enjoy?
public_06,train,syn_87fac55a1a72663692d6c80082108bb8,30,authored_templates_not_real_transcripts,7,user,I like hearing the stories behind things.
public_06,train,syn_1adde579a5eeb204b7478755fdb6e1c0,30,authored_templates_not_real_transcripts,0,assistant,What kinds of conversation do you enjoy?
public_06,train,syn_1adde579a5eeb204b7478755fdb6e1c0,30,authored_templates_not_real_transcripts,1,user,I enjoy working through practical questions.
public_06,train,syn_c2505ada93c7004bbe413a93b83f5d22,30,authored_templates_not_real_transcripts,0,assistant,What pace feels comfortable?
public_06,train,syn_c2505ada93c7004bbe413a93b83f5d22,30,authored_templates_not_real_transcripts,1,user,I am comfortable meeting fairly soon.
public_06,train,syn_d13cdac51dea7ea75c175bebccc25d91,30,authored_templates_not_real_transcripts,0,assistant,What are you hoping to find?
public_06,train,syn_d13cdac51dea7ea75c175bebccc25d91,30,authored_templates_not_real_transcripts,1,user,I would like to build a lasting relationship.
public_06,train,syn_d13cdac51dea7ea75c175bebccc25d91,30,authored_templates_not_real_transcripts,2,assistant,What pace feels comfortable?
public_06,train,syn_d13cdac51dea7ea75c175bebccc25d91,30,authored_templates_not_real_transcripts,3,user,I prefer to get to know someone gradually.
public_06,train,syn_d13cdac51dea7ea75c175bebccc25d91,30,authored_templates_not_real_transcripts,4,assistant,How do you tend to spend free time?
public_06,train,syn_d13cdac51dea7ea75c175bebccc25d91,30,authored_templates_not_real_transcripts,5,user,I usually prefer a quiet evening.
public_06,train,syn_d13cdac51dea7ea75c175bebccc25d91,30,authored_templates_not_real_transcripts,6,assistant,What kinds of conversation do you enjoy?
public_06,train,syn_d13cdac51dea7ea75c175bebccc25d91,30,authored_templates_not_real_transcripts,7,user,I like hearing the stories behind things.
public_06,train,syn_349ee7b01e38dcc698383eb00c1dd3bc,30,authored_templates_not_real_transcripts,0,assistant,What are you hoping to find?
public_06,train,syn_349ee7b01e38dcc698383eb00c1dd3bc,30,authored_templates_not_real_transcripts,1,user,I am still working out what I want.
public_06,train,syn_349ee7b01e38dcc698383eb00c1dd3bc,30,authored_templates_not_real_transcripts,2,assistant,What pace feels comfortable?
public_06,train,syn_349ee7b01e38dcc698383eb00c1dd3bc,30,authored_templates_not_real_transcripts,3,user,I prefer to get to know someone gradually.
public_06,train,syn_f20e223709cb90042dab9f18fbeaba8c,30,authored_templates_not_real_transcripts,0,assistant,What are you hoping to find?
public_06,train,syn_f20e223709cb90042dab9f18fbeaba8c,30,authored_templates_not_real_transcripts,1,user,I would like to build a lasting relationship.
public_06,train,syn_f20e223709cb90042dab9f18fbeaba8c,30,authored_templates_not_real_transcripts,2,assistant,What pace feels comfortable?
public_06,train,syn_f20e223709cb90042dab9f18fbeaba8c,30,authored_templates_not_real_transcripts,3,user,A steady pace suits me.
public_06,train,syn_f20e223709cb90042dab9f18fbeaba8c,30,authored_templates_not_real_transcripts,4,assistant,How do you tend to spend free time?
public_06,train,syn_f20e223709cb90042dab9f18fbeaba8c,30,authored_templates_not_real_transcripts,5,user,I enjoy having plans with people.
public_06,train,syn_f20e223709cb90042dab9f18fbeaba8c,30,authored_templates_not_real_transcripts,6,assistant,What kinds of conversation do you enjoy?
public_06,train,syn_f20e223709cb90042dab9f18fbeaba8c,30,authored_templates_not_real_transcripts,7,user,I like hearing the stories behind things.
public_06,train,syn_fbbb86a63551cd904716048e53130b3f,30,authored_templates_not_real_transcripts,0,assistant,What are you hoping to find?
public_06,train,syn_fbbb86a63551cd904716048e53130b3f,30,authored_templates_not_real_transcripts,1,user,I am still working out what I want.
public_06,train,syn_fbbb86a63551cd904716048e53130b3f,30,authored_templates_not_real_transcripts,2,assistant,What pace feels comfortable?
public_06,train,syn_fbbb86a63551cd904716048e53130b3f,30,authored_templates_not_real_transcripts,3,user,I am comfortable meeting fairly soon.
public_06,train,syn_fbbb86a63551cd904716048e53130b3f,30,authored_templates_not_real_transcripts,4,assistant,How do you tend to spend free time?
public_06,train,syn_fbbb86a63551cd904716048e53130b3f,30,authored_templates_not_real_transcripts,5,user,I usually prefer a quiet evening.
public_06,train,syn_fbbb86a63551cd904716048e53130b3f,30,authored_templates_not_real_transcripts,6,assistant,What kinds of conversation do you enjoy?
public_06,train,syn_fbbb86a63551cd904716048e53130b3f,30,authored_templates_not_real_transcripts,7,user,I like a playful conversation.
public_06,train,syn_ee2c03fd8f21082d61fb8a222cf67af1,30,authored_templates_not_real_transcripts,0,assistant,What kinds of conversation do you enjoy?
public_06,train,syn_ee2c03fd8f21082d61fb8a222cf67af1,30,authored_templates_not_real_transcripts,1,user,I like a playful conversation.
public_06,train,syn_53c01775b662b8bc6cb3cf73dd48344a,30,authored_templates_not_real_transcripts,0,assistant,What are you hoping to find?
public_06,train,syn_53c01775b662b8bc6cb3cf73dd48344a,30,authored_templates_not_real_transcripts,1,user,I am still working out what I want.
public_06,train,syn_53c01775b662b8bc6cb3cf73dd48344a,30,authored_templates_not_real_transcripts,2,assistant,What pace feels comfortable?
public_06,train,syn_53c01775b662b8bc6cb3cf73dd48344a,30,authored_templates_not_real_transcripts,3,user,A steady pace suits me.
public_06,train,syn_53c01775b662b8bc6cb3cf73dd48344a,30,authored_templates_not_real_transcripts,4,assistant,How do you tend to spend free time?
public_06,train,syn_53c01775b662b8bc6cb3cf73dd48344a,30,authored_templates_not_real_transcripts,5,user,I like a mixture of quiet time and seeing people.
public_06,train,syn_53c01775b662b8bc6cb3cf73dd48344a,30,authored_templates_not_real_transcripts,6,assistant,What kinds of conversation do you enjoy?
public_06,train,syn_53c01775b662b8bc6cb3cf73dd48344a,30,authored_templates_not_real_transcripts,7,user,I enjoy talking about ideas.
public_06,train,syn_0383713d5892e823a52a731095f3b0af,30,authored_templates_not_real_transcripts,0,assistant,What kinds of conversation do you enjoy?
public_06,train,syn_0383713d5892e823a52a731095f3b0af,30,authored_templates_not_real_transcripts,1,user,I like a playful conversation.
public_06,train,syn_4f884b21fd65b880fb4ed247bc8a8e3c,30,authored_templates_not_real_transcripts,0,assistant,What kinds of conversation do you enjoy?
public_06,train,syn_4f884b21fd65b880fb4ed247bc8a8e3c,30,authored_templates_not_real_transcripts,1,user,I enjoy talking about ideas.
public_06,train,syn_f51e305074f2b275d78613115473e28b,30,authored_templates_not_real_transcripts,0,assistant,What are you hoping to find?
public_06,train,syn_f51e305074f2b275d78613115473e28b,30,authored_templates_not_real_transcripts,1,user,I am still working out what I want.
public_06,train,syn_f51e305074f2b275d78613115473e28b,30,authored_templates_not_real_transcripts,2,assistant,What pace feels comfortable?
public_06,train,syn_f51e305074f2b275d78613115473e28b,30,authored_templates_not_real_transcripts,3,user,I prefer to get to know someone gradually.
public_06,train,syn_f51e305074f2b275d78613115473e28b,30,authored_templates_not_real_transcripts,4,assistant,How do you tend to spend free time?
public_06,train,syn_f51e305074f2b275d78613115473e28b,30,authored_templates_not_real_transcripts,5,user,I like a mixture of quiet time and seeing people.
public_06,train,syn_f51e305074f2b275d78613115473e28b,30,authored_templates_not_real_transcripts,6,assistant,What kinds of conversation do you enjoy?
public_06,train,syn_f51e305074f2b275d78613115473e28b,30,authored_templates_not_real_transcripts,7,user,I enjoy working through practical questions.
public_06,train,syn_d5c5da583d6394f2409e606577809ebe,30,authored_templates_not_real_transcripts,0,assistant,What are you hoping to find?
public_06,train,syn_d5c5da583d6394f2409e606577809ebe,30,authored_templates_not_real_transcripts,1,user,I would like to build a lasting relationship.
public_06,train,syn_d96ddd3e231173bc6e77ac89de879139,30,authored_templates_not_real_transcripts,0,assistant,What are you hoping to find?
public_06,train,syn_d96ddd3e231173bc6e77ac89de879139,30,authored_templates_not_real_transcripts,1,user,I am still working out what I want.
public_06,train,syn_d96ddd3e231173bc6e77ac89de879139,30,authored_templates_not_real_transcripts,2,assistant,What pace feels comfortable?
public_06,train,syn_d96ddd3e231173bc6e77ac89de879139,30,authored_templates_not_real_transcripts,3,user,I prefer to get to know someone gradually.
public_06,train,syn_d96ddd3e231173bc6e77ac89de879139,30,authored_templates_not_real_transcripts,4,assistant,How do you tend to spend free time?
public_06,train,syn_d96ddd3e231173bc6e77ac89de879139,30,authored_templates_not_real_transcripts,5,user,I like a mixture of quiet time and seeing people.
public_06,train,syn_d96ddd3e231173bc6e77ac89de879139,30,authored_templates_not_real_transcripts,6,assistant,What kinds of conversation do you enjoy?
public_06,train,syn_d96ddd3e231173bc6e77ac89de879139,30,authored_templates_not_real_transcripts,7,user,I like a playful conversation.
public_06,train,syn_ce6e46a4d61e6c4dec59accde0834b51,30,authored_templates_not_real_transcripts,0,assistant,What are you hoping to find?
public_06,train,syn_ce6e46a4d61e6c4dec59accde0834b51,30,authored_templates_not_real_transcripts,1,user,I am still working out what I want.
public_06,train,syn_ce6e46a4d61e6c4dec59accde0834b51,30,authored_templates_not_real_transcripts,2,assistant,What pace feels comfortable?
public_06,train,syn_ce6e46a4d61e6c4dec59accde0834b51,30,authored_templates_not_real_transcripts,3,user,I prefer to get to know someone gradually.
public_06,train,syn_ce6e46a4d61e6c4dec59accde0834b51,30,authored_templates_not_real_transcripts,4,assistant,How do you tend to spend free time?
public_06,train,syn_ce6e46a4d61e6c4dec59accde0834b51,30,authored_templates_not_real_transcripts,5,user,I like a mixture of quiet time and seeing people.
public_06,train,syn_ce6e46a4d61e6c4dec59accde0834b51,30,authored_templates_not_real_transcripts,6,assistant,What kinds of conversation do you enjoy?
public_06,train,syn_ce6e46a4d61e6c4dec59accde0834b51,30,authored_templates_not_real_transcripts,7,user,I enjoy working through practical questions.
public_06,train,syn_3cb34ced71bf5b819b06d1a5c6c2a614,30,authored_templates_not_real_transcripts,0,assistant,How do you tend to spend free time?
public_06,train,syn_3cb34ced71bf5b819b06d1a5c6c2a614,30,authored_templates_not_real_transcripts,1,user,I enjoy having plans with people.
public_06,train,syn_753f66768c1fc72197f73090e0d6fc62,30,authored_templates_not_real_transcripts,0,assistant,What are you hoping to find?
public_06,train,syn_753f66768c1fc72197f73090e0d6fc62,30,authored_templates_not_real_transcripts,1,user,I am still working out what I want.
public_06,train,syn_753f66768c1fc72197f73090e0d6fc62,30,authored_templates_not_real_transcripts,2,assistant,What pace feels comfortable?
public_06,train,syn_753f66768c1fc72197f73090e0d6fc62,30,authored_templates_not_real_transcripts,3,user,I prefer to get to know someone gradually.
public_06,train,syn_753f66768c1fc72197f73090e0d6fc62,30,authored_templates_not_real_transcripts,4,assistant,How do you tend to spend free time?
public_06,train,syn_753f66768c1fc72197f73090e0d6fc62,30,authored_templates_not_real_transcripts,5,user,I enjoy having plans with people.
public_06,train,syn_753f66768c1fc72197f73090e0d6fc62,30,authored_templates_not_real_transcripts,6,assistant,What kinds of conversation do you enjoy?
public_06,train,syn_753f66768c1fc72197f73090e0d6fc62,30,authored_templates_not_real_transcripts,7,user,I like a playful conversation.
public_06,train,syn_0854d44af913f675049a173b3addf2a9,30,authored_templates_not_real_transcripts,0,assistant,What are you hoping to find?
public_06,train,syn_0854d44af913f675049a173b3addf2a9,30,authored_templates_not_real_transcripts,1,user,I would like to build a lasting relationship.
public_06,train,syn_0854d44af913f675049a173b3addf2a9,30,authored_templates_not_real_transcripts,2,assistant,What pace feels comfortable?
public_06,train,syn_0854d44af913f675049a173b3addf2a9,30,authored_templates_not_real_transcripts,3,user,A steady pace suits me.
public_06,train,syn_0854d44af913f675049a173b3addf2a9,30,authored_templates_not_real_transcripts,4,assistant,How do you tend to spend free time?
public_06,train,syn_0854d44af913f675049a173b3addf2a9,30,authored_templates_not_real_transcripts,5,user,I enjoy having plans with people.
public_06,train,syn_0854d44af913f675049a173b3addf2a9,30,authored_templates_not_real_transcripts,6,assistant,What kinds of conversation do you enjoy?
public_06,train,syn_0854d44af913f675049a173b3addf2a9,30,authored_templates_not_real_transcripts,7,user,I enjoy talking about ideas.
public_06,train,syn_80e68238319e11f1b8d38bc3e38deaec,30,authored_templates_not_real_transcripts,0,assistant,What are you hoping to find?
public_06,train,syn_80e68238319e11f1b8d38bc3e38deaec,30,authored_templates_not_real_transcripts,1,user,I am still working out what I want.
public_06,train,syn_80e68238319e11f1b8d38bc3e38deaec,30,authored_templates_not_real_transcripts,2,assistant,What pace feels comfortable?
public_06,train,syn_80e68238319e11f1b8d38bc3e38deaec,30,authored_templates_not_real_transcripts,3,user,I am comfortable meeting fairly soon.
public_06,train,syn_80e68238319e11f1b8d38bc3e38deaec,30,authored_templates_not_real_transcripts,4,assistant,How do you tend to spend free time?
public_06,train,syn_80e68238319e11f1b8d38bc3e38deaec,30,authored_templates_not_real_transcripts,5,user,I enjoy having plans with people.
public_06,train,syn_80e68238319e11f1b8d38bc3e38deaec,30,authored_templates_not_real_transcripts,6,assistant,What kinds of conversation do you enjoy?
public_06,train,syn_80e68238319e11f1b8d38bc3e38deaec,30,authored_templates_not_real_transcripts,7,user,I enjoy working through practical questions.
public_06,train,syn_901a8836b1a83cdffbdfc020bb2dc0bc,30,authored_templates_not_real_transcripts,0,assistant,What kinds of conversation do you enjoy?
public_06,train,syn_901a8836b1a83cdffbdfc020bb2dc0bc,30,authored_templates_not_real_transcripts,1,user,I enjoy talking about ideas.
public_06,train,syn_ec2fca1280d8acad46f7485b4646dfb3,30,authored_templates_not_real_transcripts,0,assistant,What are you hoping to find?
public_06,train,syn_ec2fca1280d8acad46f7485b4646dfb3,30,authored_templates_not_real_transcripts,1,user,I am still working out what I want.
public_06,train,syn_ec2fca1280d8acad46f7485b4646dfb3,30,authored_templates_not_real_transcripts,2,assistant,What pace feels comfortable?
public_06,train,syn_ec2fca1280d8acad46f7485b4646dfb3,30,authored_templates_not_real_transcripts,3,user,A steady pace suits me.
public_06,train,syn_ec2fca1280d8acad46f7485b4646dfb3,30,authored_templates_not_real_transcripts,4,assistant,How do you tend to spend free time?
public_06,train,syn_ec2fca1280d8acad46f7485b4646dfb3,30,authored_templates_not_real_transcripts,5,user,I usually prefer a quiet evening.
public_06,train,syn_ec2fca1280d8acad46f7485b4646dfb3,30,authored_templates_not_real_transcripts,6,assistant,What kinds of conversation do you enjoy?
public_06,train,syn_ec2fca1280d8acad46f7485b4646dfb3,30,authored_templates_not_real_transcripts,7,user,I enjoy talking about ideas.
public_06,train,syn_be2c8bae061748fca7d24c48c59cb43d,30,authored_templates_not_real_transcripts,0,assistant,What are you hoping to find?
public_06,train,syn_be2c8bae061748fca7d24c48c59cb43d,30,authored_templates_not_real_transcripts,1,user,I am still working out what I want.
public_06,train,syn_bdd8278c4e59668858d88e52cad54fd7,30,authored_templates_not_real_transcripts,0,assistant,What pace feels comfortable?
public_06,train,syn_bdd8278c4e59668858d88e52cad54fd7,30,authored_templates_not_real_transcripts,1,user,I prefer to get to know someone gradually.
public_06,train,syn_bdd8278c4e59668858d88e52cad54fd7,30,authored_templates_not_real_transcripts,2,assistant,What kinds of conversation do you enjoy?
public_06,train,syn_bdd8278c4e59668858d88e52cad54fd7,30,authored_templates_not_real_transcripts,3,user,I enjoy talking about ideas.
public_06,train,syn_96650406cffe05fc6607260fab9bdab2,30,authored_templates_not_real_transcripts,0,assistant,What are you hoping to find?
public_06,train,syn_96650406cffe05fc6607260fab9bdab2,30,authored_templates_not_real_transcripts,1,user,I would like to build a lasting relationship.
public_06,train,syn_96650406cffe05fc6607260fab9bdab2,30,authored_templates_not_real_transcripts,2,assistant,What pace feels comfortable?
public_06,train,syn_96650406cffe05fc6607260fab9bdab2,30,authored_templates_not_real_transcripts,3,user,I am comfortable meeting fairly soon.
public_06,train,syn_96650406cffe05fc6607260fab9bdab2,30,authored_templates_not_real_transcripts,4,assistant,How do you tend to spend free time?
public_06,train,syn_96650406cffe05fc6607260fab9bdab2,30,authored_templates_not_real_transcripts,5,user,I like a mixture of quiet time and seeing people.
public_06,train,syn_96650406cffe05fc6607260fab9bdab2,30,authored_templates_not_real_transcripts,6,assistant,What kinds of conversation do you enjoy?
public_06,train,syn_96650406cffe05fc6607260fab9bdab2,30,authored_templates_not_real_transcripts,7,user,I like a playful conversation.
public_06,train,syn_0c76ae3c872b370a16ecfc9e4dc86d93,30,authored_templates_not_real_transcripts,0,assistant,What are you hoping to find?
public_06,train,syn_0c76ae3c872b370a16ecfc9e4dc86d93,30,authored_templates_not_real_transcripts,1,user,I am still working out what I want.
public_06,train,syn_0c76ae3c872b370a16ecfc9e4dc86d93,30,authored_templates_not_real_transcripts,2,assistant,What pace feels comfortable?
public_06,train,syn_0c76ae3c872b370a16ecfc9e4dc86d93,30,authored_templates_not_real_transcripts,3,user,A steady pace suits me.
public_06,train,syn_0c76ae3c872b370a16ecfc9e4dc86d93,30,authored_templates_not_real_transcripts,4,assistant,How do you tend to spend free time?
public_06,train,syn_0c76ae3c872b370a16ecfc9e4dc86d93,30,authored_templates_not_real_transcripts,5,user,I like a mixture of quiet time and seeing people.
public_06,train,syn_0c76ae3c872b370a16ecfc9e4dc86d93,30,authored_templates_not_real_transcripts,6,assistant,What kinds of conversation do you enjoy?
public_06,train,syn_0c76ae3c872b370a16ecfc9e4dc86d93,30,authored_templates_not_real_transcripts,7,user,I enjoy working through practical questions.
public_06,train,syn_9ab0c17f050608c3c92c283ce83ff9ac,30,authored_templates_not_real_transcripts,0,assistant,What are you hoping to find?
public_06,train,syn_9ab0c17f050608c3c92c283ce83ff9ac,30,authored_templates_not_real_transcripts,1,user,I am still working out what I want.
public_06,train,syn_9ab0c17f050608c3c92c283ce83ff9ac,30,authored_templates_not_real_transcripts,2,assistant,What pace feels comfortable?
public_06,train,syn_9ab0c17f050608c3c92c283ce83ff9ac,30,authored_templates_not_real_transcripts,3,user,I am comfortable meeting fairly soon.
public_06,train,syn_f5f64a7cff02dde0d10de1e8e2b33e10,30,authored_templates_not_real_transcripts,0,assistant,What are you hoping to find?
public_06,train,syn_f5f64a7cff02dde0d10de1e8e2b33e10,30,authored_templates_not_real_transcripts,1,user,I am still working out what I want.
public_06,train,syn_f5f64a7cff02dde0d10de1e8e2b33e10,30,authored_templates_not_real_transcripts,2,assistant,What pace feels comfortable?
public_06,train,syn_f5f64a7cff02dde0d10de1e8e2b33e10,30,authored_templates_not_real_transcripts,3,user,A steady pace suits me.
public_06,train,syn_f5f64a7cff02dde0d10de1e8e2b33e10,30,authored_templates_not_real_transcripts,4,assistant,How do you tend to spend free time?
public_06,train,syn_f5f64a7cff02dde0d10de1e8e2b33e10,30,authored_templates_not_real_transcripts,5,user,I like a mixture of quiet time and seeing people.
public_06,train,syn_f5f64a7cff02dde0d10de1e8e2b33e10,30,authored_templates_not_real_transcripts,6,assistant,What kinds of conversation do you enjoy?
public_06,train,syn_f5f64a7cff02dde0d10de1e8e2b33e10,30,authored_templates_not_real_transcripts,7,user,I like a playful conversation.
public_06,train,syn_8260455eb59a52afc98cccf5d43808c8,30,authored_templates_not_real_transcripts,0,assistant,What are you hoping to find?
public_06,train,syn_8260455eb59a52afc98cccf5d43808c8,30,authored_templates_not_real_transcripts,1,user,I would like to build a lasting relationship.
public_06,train,syn_8260455eb59a52afc98cccf5d43808c8,30,authored_templates_not_real_transcripts,2,assistant,What pace feels comfortable?
public_06,train,syn_8260455eb59a52afc98cccf5d43808c8,30,authored_templates_not_real_transcripts,3,user,I prefer to get to know someone gradually.
public_06,train,syn_8260455eb59a52afc98cccf5d43808c8,30,authored_templates_not_real_transcripts,4,assistant,How do you tend to spend free time?
public_06,train,syn_8260455eb59a52afc98cccf5d43808c8,30,authored_templates_not_real_transcripts,5,user,I like a mixture of quiet time and seeing people.
public_06,train,syn_8260455eb59a52afc98cccf5d43808c8,30,authored_templates_not_real_transcripts,6,assistant,What kinds of conversation do you enjoy?
public_06,train,syn_8260455eb59a52afc98cccf5d43808c8,30,authored_templates_not_real_transcripts,7,user,I enjoy talking about ideas.
public_06,train,syn_95a1220a21174ade070572075afc93e5,30,authored_templates_not_real_transcripts,0,assistant,What are you hoping to find?
public_06,train,syn_95a1220a21174ade070572075afc93e5,30,authored_templates_not_real_transcripts,1,user,I would like to build a lasting relationship.
public_06,train,syn_95a1220a21174ade070572075afc93e5,30,authored_templates_not_real_transcripts,2,assistant,What pace feels comfortable?
public_06,train,syn_95a1220a21174ade070572075afc93e5,30,authored_templates_not_real_transcripts,3,user,I prefer to get to know someone gradually.
public_06,train,syn_95a1220a21174ade070572075afc93e5,30,authored_templates_not_real_transcripts,4,assistant,How do you tend to spend free time?
public_06,train,syn_95a1220a21174ade070572075afc93e5,30,authored_templates_not_real_transcripts,5,user,I usually prefer a quiet evening.
public_06,train,syn_95a1220a21174ade070572075afc93e5,30,authored_templates_not_real_transcripts,6,assistant,What kinds of conversation do you enjoy?
public_06,train,syn_95a1220a21174ade070572075afc93e5,30,authored_templates_not_real_transcripts,7,user,I enjoy talking about ideas.
public_06,train,syn_c5ec162573731c0198019a9438ab18ab,30,authored_templates_not_real_transcripts,0,assistant,What pace feels comfortable?
public_06,train,syn_c5ec162573731c0198019a9438ab18ab,30,authored_templates_not_real_transcripts,1,user,A steady pace suits me.
public_06,train,syn_c5ec162573731c0198019a9438ab18ab,30,authored_templates_not_real_transcripts,2,assistant,How do you tend to spend free time?
public_06,train,syn_c5ec162573731c0198019a9438ab18ab,30,authored_templates_not_real_transcripts,3,user,I usually prefer a quiet evening.
public_06,train,syn_c3a39370e7952af94fa22f429d9f014e,30,authored_templates_not_real_transcripts,0,assistant,What kinds of conversation do you enjoy?
public_06,train,syn_c3a39370e7952af94fa22f429d9f014e,30,authored_templates_not_real_transcripts,1,user,I like a playful conversation.
public_06,train,syn_845034097d8c47f2757680dbc7cac1f6,30,authored_templates_not_real_transcripts,0,assistant,What are you hoping to find?
public_06,train,syn_845034097d8c47f2757680dbc7cac1f6,30,authored_templates_not_real_transcripts,1,user,I am still working out what I want.
public_06,train,syn_845034097d8c47f2757680dbc7cac1f6,30,authored_templates_not_real_transcripts,2,assistant,What pace feels comfortable?
public_06,train,syn_845034097d8c47f2757680dbc7cac1f6,30,authored_templates_not_real_transcripts,3,user,A steady pace suits me.
public_06,train,syn_845034097d8c47f2757680dbc7cac1f6,30,authored_templates_not_real_transcripts,4,assistant,How do you tend to spend free time?
public_06,train,syn_845034097d8c47f2757680dbc7cac1f6,30,authored_templates_not_real_transcripts,5,user,I like a mixture of quiet time and seeing people.
public_06,train,syn_845034097d8c47f2757680dbc7cac1f6,30,authored_templates_not_real_transcripts,6,assistant,What kinds of conversation do you enjoy?
public_06,train,syn_845034097d8c47f2757680dbc7cac1f6,30,authored_templates_not_real_transcripts,7,user,I enjoy talking about ideas.
public_06,train,syn_a5d2278639bc1c355462bcaf347c3ee2,30,authored_templates_not_real_transcripts,0,assistant,How do you tend to spend free time?
public_06,train,syn_a5d2278639bc1c355462bcaf347c3ee2,30,authored_templates_not_real_transcripts,1,user,I enjoy having plans with people.
public_06,train,syn_a5d2278639bc1c355462bcaf347c3ee2,30,authored_templates_not_real_transcripts,2,assistant,What kinds of conversation do you enjoy?
public_06,train,syn_a5d2278639bc1c355462bcaf347c3ee2,30,authored_templates_not_real_transcripts,3,user,I like hearing the stories behind things.
public_06,train,syn_9980e3e0242698a3e3f72459b46ed573,30,authored_templates_not_real_transcripts,0,assistant,What are you hoping to find?
public_06,train,syn_9980e3e0242698a3e3f72459b46ed573,30,authored_templates_not_real_transcripts,1,user,I would like to build a lasting relationship.
public_06,train,syn_2eb0a1653a6bb5a8770d53e64bffba21,30,authored_templates_not_real_transcripts,0,assistant,What kinds of conversation do you enjoy?
public_06,train,syn_2eb0a1653a6bb5a8770d53e64bffba21,30,authored_templates_not_real_transcripts,1,user,I like hearing the stories behind things.
public_06,train,syn_4dc6f8d81157ec8663e938d6dc4d38be,30,authored_templates_not_real_transcripts,0,assistant,What pace feels comfortable?
public_06,train,syn_4dc6f8d81157ec8663e938d6dc4d38be,30,authored_templates_not_real_transcripts,1,user,I prefer to get to know someone gradually.
public_06,train,syn_77f8c51224c6d879f3277b212c06812d,30,authored_templates_not_real_transcripts,0,assistant,What are you hoping to find?
public_06,train,syn_77f8c51224c6d879f3277b212c06812d,30,authored_templates_not_real_transcripts,1,user,I would like to build a lasting relationship.
public_06,train,syn_3f8425ccd19a1308cd50bfe6286cdf0f,30,authored_templates_not_real_transcripts,0,assistant,What are you hoping to find?
public_06,train,syn_3f8425ccd19a1308cd50bfe6286cdf0f,30,authored_templates_not_real_transcripts,1,user,I would like to build a lasting relationship.
public_06,train,syn_3f8425ccd19a1308cd50bfe6286cdf0f,30,authored_templates_not_real_transcripts,2,assistant,What pace feels comfortable?
public_06,train,syn_3f8425ccd19a1308cd50bfe6286cdf0f,30,authored_templates_not_real_transcripts,3,user,I prefer to get to know someone gradually.
public_06,train,syn_3f8425ccd19a1308cd50bfe6286cdf0f,30,authored_templates_not_real_transcripts,4,assistant,How do you tend to spend free time?
public_06,train,syn_3f8425ccd19a1308cd50bfe6286cdf0f,30,authored_templates_not_real_transcripts,5,user,I usually prefer a quiet evening.
public_06,train,syn_3f8425ccd19a1308cd50bfe6286cdf0f,30,authored_templates_not_real_transcripts,6,assistant,What kinds of conversation do you enjoy?
public_06,train,syn_3f8425ccd19a1308cd50bfe6286cdf0f,30,authored_templates_not_real_transcripts,7,user,I like a playful conversation.
public_06,train,syn_d7b08d99471b061ae64c605167f78437,30,authored_templates_not_real_transcripts,0,assistant,What are you hoping to find?
public_06,train,syn_d7b08d99471b061ae64c605167f78437,30,authored_templates_not_real_transcripts,1,user,I am still working out what I want.
public_06,train,syn_d7b08d99471b061ae64c605167f78437,30,authored_templates_not_real_transcripts,2,assistant,What pace feels comfortable?
public_06,train,syn_d7b08d99471b061ae64c605167f78437,30,authored_templates_not_real_transcripts,3,user,A steady pace suits me.
public_06,train,syn_d7b08d99471b061ae64c605167f78437,30,authored_templates_not_real_transcripts,4,assistant,How do you tend to spend free time?
public_06,train,syn_d7b08d99471b061ae64c605167f78437,30,authored_templates_not_real_transcripts,5,user,I like a mixture of quiet time and seeing people.
public_06,train,syn_d7b08d99471b061ae64c605167f78437,30,authored_templates_not_real_transcripts,6,assistant,What kinds of conversation do you enjoy?
public_06,train,syn_d7b08d99471b061ae64c605167f78437,30,authored_templates_not_real_transcripts,7,user,I enjoy working through practical questions.
public_06,train,syn_9efec4b09b700887e262cff89f455c02,30,authored_templates_not_real_transcripts,0,assistant,What are you hoping to find?
public_06,train,syn_9efec4b09b700887e262cff89f455c02,30,authored_templates_not_real_transcripts,1,user,I am still working out what I want.
public_06,train,syn_c3275daaee904fb185cec5521b95ac4b,30,authored_templates_not_real_transcripts,0,assistant,What pace feels comfortable?
public_06,train,syn_c3275daaee904fb185cec5521b95ac4b,30,authored_templates_not_real_transcripts,1,user,I am comfortable meeting fairly soon.
public_06,train,syn_46251d99bccb19676a533b9e0a93813b,30,authored_templates_not_real_transcripts,0,assistant,What are you hoping to find?
public_06,train,syn_46251d99bccb19676a533b9e0a93813b,30,authored_templates_not_real_transcripts,1,user,I would like to build a lasting relationship.
public_06,train,syn_46251d99bccb19676a533b9e0a93813b,30,authored_templates_not_real_transcripts,2,assistant,What pace feels comfortable?
public_06,train,syn_46251d99bccb19676a533b9e0a93813b,30,authored_templates_not_real_transcripts,3,user,I prefer to get to know someone gradually.
public_06,train,syn_46251d99bccb19676a533b9e0a93813b,30,authored_templates_not_real_transcripts,4,assistant,How do you tend to spend free time?
public_06,train,syn_46251d99bccb19676a533b9e0a93813b,30,authored_templates_not_real_transcripts,5,user,I like a mixture of quiet time and seeing people.
public_06,train,syn_46251d99bccb19676a533b9e0a93813b,30,authored_templates_not_real_transcripts,6,assistant,What kinds of conversation do you enjoy?
public_06,train,syn_46251d99bccb19676a533b9e0a93813b,30,authored_templates_not_real_transcripts,7,user,I enjoy talking about ideas.
public_06,train,syn_21088a5c922eaed02358c86ef07c7e65,30,authored_templates_not_real_transcripts,0,assistant,How do you tend to spend free time?
public_06,train,syn_21088a5c922eaed02358c86ef07c7e65,30,authored_templates_not_real_transcripts,1,user,I enjoy having plans with people.
public_06,train,syn_da27cb7eb32da3bbe0f1b2b21ba7e103,30,authored_templates_not_real_transcripts,0,assistant,What are you hoping to find?
public_06,train,syn_da27cb7eb32da3bbe0f1b2b21ba7e103,30,authored_templates_not_real_transcripts,1,user,I am still working out what I want.
public_06,train,syn_da27cb7eb32da3bbe0f1b2b21ba7e103,30,authored_templates_not_real_transcripts,2,assistant,What pace feels comfortable?
public_06,train,syn_da27cb7eb32da3bbe0f1b2b21ba7e103,30,authored_templates_not_real_transcripts,3,user,A steady pace suits me.
public_06,train,syn_da27cb7eb32da3bbe0f1b2b21ba7e103,30,authored_templates_not_real_transcripts,4,assistant,How do you tend to spend free time?
public_06,train,syn_da27cb7eb32da3bbe0f1b2b21ba7e103,30,authored_templates_not_real_transcripts,5,user,I usually prefer a quiet evening.
public_06,train,syn_da27cb7eb32da3bbe0f1b2b21ba7e103,30,authored_templates_not_real_transcripts,6,assistant,What kinds of conversation do you enjoy?
public_06,train,syn_da27cb7eb32da3bbe0f1b2b21ba7e103,30,authored_templates_not_real_transcripts,7,user,I like a playful conversation.
public_06,train,syn_81c315c2b616bfcb16f0f431fefa8647,30,authored_templates_not_real_transcripts,0,assistant,What are you hoping to find?
public_06,train,syn_81c315c2b616bfcb16f0f431fefa8647,30,authored_templates_not_real_transcripts,1,user,I am still working out what I want.
public_06,train,syn_81c315c2b616bfcb16f0f431fefa8647,30,authored_templates_not_real_transcripts,2,assistant,What pace feels comfortable?
public_06,train,syn_81c315c2b616bfcb16f0f431fefa8647,30,authored_templates_not_real_transcripts,3,user,A steady pace suits me.
public_06,train,syn_81c315c2b616bfcb16f0f431fefa8647,30,authored_templates_not_real_transcripts,4,assistant,How do you tend to spend free time?
public_06,train,syn_81c315c2b616bfcb16f0f431fefa8647,30,authored_templates_not_real_transcripts,5,user,I usually prefer a quiet evening.
public_06,train,syn_81c315c2b616bfcb16f0f431fefa8647,30,authored_templates_not_real_transcripts,6,assistant,What kinds of conversation do you enjoy?
public_06,train,syn_81c315c2b616bfcb16f0f431fefa8647,30,authored_templates_not_real_transcripts,7,user,I enjoy talking about ideas.
public_06,train,syn_f30d1aaec9ff180c167f0ed68dd41166,30,authored_templates_not_real_transcripts,0,assistant,What kinds of conversation do you enjoy?
public_06,train,syn_f30d1aaec9ff180c167f0ed68dd41166,30,authored_templates_not_real_transcripts,1,user,I enjoy talking about ideas.
public_06,train,syn_3e8ac8e9fbb491d5513434fbd4fc7cd6,30,authored_templates_not_real_transcripts,0,assistant,What are you hoping to find?
public_06,train,syn_3e8ac8e9fbb491d5513434fbd4fc7cd6,30,authored_templates_not_real_transcripts,1,user,I would like to build a lasting relationship.
public_06,train,syn_3e8ac8e9fbb491d5513434fbd4fc7cd6,30,authored_templates_not_real_transcripts,2,assistant,What pace feels comfortable?
public_06,train,syn_3e8ac8e9fbb491d5513434fbd4fc7cd6,30,authored_templates_not_real_transcripts,3,user,I am comfortable meeting fairly soon.
public_06,train,syn_3e8ac8e9fbb491d5513434fbd4fc7cd6,30,authored_templates_not_real_transcripts,4,assistant,How do you tend to spend free time?
public_06,train,syn_3e8ac8e9fbb491d5513434fbd4fc7cd6,30,authored_templates_not_real_transcripts,5,user,I usually prefer a quiet evening.
public_06,train,syn_3e8ac8e9fbb491d5513434fbd4fc7cd6,30,authored_templates_not_real_transcripts,6,assistant,What kinds of conversation do you enjoy?
public_06,train,syn_3e8ac8e9fbb491d5513434fbd4fc7cd6,30,authored_templates_not_real_transcripts,7,user,I enjoy working through practical questions.
public_06,train,syn_fd90ead0c3260a50a9624d2145214d89,30,authored_templates_not_real_transcripts,0,assistant,What pace feels comfortable?
public_06,train,syn_fd90ead0c3260a50a9624d2145214d89,30,authored_templates_not_real_transcripts,1,user,I am comfortable meeting fairly soon.
public_06,train,syn_7824f9badb36fc1d541bbaea18d98fda,30,authored_templates_not_real_transcripts,0,assistant,What pace feels comfortable?
public_06,train,syn_7824f9badb36fc1d541bbaea18d98fda,30,authored_templates_not_real_transcripts,1,user,A steady pace suits me.
public_06,train,syn_3fe58ecd5ed329ecf8c0d5617afa6cae,30,authored_templates_not_real_transcripts,0,assistant,What are you hoping to find?
public_06,train,syn_3fe58ecd5ed329ecf8c0d5617afa6cae,30,authored_templates_not_real_transcripts,1,user,I am still working out what I want.
public_06,train,syn_91fee2996fe98a0b86f8b85b36a34e85,30,authored_templates_not_real_transcripts,0,assistant,What are you hoping to find?
public_06,train,syn_91fee2996fe98a0b86f8b85b36a34e85,30,authored_templates_not_real_transcripts,1,user,I am still working out what I want.
public_06,train,syn_91fee2996fe98a0b86f8b85b36a34e85,30,authored_templates_not_real_transcripts,2,assistant,What pace feels comfortable?
public_06,train,syn_91fee2996fe98a0b86f8b85b36a34e85,30,authored_templates_not_real_transcripts,3,user,A steady pace suits me.
public_06,train,syn_91fee2996fe98a0b86f8b85b36a34e85,30,authored_templates_not_real_transcripts,4,assistant,How do you tend to spend free time?
public_06,train,syn_91fee2996fe98a0b86f8b85b36a34e85,30,authored_templates_not_real_transcripts,5,user,I like a mixture of quiet time and seeing people.
public_06,train,syn_91fee2996fe98a0b86f8b85b36a34e85,30,authored_templates_not_real_transcripts,6,assistant,What kinds of conversation do you enjoy?
public_06,train,syn_91fee2996fe98a0b86f8b85b36a34e85,30,authored_templates_not_real_transcripts,7,user,I enjoy working through practical questions.
public_06,train,syn_b94fae7a1446ff7bb5cdefe8368f9f90,30,authored_templates_not_real_transcripts,0,assistant,What are you hoping to find?
public_06,train,syn_b94fae7a1446ff7bb5cdefe8368f9f90,30,authored_templates_not_real_transcripts,1,user,I am still working out what I want.
public_06,train,syn_b94fae7a1446ff7bb5cdefe8368f9f90,30,authored_templates_not_real_transcripts,2,assistant,What pace feels comfortable?
public_06,train,syn_b94fae7a1446ff7bb5cdefe8368f9f90,30,authored_templates_not_real_transcripts,3,user,I am comfortable meeting fairly soon.
public_06,train,syn_b94fae7a1446ff7bb5cdefe8368f9f90,30,authored_templates_not_real_transcripts,4,assistant,How do you tend to spend free time?
public_06,train,syn_b94fae7a1446ff7bb5cdefe8368f9f90,30,authored_templates_not_real_transcripts,5,user,I enjoy having plans with people.
public_06,train,syn_b94fae7a1446ff7bb5cdefe8368f9f90,30,authored_templates_not_real_transcripts,6,assistant,What kinds of conversation do you enjoy?
public_06,train,syn_b94fae7a1446ff7bb5cdefe8368f9f90,30,authored_templates_not_real_transcripts,7,user,I enjoy working through practical questions.
public_06,train,syn_b7564d8895a2382fab350d729b182468,30,authored_templates_not_real_transcripts,0,assistant,What are you hoping to find?
public_06,train,syn_b7564d8895a2382fab350d729b182468,30,authored_templates_not_real_transcripts,1,user,I would like to build a lasting relationship.
public_06,train,syn_b7564d8895a2382fab350d729b182468,30,authored_templates_not_real_transcripts,2,assistant,What pace feels comfortable?
public_06,train,syn_b7564d8895a2382fab350d729b182468,30,authored_templates_not_real_transcripts,3,user,I am comfortable meeting fairly soon.
public_06,train,syn_b7564d8895a2382fab350d729b182468,30,authored_templates_not_real_transcripts,4,assistant,How do you tend to spend free time?
public_06,train,syn_b7564d8895a2382fab350d729b182468,30,authored_templates_not_real_transcripts,5,user,I like a mixture of quiet time and seeing people.
public_06,train,syn_b7564d8895a2382fab350d729b182468,30,authored_templates_not_real_transcripts,6,assistant,What kinds of conversation do you enjoy?
public_06,train,syn_b7564d8895a2382fab350d729b182468,30,authored_templates_not_real_transcripts,7,user,I enjoy talking about ideas.
public_06,train,syn_1d5e1fe33d76777b3a045c00acccf060,30,authored_templates_not_real_transcripts,0,assistant,What are you hoping to find?
public_06,train,syn_1d5e1fe33d76777b3a045c00acccf060,30,authored_templates_not_real_transcripts,1,user,I am still working out what I want.
public_06,train,syn_1d5e1fe33d76777b3a045c00acccf060,30,authored_templates_not_real_transcripts,2,assistant,What pace feels comfortable?
public_06,train,syn_1d5e1fe33d76777b3a045c00acccf060,30,authored_templates_not_real_transcripts,3,user,I prefer to get to know someone gradually.
public_06,train,syn_1d5e1fe33d76777b3a045c00acccf060,30,authored_templates_not_real_transcripts,4,assistant,How do you tend to spend free time?
public_06,train,syn_1d5e1fe33d76777b3a045c00acccf060,30,authored_templates_not_real_transcripts,5,user,I usually prefer a quiet evening.
public_06,train,syn_1d5e1fe33d76777b3a045c00acccf060,30,authored_templates_not_real_transcripts,6,assistant,What kinds of conversation do you enjoy?
public_06,train,syn_1d5e1fe33d76777b3a045c00acccf060,30,authored_templates_not_real_transcripts,7,user,I like a playful conversation.
public_06,train,syn_3df2035351688adb509b69503d1858c1,30,authored_templates_not_real_transcripts,0,assistant,What are you hoping to find?
public_06,train,syn_3df2035351688adb509b69503d1858c1,30,authored_templates_not_real_transcripts,1,user,I would like to build a lasting relationship.
public_06,train,syn_b081f0e6bb3a389ebf7661f58493adf5,30,authored_templates_not_real_transcripts,0,assistant,What pace feels comfortable?
public_06,train,syn_b081f0e6bb3a389ebf7661f58493adf5,30,authored_templates_not_real_transcripts,1,user,A steady pace suits me.
public_06,train,syn_e99c783de4288ff04b9bd687eebdf8af,30,authored_templates_not_real_transcripts,0,assistant,What kinds of conversation do you enjoy?
public_06,train,syn_e99c783de4288ff04b9bd687eebdf8af,30,authored_templates_not_real_transcripts,1,user,I like a playful conversation.
public_06,train,syn_1ea7fa38ac2135194e3e58b3de41d9c9,30,authored_templates_not_real_transcripts,0,assistant,What are you hoping to find?
public_06,train,syn_1ea7fa38ac2135194e3e58b3de41d9c9,30,authored_templates_not_real_transcripts,1,user,I would like to build a lasting relationship.
public_06,train,syn_1ea7fa38ac2135194e3e58b3de41d9c9,30,authored_templates_not_real_transcripts,2,assistant,What pace feels comfortable?
public_06,train,syn_1ea7fa38ac2135194e3e58b3de41d9c9,30,authored_templates_not_real_transcripts,3,user,A steady pace suits me.
public_06,train,syn_1ea7fa38ac2135194e3e58b3de41d9c9,30,authored_templates_not_real_transcripts,4,assistant,How do you tend to spend free time?
public_06,train,syn_1ea7fa38ac2135194e3e58b3de41d9c9,30,authored_templates_not_real_transcripts,5,user,I like a mixture of quiet time and seeing people.
public_06,train,syn_1ea7fa38ac2135194e3e58b3de41d9c9,30,authored_templates_not_real_transcripts,6,assistant,What kinds of conversation do you enjoy?
public_06,train,syn_1ea7fa38ac2135194e3e58b3de41d9c9,30,authored_templates_not_real_transcripts,7,user,I enjoy talking about ideas.
public_06,train,syn_bf01f7e7bb92779ea8360e92cc83031e,30,authored_templates_not_real_transcripts,0,assistant,What are you hoping to find?
public_06,train,syn_bf01f7e7bb92779ea8360e92cc83031e,30,authored_templates_not_real_transcripts,1,user,I am still working out what I want.
public_06,train,syn_bf01f7e7bb92779ea8360e92cc83031e,30,authored_templates_not_real_transcripts,2,assistant,What pace feels comfortable?
public_06,train,syn_bf01f7e7bb92779ea8360e92cc83031e,30,authored_templates_not_real_transcripts,3,user,A steady pace suits me.
public_06,train,syn_bf01f7e7bb92779ea8360e92cc83031e,30,authored_templates_not_real_transcripts,4,assistant,How do you tend to spend free time?
public_06,train,syn_bf01f7e7bb92779ea8360e92cc83031e,30,authored_templates_not_real_transcripts,5,user,I usually prefer a quiet evening.
public_06,train,syn_bf01f7e7bb92779ea8360e92cc83031e,30,authored_templates_not_real_transcripts,6,assistant,What kinds of conversation do you enjoy?
public_06,train,syn_bf01f7e7bb92779ea8360e92cc83031e,30,authored_templates_not_real_transcripts,7,user,I like a playful conversation.
public_06,train,syn_41d867f054c579931f591a2083b7e8d7,30,authored_templates_not_real_transcripts,0,assistant,What are you hoping to find?
public_06,train,syn_41d867f054c579931f591a2083b7e8d7,30,authored_templates_not_real_transcripts,1,user,I would like to build a lasting relationship.
public_06,train,syn_41d867f054c579931f591a2083b7e8d7,30,authored_templates_not_real_transcripts,2,assistant,What pace feels comfortable?
public_06,train,syn_41d867f054c579931f591a2083b7e8d7,30,authored_templates_not_real_transcripts,3,user,I am comfortable meeting fairly soon.
public_06,train,syn_41d867f054c579931f591a2083b7e8d7,30,authored_templates_not_real_transcripts,4,assistant,How do you tend to spend free time?
public_06,train,syn_41d867f054c579931f591a2083b7e8d7,30,authored_templates_not_real_transcripts,5,user,I enjoy having plans with people.
public_06,train,syn_41d867f054c579931f591a2083b7e8d7,30,authored_templates_not_real_transcripts,6,assistant,What kinds of conversation do you enjoy?
public_06,train,syn_41d867f054c579931f591a2083b7e8d7,30,authored_templates_not_real_transcripts,7,user,I like hearing the stories behind things.
public_06,train,syn_96c4a88930b032b13bf5d7c604e75e16,30,authored_templates_not_real_transcripts,0,assistant,What kinds of conversation do you enjoy?
public_06,train,syn_96c4a88930b032b13bf5d7c604e75e16,30,authored_templates_not_real_transcripts,1,user,I like hearing the stories behind things.
public_06,train,syn_d2a87064e91ea586f74beb6eceef6a8d,30,authored_templates_not_real_transcripts,0,assistant,What are you hoping to find?
public_06,train,syn_d2a87064e91ea586f74beb6eceef6a8d,30,authored_templates_not_real_transcripts,1,user,I am still working out what I want.
public_06,train,syn_b29bcffd8967e02deb5ea41ebb453a4d,30,authored_templates_not_real_transcripts,0,assistant,What are you hoping to find?
public_06,train,syn_b29bcffd8967e02deb5ea41ebb453a4d,30,authored_templates_not_real_transcripts,1,user,I am still working out what I want.
public_06,train,syn_b29bcffd8967e02deb5ea41ebb453a4d,30,authored_templates_not_real_transcripts,2,assistant,What pace feels comfortable?
public_06,train,syn_b29bcffd8967e02deb5ea41ebb453a4d,30,authored_templates_not_real_transcripts,3,user,A steady pace suits me.
public_06,train,syn_b29bcffd8967e02deb5ea41ebb453a4d,30,authored_templates_not_real_transcripts,4,assistant,How do you tend to spend free time?
public_06,train,syn_b29bcffd8967e02deb5ea41ebb453a4d,30,authored_templates_not_real_transcripts,5,user,I enjoy having plans with people.
public_06,train,syn_b29bcffd8967e02deb5ea41ebb453a4d,30,authored_templates_not_real_transcripts,6,assistant,What kinds of conversation do you enjoy?
public_06,train,syn_b29bcffd8967e02deb5ea41ebb453a4d,30,authored_templates_not_real_transcripts,7,user,I like hearing the stories behind things.
public_07,validation,syn_495db021ac8d1a7e14d1734c7eab475c,30,authored_templates_not_real_transcripts,0,assistant,What kinds of conversation do you enjoy?
public_07,validation,syn_495db021ac8d1a7e14d1734c7eab475c,30,authored_templates_not_real_transcripts,1,user,I like hearing the stories behind things.
public_07,validation,syn_12132054e427adf98a100257da7965d8,30,authored_templates_not_real_transcripts,0,assistant,What are you hoping to find?
public_07,validation,syn_12132054e427adf98a100257da7965d8,30,authored_templates_not_real_transcripts,1,user,I am still working out what I want.
public_07,validation,syn_12132054e427adf98a100257da7965d8,30,authored_templates_not_real_transcripts,2,assistant,What kinds of conversation do you enjoy?
public_07,validation,syn_12132054e427adf98a100257da7965d8,30,authored_templates_not_real_transcripts,3,user,I enjoy talking about ideas.
public_07,validation,syn_33d428aa932221ff0207b962000f6cf6,30,authored_templates_not_real_transcripts,0,assistant,What are you hoping to find?
public_07,validation,syn_33d428aa932221ff0207b962000f6cf6,30,authored_templates_not_real_transcripts,1,user,I would like to build a lasting relationship.
public_07,validation,syn_33d428aa932221ff0207b962000f6cf6,30,authored_templates_not_real_transcripts,2,assistant,What pace feels comfortable?
public_07,validation,syn_33d428aa932221ff0207b962000f6cf6,30,authored_templates_not_real_transcripts,3,user,I am comfortable meeting fairly soon.
public_07,validation,syn_33d428aa932221ff0207b962000f6cf6,30,authored_templates_not_real_transcripts,4,assistant,How do you tend to spend free time?
public_07,validation,syn_33d428aa932221ff0207b962000f6cf6,30,authored_templates_not_real_transcripts,5,user,I enjoy having plans with people.
public_07,validation,syn_33d428aa932221ff0207b962000f6cf6,30,authored_templates_not_real_transcripts,6,assistant,What kinds of conversation do you enjoy?
public_07,validation,syn_33d428aa932221ff0207b962000f6cf6,30,authored_templates_not_real_transcripts,7,user,I enjoy working through practical questions.
public_07,validation,syn_69f9950eab46dd7b3436e3a03aa0301b,30,authored_templates_not_real_transcripts,0,assistant,What are you hoping to find?
public_07,validation,syn_69f9950eab46dd7b3436e3a03aa0301b,30,authored_templates_not_real_transcripts,1,user,I would like to build a lasting relationship.
public_07,validation,syn_69f9950eab46dd7b3436e3a03aa0301b,30,authored_templates_not_real_transcripts,2,assistant,What pace feels comfortable?
public_07,validation,syn_69f9950eab46dd7b3436e3a03aa0301b,30,authored_templates_not_real_transcripts,3,user,I am comfortable meeting fairly soon.
public_07,validation,syn_69f9950eab46dd7b3436e3a03aa0301b,30,authored_templates_not_real_transcripts,4,assistant,How do you tend to spend free time?
public_07,validation,syn_69f9950eab46dd7b3436e3a03aa0301b,30,authored_templates_not_real_transcripts,5,user,I like a mixture of quiet time and seeing people.
public_07,validation,syn_69f9950eab46dd7b3436e3a03aa0301b,30,authored_templates_not_real_transcripts,6,assistant,What kinds of conversation do you enjoy?
public_07,validation,syn_69f9950eab46dd7b3436e3a03aa0301b,30,authored_templates_not_real_transcripts,7,user,I enjoy talking about ideas.
public_07,validation,syn_332a5404f56c90fe84a769ae204a9303,30,authored_templates_not_real_transcripts,0,assistant,What are you hoping to find?
public_07,validation,syn_332a5404f56c90fe84a769ae204a9303,30,authored_templates_not_real_transcripts,1,user,I am still working out what I want.
public_07,validation,syn_332a5404f56c90fe84a769ae204a9303,30,authored_templates_not_real_transcripts,2,assistant,What pace feels comfortable?
public_07,validation,syn_332a5404f56c90fe84a769ae204a9303,30,authored_templates_not_real_transcripts,3,user,I prefer to get to know someone gradually.
public_07,validation,syn_332a5404f56c90fe84a769ae204a9303,30,authored_templates_not_real_transcripts,4,assistant,How do you tend to spend free time?
public_07,validation,syn_332a5404f56c90fe84a769ae204a9303,30,authored_templates_not_real_transcripts,5,user,I usually prefer a quiet evening.
public_07,validation,syn_332a5404f56c90fe84a769ae204a9303,30,authored_templates_not_real_transcripts,6,assistant,What kinds of conversation do you enjoy?
public_07,validation,syn_332a5404f56c90fe84a769ae204a9303,30,authored_templates_not_real_transcripts,7,user,I enjoy talking about ideas.
public_07,validation,syn_3c5e771b9cb09c8832ea4f35cebf5c0b,30,authored_templates_not_real_transcripts,0,assistant,What pace feels comfortable?
public_07,validation,syn_3c5e771b9cb09c8832ea4f35cebf5c0b,30,authored_templates_not_real_transcripts,1,user,A steady pace suits me.
public_07,validation,syn_2875981c2a06d02d89c634d507a5ec96,30,authored_templates_not_real_transcripts,0,assistant,What kinds of conversation do you enjoy?
public_07,validation,syn_2875981c2a06d02d89c634d507a5ec96,30,authored_templates_not_real_transcripts,1,user,I enjoy talking about ideas.
public_07,validation,syn_5eb3d5b40d32dfbc17c71dc343e9dac4,30,authored_templates_not_real_transcripts,0,assistant,What are you hoping to find?
public_07,validation,syn_5eb3d5b40d32dfbc17c71dc343e9dac4,30,authored_templates_not_real_transcripts,1,user,I would like to build a lasting relationship.
public_07,validation,syn_5eb3d5b40d32dfbc17c71dc343e9dac4,30,authored_templates_not_real_transcripts,2,assistant,What pace feels comfortable?
public_07,validation,syn_5eb3d5b40d32dfbc17c71dc343e9dac4,30,authored_templates_not_real_transcripts,3,user,I prefer to get to know someone gradually.
public_07,validation,syn_5eb3d5b40d32dfbc17c71dc343e9dac4,30,authored_templates_not_real_transcripts,4,assistant,How do you tend to spend free time?
public_07,validation,syn_5eb3d5b40d32dfbc17c71dc343e9dac4,30,authored_templates_not_real_transcripts,5,user,I enjoy having plans with people.
public_07,validation,syn_5eb3d5b40d32dfbc17c71dc343e9dac4,30,authored_templates_not_real_transcripts,6,assistant,What kinds of conversation do you enjoy?
public_07,validation,syn_5eb3d5b40d32dfbc17c71dc343e9dac4,30,authored_templates_not_real_transcripts,7,user,I enjoy talking about ideas.
public_07,validation,syn_0a6f208259664965821fb5ca42976e06,30,authored_templates_not_real_transcripts,0,assistant,What are you hoping to find?
public_07,validation,syn_0a6f208259664965821fb5ca42976e06,30,authored_templates_not_real_transcripts,1,user,I am still working out what I want.
public_07,validation,syn_0a6f208259664965821fb5ca42976e06,30,authored_templates_not_real_transcripts,2,assistant,What pace feels comfortable?
public_07,validation,syn_0a6f208259664965821fb5ca42976e06,30,authored_templates_not_real_transcripts,3,user,I prefer to get to know someone gradually.
public_07,validation,syn_0a6f208259664965821fb5ca42976e06,30,authored_templates_not_real_transcripts,4,assistant,How do you tend to spend free time?
public_07,validation,syn_0a6f208259664965821fb5ca42976e06,30,authored_templates_not_real_transcripts,5,user,I like a mixture of quiet time and seeing people.
public_07,validation,syn_0a6f208259664965821fb5ca42976e06,30,authored_templates_not_real_transcripts,6,assistant,What kinds of conversation do you enjoy?
public_07,validation,syn_0a6f208259664965821fb5ca42976e06,30,authored_templates_not_real_transcripts,7,user,I like hearing the stories behind things.
public_07,validation,syn_7c77dc3fed3c9092d49762509caa5fc6,30,authored_templates_not_real_transcripts,0,assistant,What are you hoping to find?
public_07,validation,syn_7c77dc3fed3c9092d49762509caa5fc6,30,authored_templates_not_real_transcripts,1,user,I would like to build a lasting relationship.
public_07,validation,syn_7c77dc3fed3c9092d49762509caa5fc6,30,authored_templates_not_real_transcripts,2,assistant,What pace feels comfortable?
public_07,validation,syn_7c77dc3fed3c9092d49762509caa5fc6,30,authored_templates_not_real_transcripts,3,user,I am comfortable meeting fairly soon.
public_07,validation,syn_7c77dc3fed3c9092d49762509caa5fc6,30,authored_templates_not_real_transcripts,4,assistant,How do you tend to spend free time?
public_07,validation,syn_7c77dc3fed3c9092d49762509caa5fc6,30,authored_templates_not_real_transcripts,5,user,I enjoy having plans with people.
public_07,validation,syn_7c77dc3fed3c9092d49762509caa5fc6,30,authored_templates_not_real_transcripts,6,assistant,What kinds of conversation do you enjoy?
public_07,validation,syn_7c77dc3fed3c9092d49762509caa5fc6,30,authored_templates_not_real_transcripts,7,user,I like a playful conversation.
public_07,validation,syn_a72c9a6d703188c5bf395cb08b22a890,30,authored_templates_not_real_transcripts,0,assistant,How do you tend to spend free time?
public_07,validation,syn_a72c9a6d703188c5bf395cb08b22a890,30,authored_templates_not_real_transcripts,1,user,I like a mixture of quiet time and seeing people.
public_07,validation,syn_306fc796ca44265fedefc3320ee53b4b,30,authored_templates_not_real_transcripts,0,assistant,What are you hoping to find?
public_07,validation,syn_306fc796ca44265fedefc3320ee53b4b,30,authored_templates_not_real_transcripts,1,user,I would like to build a lasting relationship.
public_07,validation,syn_306fc796ca44265fedefc3320ee53b4b,30,authored_templates_not_real_transcripts,2,assistant,What pace feels comfortable?
public_07,validation,syn_306fc796ca44265fedefc3320ee53b4b,30,authored_templates_not_real_transcripts,3,user,I prefer to get to know someone gradually.
public_07,validation,syn_306fc796ca44265fedefc3320ee53b4b,30,authored_templates_not_real_transcripts,4,assistant,How do you tend to spend free time?
public_07,validation,syn_306fc796ca44265fedefc3320ee53b4b,30,authored_templates_not_real_transcripts,5,user,I usually prefer a quiet evening.
public_07,validation,syn_306fc796ca44265fedefc3320ee53b4b,30,authored_templates_not_real_transcripts,6,assistant,What kinds of conversation do you enjoy?
public_07,validation,syn_306fc796ca44265fedefc3320ee53b4b,30,authored_templates_not_real_transcripts,7,user,I like hearing the stories behind things.
public_07,validation,syn_46fdd2c8ce656d8ba2c9ab45c38b2c65,30,authored_templates_not_real_transcripts,0,assistant,What are you hoping to find?
public_07,validation,syn_46fdd2c8ce656d8ba2c9ab45c38b2c65,30,authored_templates_not_real_transcripts,1,user,I would like to build a lasting relationship.
public_07,validation,syn_46fdd2c8ce656d8ba2c9ab45c38b2c65,30,authored_templates_not_real_transcripts,2,assistant,What pace feels comfortable?
public_07,validation,syn_46fdd2c8ce656d8ba2c9ab45c38b2c65,30,authored_templates_not_real_transcripts,3,user,I prefer to get to know someone gradually.
public_07,validation,syn_46fdd2c8ce656d8ba2c9ab45c38b2c65,30,authored_templates_not_real_transcripts,4,assistant,How do you tend to spend free time?
public_07,validation,syn_46fdd2c8ce656d8ba2c9ab45c38b2c65,30,authored_templates_not_real_transcripts,5,user,I enjoy having plans with people.
public_07,validation,syn_46fdd2c8ce656d8ba2c9ab45c38b2c65,30,authored_templates_not_real_transcripts,6,assistant,What kinds of conversation do you enjoy?
public_07,validation,syn_46fdd2c8ce656d8ba2c9ab45c38b2c65,30,authored_templates_not_real_transcripts,7,user,I like a playful conversation.
public_07,validation,syn_adceff5fd708b28f5d24b039075b98ec,30,authored_templates_not_real_transcripts,0,assistant,What are you hoping to find?
public_07,validation,syn_adceff5fd708b28f5d24b039075b98ec,30,authored_templates_not_real_transcripts,1,user,I would like to build a lasting relationship.
public_07,validation,syn_adceff5fd708b28f5d24b039075b98ec,30,authored_templates_not_real_transcripts,2,assistant,What pace feels comfortable?
public_07,validation,syn_adceff5fd708b28f5d24b039075b98ec,30,authored_templates_not_real_transcripts,3,user,I am comfortable meeting fairly soon.
public_07,validation,syn_adceff5fd708b28f5d24b039075b98ec,30,authored_templates_not_real_transcripts,4,assistant,How do you tend to spend free time?
public_07,validation,syn_adceff5fd708b28f5d24b039075b98ec,30,authored_templates_not_real_transcripts,5,user,I usually prefer a quiet evening.
public_07,validation,syn_adceff5fd708b28f5d24b039075b98ec,30,authored_templates_not_real_transcripts,6,assistant,What kinds of conversation do you enjoy?
public_07,validation,syn_adceff5fd708b28f5d24b039075b98ec,30,authored_templates_not_real_transcripts,7,user,I enjoy talking about ideas.
public_07,validation,syn_445b2af5c8990b5b1d8513bc8c2be415,30,authored_templates_not_real_transcripts,0,assistant,How do you tend to spend free time?
public_07,validation,syn_445b2af5c8990b5b1d8513bc8c2be415,30,authored_templates_not_real_transcripts,1,user,I like a mixture of quiet time and seeing people.
public_07,validation,syn_442127e991a6761548f62bbb206a9fe4,30,authored_templates_not_real_transcripts,0,assistant,What are you hoping to find?
public_07,validation,syn_442127e991a6761548f62bbb206a9fe4,30,authored_templates_not_real_transcripts,1,user,I am still working out what I want.
public_07,validation,syn_442127e991a6761548f62bbb206a9fe4,30,authored_templates_not_real_transcripts,2,assistant,What pace feels comfortable?
public_07,validation,syn_442127e991a6761548f62bbb206a9fe4,30,authored_templates_not_real_transcripts,3,user,I am comfortable meeting fairly soon.
public_07,validation,syn_442127e991a6761548f62bbb206a9fe4,30,authored_templates_not_real_transcripts,4,assistant,How do you tend to spend free time?
public_07,validation,syn_442127e991a6761548f62bbb206a9fe4,30,authored_templates_not_real_transcripts,5,user,I like a mixture of quiet time and seeing people.
public_07,validation,syn_442127e991a6761548f62bbb206a9fe4,30,authored_templates_not_real_transcripts,6,assistant,What kinds of conversation do you enjoy?
public_07,validation,syn_442127e991a6761548f62bbb206a9fe4,30,authored_templates_not_real_transcripts,7,user,I like hearing the stories behind things.
public_07,validation,syn_80afc8009ee8eec6852897531fe747d3,30,authored_templates_not_real_transcripts,0,assistant,How do you tend to spend free time?
public_07,validation,syn_80afc8009ee8eec6852897531fe747d3,30,authored_templates_not_real_transcripts,1,user,I usually prefer a quiet evening.
public_07,validation,syn_1dbfa41732e066192c43367f40614771,30,authored_templates_not_real_transcripts,0,assistant,What pace feels comfortable?
public_07,validation,syn_1dbfa41732e066192c43367f40614771,30,authored_templates_not_real_transcripts,1,user,I am comfortable meeting fairly soon.
public_07,validation,syn_1dbfa41732e066192c43367f40614771,30,authored_templates_not_real_transcripts,2,assistant,How do you tend to spend free time?
public_07,validation,syn_1dbfa41732e066192c43367f40614771,30,authored_templates_not_real_transcripts,3,user,I usually prefer a quiet evening.
public_07,validation,syn_d5ba8f6f67e0a59e3446787c14834d8f,30,authored_templates_not_real_transcripts,0,assistant,What are you hoping to find?
public_07,validation,syn_d5ba8f6f67e0a59e3446787c14834d8f,30,authored_templates_not_real_transcripts,1,user,I am still working out what I want.
public_07,validation,syn_d5ba8f6f67e0a59e3446787c14834d8f,30,authored_templates_not_real_transcripts,2,assistant,What pace feels comfortable?
public_07,validation,syn_d5ba8f6f67e0a59e3446787c14834d8f,30,authored_templates_not_real_transcripts,3,user,I am comfortable meeting fairly soon.
public_07,validation,syn_d5ba8f6f67e0a59e3446787c14834d8f,30,authored_templates_not_real_transcripts,4,assistant,How do you tend to spend free time?
public_07,validation,syn_d5ba8f6f67e0a59e3446787c14834d8f,30,authored_templates_not_real_transcripts,5,user,I like a mixture of quiet time and seeing people.
public_07,validation,syn_d5ba8f6f67e0a59e3446787c14834d8f,30,authored_templates_not_real_transcripts,6,assistant,What kinds of conversation do you enjoy?
public_07,validation,syn_d5ba8f6f67e0a59e3446787c14834d8f,30,authored_templates_not_real_transcripts,7,user,I like a playful conversation.
public_07,validation,syn_5bf4f4fab389a06d1bb9fab20fa66d23,30,authored_templates_not_real_transcripts,0,assistant,How do you tend to spend free time?
public_07,validation,syn_5bf4f4fab389a06d1bb9fab20fa66d23,30,authored_templates_not_real_transcripts,1,user,I usually prefer a quiet evening.
public_07,validation,syn_bfed6ae3b16fdb9ff14bcd55c92c3e23,30,authored_templates_not_real_transcripts,0,assistant,What are you hoping to find?
public_07,validation,syn_bfed6ae3b16fdb9ff14bcd55c92c3e23,30,authored_templates_not_real_transcripts,1,user,I am still working out what I want.
public_07,validation,syn_bfed6ae3b16fdb9ff14bcd55c92c3e23,30,authored_templates_not_real_transcripts,2,assistant,What pace feels comfortable?
public_07,validation,syn_bfed6ae3b16fdb9ff14bcd55c92c3e23,30,authored_templates_not_real_transcripts,3,user,A steady pace suits me.
public_07,validation,syn_bfed6ae3b16fdb9ff14bcd55c92c3e23,30,authored_templates_not_real_transcripts,4,assistant,How do you tend to spend free time?
public_07,validation,syn_bfed6ae3b16fdb9ff14bcd55c92c3e23,30,authored_templates_not_real_transcripts,5,user,I enjoy having plans with people.
public_07,validation,syn_bfed6ae3b16fdb9ff14bcd55c92c3e23,30,authored_templates_not_real_transcripts,6,assistant,What kinds of conversation do you enjoy?
public_07,validation,syn_bfed6ae3b16fdb9ff14bcd55c92c3e23,30,authored_templates_not_real_transcripts,7,user,I like hearing the stories behind things.
public_07,validation,syn_41cbfa99d9088aa61bb31dbfaf6cd82b,30,authored_templates_not_real_transcripts,0,assistant,What are you hoping to find?
public_07,validation,syn_41cbfa99d9088aa61bb31dbfaf6cd82b,30,authored_templates_not_real_transcripts,1,user,I am still working out what I want.
public_07,validation,syn_41cbfa99d9088aa61bb31dbfaf6cd82b,30,authored_templates_not_real_transcripts,2,assistant,What pace feels comfortable?
public_07,validation,syn_41cbfa99d9088aa61bb31dbfaf6cd82b,30,authored_templates_not_real_transcripts,3,user,A steady pace suits me.
public_07,validation,syn_41cbfa99d9088aa61bb31dbfaf6cd82b,30,authored_templates_not_real_transcripts,4,assistant,How do you tend to spend free time?
public_07,validation,syn_41cbfa99d9088aa61bb31dbfaf6cd82b,30,authored_templates_not_real_transcripts,5,user,I like a mixture of quiet time and seeing people.
public_07,validation,syn_41cbfa99d9088aa61bb31dbfaf6cd82b,30,authored_templates_not_real_transcripts,6,assistant,What kinds of conversation do you enjoy?
public_07,validation,syn_41cbfa99d9088aa61bb31dbfaf6cd82b,30,authored_templates_not_real_transcripts,7,user,I enjoy talking about ideas.
public_07,validation,syn_ddaeab02ef82dd5a078cf3e851f2a10f,30,authored_templates_not_real_transcripts,0,assistant,How do you tend to spend free time?
public_07,validation,syn_ddaeab02ef82dd5a078cf3e851f2a10f,30,authored_templates_not_real_transcripts,1,user,I enjoy having plans with people.
public_07,validation,syn_0d8307b30c70467d91e58f68688dc85f,30,authored_templates_not_real_transcripts,0,assistant,What are you hoping to find?
public_07,validation,syn_0d8307b30c70467d91e58f68688dc85f,30,authored_templates_not_real_transcripts,1,user,I would like to build a lasting relationship.
public_07,validation,syn_0d8307b30c70467d91e58f68688dc85f,30,authored_templates_not_real_transcripts,2,assistant,What pace feels comfortable?
public_07,validation,syn_0d8307b30c70467d91e58f68688dc85f,30,authored_templates_not_real_transcripts,3,user,I am comfortable meeting fairly soon.
public_07,validation,syn_0d8307b30c70467d91e58f68688dc85f,30,authored_templates_not_real_transcripts,4,assistant,How do you tend to spend free time?
public_07,validation,syn_0d8307b30c70467d91e58f68688dc85f,30,authored_templates_not_real_transcripts,5,user,I usually prefer a quiet evening.
public_07,validation,syn_0d8307b30c70467d91e58f68688dc85f,30,authored_templates_not_real_transcripts,6,assistant,What kinds of conversation do you enjoy?
public_07,validation,syn_0d8307b30c70467d91e58f68688dc85f,30,authored_templates_not_real_transcripts,7,user,I like hearing the stories behind things.
public_07,validation,syn_e7ca2963d97f317fcdf7f6d8f37da169,30,authored_templates_not_real_transcripts,0,assistant,What are you hoping to find?
public_07,validation,syn_e7ca2963d97f317fcdf7f6d8f37da169,30,authored_templates_not_real_transcripts,1,user,I would like to build a lasting relationship.
public_07,validation,syn_bd313c33a2dfe80569df7e081fa7e16c,30,authored_templates_not_real_transcripts,0,assistant,What are you hoping to find?
public_07,validation,syn_bd313c33a2dfe80569df7e081fa7e16c,30,authored_templates_not_real_transcripts,1,user,I am still working out what I want.
public_07,validation,syn_6a4a9a829bdb50ec11dd1722ff5728b3,30,authored_templates_not_real_transcripts,0,assistant,What pace feels comfortable?
public_07,validation,syn_6a4a9a829bdb50ec11dd1722ff5728b3,30,authored_templates_not_real_transcripts,1,user,A steady pace suits me.
public_07,validation,syn_6a4a9a829bdb50ec11dd1722ff5728b3,30,authored_templates_not_real_transcripts,2,assistant,How do you tend to spend free time?
public_07,validation,syn_6a4a9a829bdb50ec11dd1722ff5728b3,30,authored_templates_not_real_transcripts,3,user,I like a mixture of quiet time and seeing people.
public_07,validation,syn_1792125e150b6c1fa7a7ca3516285ba4,30,authored_templates_not_real_transcripts,0,assistant,What are you hoping to find?
public_07,validation,syn_1792125e150b6c1fa7a7ca3516285ba4,30,authored_templates_not_real_transcripts,1,user,I am still working out what I want.
public_07,validation,syn_1792125e150b6c1fa7a7ca3516285ba4,30,authored_templates_not_real_transcripts,2,assistant,What pace feels comfortable?
public_07,validation,syn_1792125e150b6c1fa7a7ca3516285ba4,30,authored_templates_not_real_transcripts,3,user,I prefer to get to know someone gradually.
public_07,validation,syn_1792125e150b6c1fa7a7ca3516285ba4,30,authored_templates_not_real_transcripts,4,assistant,How do you tend to spend free time?
public_07,validation,syn_1792125e150b6c1fa7a7ca3516285ba4,30,authored_templates_not_real_transcripts,5,user,I usually prefer a quiet evening.
public_07,validation,syn_1792125e150b6c1fa7a7ca3516285ba4,30,authored_templates_not_real_transcripts,6,assistant,What kinds of conversation do you enjoy?
public_07,validation,syn_1792125e150b6c1fa7a7ca3516285ba4,30,authored_templates_not_real_transcripts,7,user,I enjoy working through practical questions.
public_07,validation,syn_b76db7568e88b218da71968ae37776ca,30,authored_templates_not_real_transcripts,0,assistant,What are you hoping to find?
public_07,validation,syn_b76db7568e88b218da71968ae37776ca,30,authored_templates_not_real_transcripts,1,user,I am still working out what I want.
public_07,validation,syn_b76db7568e88b218da71968ae37776ca,30,authored_templates_not_real_transcripts,2,assistant,What pace feels comfortable?
public_07,validation,syn_b76db7568e88b218da71968ae37776ca,30,authored_templates_not_real_transcripts,3,user,I prefer to get to know someone gradually.
public_07,validation,syn_b76db7568e88b218da71968ae37776ca,30,authored_templates_not_real_transcripts,4,assistant,How do you tend to spend free time?
public_07,validation,syn_b76db7568e88b218da71968ae37776ca,30,authored_templates_not_real_transcripts,5,user,I like a mixture of quiet time and seeing people.
public_07,validation,syn_b76db7568e88b218da71968ae37776ca,30,authored_templates_not_real_transcripts,6,assistant,What kinds of conversation do you enjoy?
public_07,validation,syn_b76db7568e88b218da71968ae37776ca,30,authored_templates_not_real_transcripts,7,user,I enjoy working through practical questions.
public_07,validation,syn_c6e4f83f2da6ac827863b999ed06de72,30,authored_templates_not_real_transcripts,0,assistant,What are you hoping to find?
public_07,validation,syn_c6e4f83f2da6ac827863b999ed06de72,30,authored_templates_not_real_transcripts,1,user,I am still working out what I want.
public_07,validation,syn_c6e4f83f2da6ac827863b999ed06de72,30,authored_templates_not_real_transcripts,2,assistant,What pace feels comfortable?
public_07,validation,syn_c6e4f83f2da6ac827863b999ed06de72,30,authored_templates_not_real_transcripts,3,user,I am comfortable meeting fairly soon.
public_07,validation,syn_c6e4f83f2da6ac827863b999ed06de72,30,authored_templates_not_real_transcripts,4,assistant,How do you tend to spend free time?
public_07,validation,syn_c6e4f83f2da6ac827863b999ed06de72,30,authored_templates_not_real_transcripts,5,user,I usually prefer a quiet evening.
public_07,validation,syn_c6e4f83f2da6ac827863b999ed06de72,30,authored_templates_not_real_transcripts,6,assistant,What kinds of conversation do you enjoy?
public_07,validation,syn_c6e4f83f2da6ac827863b999ed06de72,30,authored_templates_not_real_transcripts,7,user,I enjoy talking about ideas.
public_07,validation,syn_e4623c8b9109e401b9763929d850ad12,30,authored_templates_not_real_transcripts,0,assistant,What are you hoping to find?
public_07,validation,syn_e4623c8b9109e401b9763929d850ad12,30,authored_templates_not_real_transcripts,1,user,I am still working out what I want.
public_07,validation,syn_e4623c8b9109e401b9763929d850ad12,30,authored_templates_not_real_transcripts,2,assistant,What pace feels comfortable?
public_07,validation,syn_e4623c8b9109e401b9763929d850ad12,30,authored_templates_not_real_transcripts,3,user,A steady pace suits me.
public_07,validation,syn_a81865f384ff0d703f37e1236eec2674,30,authored_templates_not_real_transcripts,0,assistant,What pace feels comfortable?
public_07,validation,syn_a81865f384ff0d703f37e1236eec2674,30,authored_templates_not_real_transcripts,1,user,I am comfortable meeting fairly soon.
public_07,validation,syn_0c9736620c1aa05dc0fac96968036c3a,30,authored_templates_not_real_transcripts,0,assistant,What pace feels comfortable?
public_07,validation,syn_0c9736620c1aa05dc0fac96968036c3a,30,authored_templates_not_real_transcripts,1,user,A steady pace suits me.
public_07,validation,syn_83ed6da0024d3abf5db05184765a88e2,30,authored_templates_not_real_transcripts,0,assistant,What pace feels comfortable?
public_07,validation,syn_83ed6da0024d3abf5db05184765a88e2,30,authored_templates_not_real_transcripts,1,user,A steady pace suits me.
public_07,validation,syn_83ed6da0024d3abf5db05184765a88e2,30,authored_templates_not_real_transcripts,2,assistant,What kinds of conversation do you enjoy?
public_07,validation,syn_83ed6da0024d3abf5db05184765a88e2,30,authored_templates_not_real_transcripts,3,user,I enjoy talking about ideas.
public_07,validation,syn_18e1f87a7cff6d5a4e3ecb78b84037e9,30,authored_templates_not_real_transcripts,0,assistant,What kinds of conversation do you enjoy?
public_07,validation,syn_18e1f87a7cff6d5a4e3ecb78b84037e9,30,authored_templates_not_real_transcripts,1,user,I enjoy working through practical questions.
public_07,validation,syn_f4bb9a7cc9774c227eaef317d3e5b192,30,authored_templates_not_real_transcripts,0,assistant,How do you tend to spend free time?
public_07,validation,syn_f4bb9a7cc9774c227eaef317d3e5b192,30,authored_templates_not_real_transcripts,1,user,I usually prefer a quiet evening.
public_07,validation,syn_fad3c39c0c2784209ab31e3130339a95,30,authored_templates_not_real_transcripts,0,assistant,What are you hoping to find?
public_07,validation,syn_fad3c39c0c2784209ab31e3130339a95,30,authored_templates_not_real_transcripts,1,user,I would like to build a lasting relationship.
public_07,validation,syn_fad3c39c0c2784209ab31e3130339a95,30,authored_templates_not_real_transcripts,2,assistant,What pace feels comfortable?
public_07,validation,syn_fad3c39c0c2784209ab31e3130339a95,30,authored_templates_not_real_transcripts,3,user,I am comfortable meeting fairly soon.
public_07,validation,syn_fad3c39c0c2784209ab31e3130339a95,30,authored_templates_not_real_transcripts,4,assistant,How do you tend to spend free time?
public_07,validation,syn_fad3c39c0c2784209ab31e3130339a95,30,authored_templates_not_real_transcripts,5,user,I like a mixture of quiet time and seeing people.
public_07,validation,syn_fad3c39c0c2784209ab31e3130339a95,30,authored_templates_not_real_transcripts,6,assistant,What kinds of conversation do you enjoy?
public_07,validation,syn_fad3c39c0c2784209ab31e3130339a95,30,authored_templates_not_real_transcripts,7,user,I like hearing the stories behind things.
public_07,validation,syn_52daf0d3a1ce5afcf377c81cd4405b6e,30,authored_templates_not_real_transcripts,0,assistant,What are you hoping to find?
public_07,validation,syn_52daf0d3a1ce5afcf377c81cd4405b6e,30,authored_templates_not_real_transcripts,1,user,I am still working out what I want.
public_07,validation,syn_52daf0d3a1ce5afcf377c81cd4405b6e,30,authored_templates_not_real_transcripts,2,assistant,What kinds of conversation do you enjoy?
public_07,validation,syn_52daf0d3a1ce5afcf377c81cd4405b6e,30,authored_templates_not_real_transcripts,3,user,I like a playful conversation.
public_07,validation,syn_4989018f8dbabff440ac3ca67e074a02,30,authored_templates_not_real_transcripts,0,assistant,What are you hoping to find?
public_07,validation,syn_4989018f8dbabff440ac3ca67e074a02,30,authored_templates_not_real_transcripts,1,user,I would like to build a lasting relationship.
public_07,validation,syn_4989018f8dbabff440ac3ca67e074a02,30,authored_templates_not_real_transcripts,2,assistant,What pace feels comfortable?
public_07,validation,syn_4989018f8dbabff440ac3ca67e074a02,30,authored_templates_not_real_transcripts,3,user,I am comfortable meeting fairly soon.
public_07,validation,syn_4989018f8dbabff440ac3ca67e074a02,30,authored_templates_not_real_transcripts,4,assistant,How do you tend to spend free time?
public_07,validation,syn_4989018f8dbabff440ac3ca67e074a02,30,authored_templates_not_real_transcripts,5,user,I enjoy having plans with people.
public_07,validation,syn_4989018f8dbabff440ac3ca67e074a02,30,authored_templates_not_real_transcripts,6,assistant,What kinds of conversation do you enjoy?
public_07,validation,syn_4989018f8dbabff440ac3ca67e074a02,30,authored_templates_not_real_transcripts,7,user,I enjoy working through practical questions.
public_07,validation,syn_18d986aa37af2511c082299a5761d468,30,authored_templates_not_real_transcripts,0,assistant,What are you hoping to find?
public_07,validation,syn_18d986aa37af2511c082299a5761d468,30,authored_templates_not_real_transcripts,1,user,I am still working out what I want.
public_07,validation,syn_18d986aa37af2511c082299a5761d468,30,authored_templates_not_real_transcripts,2,assistant,What pace feels comfortable?
public_07,validation,syn_18d986aa37af2511c082299a5761d468,30,authored_templates_not_real_transcripts,3,user,A steady pace suits me.
public_07,validation,syn_18d986aa37af2511c082299a5761d468,30,authored_templates_not_real_transcripts,4,assistant,How do you tend to spend free time?
public_07,validation,syn_18d986aa37af2511c082299a5761d468,30,authored_templates_not_real_transcripts,5,user,I usually prefer a quiet evening.
public_07,validation,syn_18d986aa37af2511c082299a5761d468,30,authored_templates_not_real_transcripts,6,assistant,What kinds of conversation do you enjoy?
public_07,validation,syn_18d986aa37af2511c082299a5761d468,30,authored_templates_not_real_transcripts,7,user,I enjoy talking about ideas.
public_07,validation,syn_c4160f8396ffd5556abfe7c5ef9010a9,30,authored_templates_not_real_transcripts,0,assistant,What are you hoping to find?
public_07,validation,syn_c4160f8396ffd5556abfe7c5ef9010a9,30,authored_templates_not_real_transcripts,1,user,I am still working out what I want.
public_07,validation,syn_c4160f8396ffd5556abfe7c5ef9010a9,30,authored_templates_not_real_transcripts,2,assistant,What pace feels comfortable?
public_07,validation,syn_c4160f8396ffd5556abfe7c5ef9010a9,30,authored_templates_not_real_transcripts,3,user,I prefer to get to know someone gradually.
public_07,validation,syn_c4160f8396ffd5556abfe7c5ef9010a9,30,authored_templates_not_real_transcripts,4,assistant,How do you tend to spend free time?
public_07,validation,syn_c4160f8396ffd5556abfe7c5ef9010a9,30,authored_templates_not_real_transcripts,5,user,I enjoy having plans with people.
public_07,validation,syn_c4160f8396ffd5556abfe7c5ef9010a9,30,authored_templates_not_real_transcripts,6,assistant,What kinds of conversation do you enjoy?
public_07,validation,syn_c4160f8396ffd5556abfe7c5ef9010a9,30,authored_templates_not_real_transcripts,7,user,I enjoy working through practical questions.
public_07,validation,syn_c0feb2559005d690ab15cd62c7f4d6cb,30,authored_templates_not_real_transcripts,0,assistant,What are you hoping to find?
public_07,validation,syn_c0feb2559005d690ab15cd62c7f4d6cb,30,authored_templates_not_real_transcripts,1,user,I would like to build a lasting relationship.
public_07,validation,syn_c0feb2559005d690ab15cd62c7f4d6cb,30,authored_templates_not_real_transcripts,2,assistant,What pace feels comfortable?
public_07,validation,syn_c0feb2559005d690ab15cd62c7f4d6cb,30,authored_templates_not_real_transcripts,3,user,A steady pace suits me.
public_07,validation,syn_c0feb2559005d690ab15cd62c7f4d6cb,30,authored_templates_not_real_transcripts,4,assistant,How do you tend to spend free time?
public_07,validation,syn_c0feb2559005d690ab15cd62c7f4d6cb,30,authored_templates_not_real_transcripts,5,user,I enjoy having plans with people.
public_07,validation,syn_c0feb2559005d690ab15cd62c7f4d6cb,30,authored_templates_not_real_transcripts,6,assistant,What kinds of conversation do you enjoy?
public_07,validation,syn_c0feb2559005d690ab15cd62c7f4d6cb,30,authored_templates_not_real_transcripts,7,user,I enjoy talking about ideas.
public_07,validation,syn_5268e7e56d19ad6302529503ae6296a2,30,authored_templates_not_real_transcripts,0,assistant,What pace feels comfortable?
public_07,validation,syn_5268e7e56d19ad6302529503ae6296a2,30,authored_templates_not_real_transcripts,1,user,A steady pace suits me.
public_07,validation,syn_a2df2f4cb371057e5e2d438bc7abe1b6,30,authored_templates_not_real_transcripts,0,assistant,What are you hoping to find?
public_07,validation,syn_a2df2f4cb371057e5e2d438bc7abe1b6,30,authored_templates_not_real_transcripts,1,user,I would like to build a lasting relationship.
public_07,validation,syn_a2df2f4cb371057e5e2d438bc7abe1b6,30,authored_templates_not_real_transcripts,2,assistant,What kinds of conversation do you enjoy?
public_07,validation,syn_a2df2f4cb371057e5e2d438bc7abe1b6,30,authored_templates_not_real_transcripts,3,user,I like a playful conversation.
public_07,validation,syn_cdb52e059db303bc6c3f5269c5213541,30,authored_templates_not_real_transcripts,0,assistant,What are you hoping to find?
public_07,validation,syn_cdb52e059db303bc6c3f5269c5213541,30,authored_templates_not_real_transcripts,1,user,I would like to build a lasting relationship.
public_07,validation,syn_cdb52e059db303bc6c3f5269c5213541,30,authored_templates_not_real_transcripts,2,assistant,What pace feels comfortable?
public_07,validation,syn_cdb52e059db303bc6c3f5269c5213541,30,authored_templates_not_real_transcripts,3,user,A steady pace suits me.
public_07,validation,syn_cdb52e059db303bc6c3f5269c5213541,30,authored_templates_not_real_transcripts,4,assistant,How do you tend to spend free time?
public_07,validation,syn_cdb52e059db303bc6c3f5269c5213541,30,authored_templates_not_real_transcripts,5,user,I like a mixture of quiet time and seeing people.
public_07,validation,syn_cdb52e059db303bc6c3f5269c5213541,30,authored_templates_not_real_transcripts,6,assistant,What kinds of conversation do you enjoy?
public_07,validation,syn_cdb52e059db303bc6c3f5269c5213541,30,authored_templates_not_real_transcripts,7,user,I enjoy working through practical questions.
public_07,validation,syn_bcd4e161db365f3a5c08ff8741b10ef7,30,authored_templates_not_real_transcripts,0,assistant,What are you hoping to find?
public_07,validation,syn_bcd4e161db365f3a5c08ff8741b10ef7,30,authored_templates_not_real_transcripts,1,user,I would like to build a lasting relationship.
public_07,validation,syn_bcd4e161db365f3a5c08ff8741b10ef7,30,authored_templates_not_real_transcripts,2,assistant,What pace feels comfortable?
public_07,validation,syn_bcd4e161db365f3a5c08ff8741b10ef7,30,authored_templates_not_real_transcripts,3,user,A steady pace suits me.
public_07,validation,syn_bcd4e161db365f3a5c08ff8741b10ef7,30,authored_templates_not_real_transcripts,4,assistant,How do you tend to spend free time?
public_07,validation,syn_bcd4e161db365f3a5c08ff8741b10ef7,30,authored_templates_not_real_transcripts,5,user,I usually prefer a quiet evening.
public_07,validation,syn_bcd4e161db365f3a5c08ff8741b10ef7,30,authored_templates_not_real_transcripts,6,assistant,What kinds of conversation do you enjoy?
public_07,validation,syn_bcd4e161db365f3a5c08ff8741b10ef7,30,authored_templates_not_real_transcripts,7,user,I enjoy working through practical questions.
public_07,validation,syn_49e48907939f6256b00077eb7256a89f,30,authored_templates_not_real_transcripts,0,assistant,What are you hoping to find?
public_07,validation,syn_49e48907939f6256b00077eb7256a89f,30,authored_templates_not_real_transcripts,1,user,I would like to build a lasting relationship.
public_07,validation,syn_49e48907939f6256b00077eb7256a89f,30,authored_templates_not_real_transcripts,2,assistant,What pace feels comfortable?
public_07,validation,syn_49e48907939f6256b00077eb7256a89f,30,authored_templates_not_real_transcripts,3,user,I prefer to get to know someone gradually.
public_07,validation,syn_49e48907939f6256b00077eb7256a89f,30,authored_templates_not_real_transcripts,4,assistant,How do you tend to spend free time?
public_07,validation,syn_49e48907939f6256b00077eb7256a89f,30,authored_templates_not_real_transcripts,5,user,I like a mixture of quiet time and seeing people.
public_07,validation,syn_49e48907939f6256b00077eb7256a89f,30,authored_templates_not_real_transcripts,6,assistant,What kinds of conversation do you enjoy?
public_07,validation,syn_49e48907939f6256b00077eb7256a89f,30,authored_templates_not_real_transcripts,7,user,I like hearing the stories behind things.
public_07,validation,syn_2618c89f6953660c0f62e3bfefd0f580,30,authored_templates_not_real_transcripts,0,assistant,What are you hoping to find?
public_07,validation,syn_2618c89f6953660c0f62e3bfefd0f580,30,authored_templates_not_real_transcripts,1,user,I am still working out what I want.
public_07,validation,syn_2618c89f6953660c0f62e3bfefd0f580,30,authored_templates_not_real_transcripts,2,assistant,What pace feels comfortable?
public_07,validation,syn_2618c89f6953660c0f62e3bfefd0f580,30,authored_templates_not_real_transcripts,3,user,I am comfortable meeting fairly soon.
public_07,validation,syn_2618c89f6953660c0f62e3bfefd0f580,30,authored_templates_not_real_transcripts,4,assistant,How do you tend to spend free time?
public_07,validation,syn_2618c89f6953660c0f62e3bfefd0f580,30,authored_templates_not_real_transcripts,5,user,I usually prefer a quiet evening.
public_07,validation,syn_2618c89f6953660c0f62e3bfefd0f580,30,authored_templates_not_real_transcripts,6,assistant,What kinds of conversation do you enjoy?
public_07,validation,syn_2618c89f6953660c0f62e3bfefd0f580,30,authored_templates_not_real_transcripts,7,user,I enjoy talking about ideas.
public_07,validation,syn_e1981e34c7a6948162ff995047ee6476,30,authored_templates_not_real_transcripts,0,assistant,What are you hoping to find?
public_07,validation,syn_e1981e34c7a6948162ff995047ee6476,30,authored_templates_not_real_transcripts,1,user,I would like to build a lasting relationship.
public_07,validation,syn_e1981e34c7a6948162ff995047ee6476,30,authored_templates_not_real_transcripts,2,assistant,What pace feels comfortable?
public_07,validation,syn_e1981e34c7a6948162ff995047ee6476,30,authored_templates_not_real_transcripts,3,user,I prefer to get to know someone gradually.
public_07,validation,syn_e1981e34c7a6948162ff995047ee6476,30,authored_templates_not_real_transcripts,4,assistant,How do you tend to spend free time?
public_07,validation,syn_e1981e34c7a6948162ff995047ee6476,30,authored_templates_not_real_transcripts,5,user,I usually prefer a quiet evening.
public_07,validation,syn_e1981e34c7a6948162ff995047ee6476,30,authored_templates_not_real_transcripts,6,assistant,What kinds of conversation do you enjoy?
public_07,validation,syn_e1981e34c7a6948162ff995047ee6476,30,authored_templates_not_real_transcripts,7,user,I like a playful conversation.
public_07,validation,syn_5dfc603ca94447f5172968eec694a649,30,authored_templates_not_real_transcripts,0,assistant,What pace feels comfortable?
public_07,validation,syn_5dfc603ca94447f5172968eec694a649,30,authored_templates_not_real_transcripts,1,user,I am comfortable meeting fairly soon.
public_07,validation,syn_a353980f53407f5dd0b2d8fbf879b2bc,30,authored_templates_not_real_transcripts,0,assistant,What are you hoping to find?
public_07,validation,syn_a353980f53407f5dd0b2d8fbf879b2bc,30,authored_templates_not_real_transcripts,1,user,I am still working out what I want.
public_07,validation,syn_a353980f53407f5dd0b2d8fbf879b2bc,30,authored_templates_not_real_transcripts,2,assistant,What pace feels comfortable?
public_07,validation,syn_a353980f53407f5dd0b2d8fbf879b2bc,30,authored_templates_not_real_transcripts,3,user,I am comfortable meeting fairly soon.
public_07,validation,syn_a353980f53407f5dd0b2d8fbf879b2bc,30,authored_templates_not_real_transcripts,4,assistant,How do you tend to spend free time?
public_07,validation,syn_a353980f53407f5dd0b2d8fbf879b2bc,30,authored_templates_not_real_transcripts,5,user,I enjoy having plans with people.
public_07,validation,syn_a353980f53407f5dd0b2d8fbf879b2bc,30,authored_templates_not_real_transcripts,6,assistant,What kinds of conversation do you enjoy?
public_07,validation,syn_a353980f53407f5dd0b2d8fbf879b2bc,30,authored_templates_not_real_transcripts,7,user,I like a playful conversation.
public_07,validation,syn_7489ffad5048682240d74e79792c6515,30,authored_templates_not_real_transcripts,0,assistant,What are you hoping to find?
public_07,validation,syn_7489ffad5048682240d74e79792c6515,30,authored_templates_not_real_transcripts,1,user,I am still working out what I want.
public_07,validation,syn_3354aa3b3fa0daf8bbea9e7af31902f5,30,authored_templates_not_real_transcripts,0,assistant,What pace feels comfortable?
public_07,validation,syn_3354aa3b3fa0daf8bbea9e7af31902f5,30,authored_templates_not_real_transcripts,1,user,I am comfortable meeting fairly soon.
public_07,validation,syn_f8456fff50a3f73bfbd263da6fb7b1ce,30,authored_templates_not_real_transcripts,0,assistant,What are you hoping to find?
public_07,validation,syn_f8456fff50a3f73bfbd263da6fb7b1ce,30,authored_templates_not_real_transcripts,1,user,I am still working out what I want.
public_07,validation,syn_f8456fff50a3f73bfbd263da6fb7b1ce,30,authored_templates_not_real_transcripts,2,assistant,What pace feels comfortable?
public_07,validation,syn_f8456fff50a3f73bfbd263da6fb7b1ce,30,authored_templates_not_real_transcripts,3,user,I prefer to get to know someone gradually.
public_07,validation,syn_f8456fff50a3f73bfbd263da6fb7b1ce,30,authored_templates_not_real_transcripts,4,assistant,How do you tend to spend free time?
public_07,validation,syn_f8456fff50a3f73bfbd263da6fb7b1ce,30,authored_templates_not_real_transcripts,5,user,I usually prefer a quiet evening.
public_07,validation,syn_f8456fff50a3f73bfbd263da6fb7b1ce,30,authored_templates_not_real_transcripts,6,assistant,What kinds of conversation do you enjoy?
public_07,validation,syn_f8456fff50a3f73bfbd263da6fb7b1ce,30,authored_templates_not_real_transcripts,7,user,I like a playful conversation.
public_07,validation,syn_de7d9654caa1fc84459b779cc4ad0f61,30,authored_templates_not_real_transcripts,0,assistant,What are you hoping to find?
public_07,validation,syn_de7d9654caa1fc84459b779cc4ad0f61,30,authored_templates_not_real_transcripts,1,user,I would like to build a lasting relationship.
public_07,validation,syn_de7d9654caa1fc84459b779cc4ad0f61,30,authored_templates_not_real_transcripts,2,assistant,What pace feels comfortable?
public_07,validation,syn_de7d9654caa1fc84459b779cc4ad0f61,30,authored_templates_not_real_transcripts,3,user,A steady pace suits me.
public_07,validation,syn_de7d9654caa1fc84459b779cc4ad0f61,30,authored_templates_not_real_transcripts,4,assistant,How do you tend to spend free time?
public_07,validation,syn_de7d9654caa1fc84459b779cc4ad0f61,30,authored_templates_not_real_transcripts,5,user,I like a mixture of quiet time and seeing people.
public_07,validation,syn_de7d9654caa1fc84459b779cc4ad0f61,30,authored_templates_not_real_transcripts,6,assistant,What kinds of conversation do you enjoy?
public_07,validation,syn_de7d9654caa1fc84459b779cc4ad0f61,30,authored_templates_not_real_transcripts,7,user,I like a playful conversation.
public_07,validation,syn_23a2975c77f38830cf5a3facfb9b534b,30,authored_templates_not_real_transcripts,0,assistant,What are you hoping to find?
public_07,validation,syn_23a2975c77f38830cf5a3facfb9b534b,30,authored_templates_not_real_transcripts,1,user,I would like to build a lasting relationship.
public_07,validation,syn_23a2975c77f38830cf5a3facfb9b534b,30,authored_templates_not_real_transcripts,2,assistant,What pace feels comfortable?
public_07,validation,syn_23a2975c77f38830cf5a3facfb9b534b,30,authored_templates_not_real_transcripts,3,user,I am comfortable meeting fairly soon.
public_07,validation,syn_23a2975c77f38830cf5a3facfb9b534b,30,authored_templates_not_real_transcripts,4,assistant,How do you tend to spend free time?
public_07,validation,syn_23a2975c77f38830cf5a3facfb9b534b,30,authored_templates_not_real_transcripts,5,user,I usually prefer a quiet evening.
public_07,validation,syn_23a2975c77f38830cf5a3facfb9b534b,30,authored_templates_not_real_transcripts,6,assistant,What kinds of conversation do you enjoy?
public_07,validation,syn_23a2975c77f38830cf5a3facfb9b534b,30,authored_templates_not_real_transcripts,7,user,I like hearing the stories behind things.
public_07,validation,syn_8da2dcd9f33f276e69881d69d03b1193,30,authored_templates_not_real_transcripts,0,assistant,What kinds of conversation do you enjoy?
public_07,validation,syn_8da2dcd9f33f276e69881d69d03b1193,30,authored_templates_not_real_transcripts,1,user,I like a playful conversation.
public_07,validation,syn_f925763cedac346393929ce0182665a3,30,authored_templates_not_real_transcripts,0,assistant,What are you hoping to find?
public_07,validation,syn_f925763cedac346393929ce0182665a3,30,authored_templates_not_real_transcripts,1,user,I am still working out what I want.
public_07,validation,syn_6d8cc1742272b49c3bf6574d4dea47bb,30,authored_templates_not_real_transcripts,0,assistant,What are you hoping to find?
public_07,validation,syn_6d8cc1742272b49c3bf6574d4dea47bb,30,authored_templates_not_real_transcripts,1,user,I am still working out what I want.
public_07,validation,syn_6d8cc1742272b49c3bf6574d4dea47bb,30,authored_templates_not_real_transcripts,2,assistant,What pace feels comfortable?
public_07,validation,syn_6d8cc1742272b49c3bf6574d4dea47bb,30,authored_templates_not_real_transcripts,3,user,A steady pace suits me.
public_07,validation,syn_6d8cc1742272b49c3bf6574d4dea47bb,30,authored_templates_not_real_transcripts,4,assistant,How do you tend to spend free time?
public_07,validation,syn_6d8cc1742272b49c3bf6574d4dea47bb,30,authored_templates_not_real_transcripts,5,user,I like a mixture of quiet time and seeing people.
public_07,validation,syn_6d8cc1742272b49c3bf6574d4dea47bb,30,authored_templates_not_real_transcripts,6,assistant,What kinds of conversation do you enjoy?
public_07,validation,syn_6d8cc1742272b49c3bf6574d4dea47bb,30,authored_templates_not_real_transcripts,7,user,I enjoy talking about ideas.
public_07,validation,syn_09caa09b251c2b85d1f080a718b24cd9,30,authored_templates_not_real_transcripts,0,assistant,What are you hoping to find?
public_07,validation,syn_09caa09b251c2b85d1f080a718b24cd9,30,authored_templates_not_real_transcripts,1,user,I would like to build a lasting relationship.
public_07,validation,syn_09caa09b251c2b85d1f080a718b24cd9,30,authored_templates_not_real_transcripts,2,assistant,What pace feels comfortable?
public_07,validation,syn_09caa09b251c2b85d1f080a718b24cd9,30,authored_templates_not_real_transcripts,3,user,A steady pace suits me.
public_07,validation,syn_09caa09b251c2b85d1f080a718b24cd9,30,authored_templates_not_real_transcripts,4,assistant,How do you tend to spend free time?
public_07,validation,syn_09caa09b251c2b85d1f080a718b24cd9,30,authored_templates_not_real_transcripts,5,user,I enjoy having plans with people.
public_07,validation,syn_09caa09b251c2b85d1f080a718b24cd9,30,authored_templates_not_real_transcripts,6,assistant,What kinds of conversation do you enjoy?
public_07,validation,syn_09caa09b251c2b85d1f080a718b24cd9,30,authored_templates_not_real_transcripts,7,user,I enjoy talking about ideas.
public_07,validation,syn_da0fd8af642574fe334800ee3486bdf4,30,authored_templates_not_real_transcripts,0,assistant,What are you hoping to find?
public_07,validation,syn_da0fd8af642574fe334800ee3486bdf4,30,authored_templates_not_real_transcripts,1,user,I am still working out what I want.
public_07,validation,syn_9b4bd1d628f180c12716bd357a84f23c,30,authored_templates_not_real_transcripts,0,assistant,What kinds of conversation do you enjoy?
public_07,validation,syn_9b4bd1d628f180c12716bd357a84f23c,30,authored_templates_not_real_transcripts,1,user,I like a playful conversation.
public_07,validation,syn_05a1d53f5d8bfa308fee08da90f095a9,30,authored_templates_not_real_transcripts,0,assistant,What are you hoping to find?
public_07,validation,syn_05a1d53f5d8bfa308fee08da90f095a9,30,authored_templates_not_real_transcripts,1,user,I would like to build a lasting relationship.
public_07,validation,syn_05a1d53f5d8bfa308fee08da90f095a9,30,authored_templates_not_real_transcripts,2,assistant,What pace feels comfortable?
public_07,validation,syn_05a1d53f5d8bfa308fee08da90f095a9,30,authored_templates_not_real_transcripts,3,user,A steady pace suits me.
public_07,validation,syn_05a1d53f5d8bfa308fee08da90f095a9,30,authored_templates_not_real_transcripts,4,assistant,How do you tend to spend free time?
public_07,validation,syn_05a1d53f5d8bfa308fee08da90f095a9,30,authored_templates_not_real_transcripts,5,user,I enjoy having plans with people.
public_07,validation,syn_05a1d53f5d8bfa308fee08da90f095a9,30,authored_templates_not_real_transcripts,6,assistant,What kinds of conversation do you enjoy?
public_07,validation,syn_05a1d53f5d8bfa308fee08da90f095a9,30,authored_templates_not_real_transcripts,7,user,I enjoy talking about ideas.
public_07,validation,syn_77a9cfddabe398e502f36be7269bed30,30,authored_templates_not_real_transcripts,0,assistant,What are you hoping to find?
public_07,validation,syn_77a9cfddabe398e502f36be7269bed30,30,authored_templates_not_real_transcripts,1,user,I would like to build a lasting relationship.
public_07,validation,syn_77a9cfddabe398e502f36be7269bed30,30,authored_templates_not_real_transcripts,2,assistant,What pace feels comfortable?
public_07,validation,syn_77a9cfddabe398e502f36be7269bed30,30,authored_templates_not_real_transcripts,3,user,I prefer to get to know someone gradually.
public_07,validation,syn_77a9cfddabe398e502f36be7269bed30,30,authored_templates_not_real_transcripts,4,assistant,How do you tend to spend free time?
public_07,validation,syn_77a9cfddabe398e502f36be7269bed30,30,authored_templates_not_real_transcripts,5,user,I usually prefer a quiet evening.
public_07,validation,syn_77a9cfddabe398e502f36be7269bed30,30,authored_templates_not_real_transcripts,6,assistant,What kinds of conversation do you enjoy?
public_07,validation,syn_77a9cfddabe398e502f36be7269bed30,30,authored_templates_not_real_transcripts,7,user,I like a playful conversation.
public_07,validation,syn_95b4390297b33290d26736f7e4eafb39,30,authored_templates_not_real_transcripts,0,assistant,What are you hoping to find?
public_07,validation,syn_95b4390297b33290d26736f7e4eafb39,30,authored_templates_not_real_transcripts,1,user,I am still working out what I want.
public_07,validation,syn_95b4390297b33290d26736f7e4eafb39,30,authored_templates_not_real_transcripts,2,assistant,What pace feels comfortable?
public_07,validation,syn_95b4390297b33290d26736f7e4eafb39,30,authored_templates_not_real_transcripts,3,user,I prefer to get to know someone gradually.
public_07,validation,syn_95b4390297b33290d26736f7e4eafb39,30,authored_templates_not_real_transcripts,4,assistant,How do you tend to spend free time?
public_07,validation,syn_95b4390297b33290d26736f7e4eafb39,30,authored_templates_not_real_transcripts,5,user,I enjoy having plans with people.
public_07,validation,syn_95b4390297b33290d26736f7e4eafb39,30,authored_templates_not_real_transcripts,6,assistant,What kinds of conversation do you enjoy?
public_07,validation,syn_95b4390297b33290d26736f7e4eafb39,30,authored_templates_not_real_transcripts,7,user,I like hearing the stories behind things.
public_07,validation,syn_dd947b8ca242c44863cf601fe65d57ed,30,authored_templates_not_real_transcripts,0,assistant,What pace feels comfortable?
public_07,validation,syn_dd947b8ca242c44863cf601fe65d57ed,30,authored_templates_not_real_transcripts,1,user,I am comfortable meeting fairly soon.
public_07,validation,syn_043d515672ea93e72dee6a0b1fe36e0b,30,authored_templates_not_real_transcripts,0,assistant,What pace feels comfortable?
public_07,validation,syn_043d515672ea93e72dee6a0b1fe36e0b,30,authored_templates_not_real_transcripts,1,user,I am comfortable meeting fairly soon.
public_07,validation,syn_0ec7fffa4e94cb8226152f02b68c7802,30,authored_templates_not_real_transcripts,0,assistant,What are you hoping to find?
public_07,validation,syn_0ec7fffa4e94cb8226152f02b68c7802,30,authored_templates_not_real_transcripts,1,user,I would like to build a lasting relationship.
public_07,validation,syn_0ec7fffa4e94cb8226152f02b68c7802,30,authored_templates_not_real_transcripts,2,assistant,What pace feels comfortable?
public_07,validation,syn_0ec7fffa4e94cb8226152f02b68c7802,30,authored_templates_not_real_transcripts,3,user,I prefer to get to know someone gradually.
public_07,validation,syn_0ec7fffa4e94cb8226152f02b68c7802,30,authored_templates_not_real_transcripts,4,assistant,How do you tend to spend free time?
public_07,validation,syn_0ec7fffa4e94cb8226152f02b68c7802,30,authored_templates_not_real_transcripts,5,user,I usually prefer a quiet evening.
public_07,validation,syn_0ec7fffa4e94cb8226152f02b68c7802,30,authored_templates_not_real_transcripts,6,assistant,What kinds of conversation do you enjoy?
public_07,validation,syn_0ec7fffa4e94cb8226152f02b68c7802,30,authored_templates_not_real_transcripts,7,user,I like hearing the stories behind things.
public_07,validation,syn_f1bf64f099ab560e698e158fcafca3e9,30,authored_templates_not_real_transcripts,0,assistant,What are you hoping to find?
public_07,validation,syn_f1bf64f099ab560e698e158fcafca3e9,30,authored_templates_not_real_transcripts,1,user,I am still working out what I want.
public_07,validation,syn_f1bf64f099ab560e698e158fcafca3e9,30,authored_templates_not_real_transcripts,2,assistant,What pace feels comfortable?
public_07,validation,syn_f1bf64f099ab560e698e158fcafca3e9,30,authored_templates_not_real_transcripts,3,user,I am comfortable meeting fairly soon.
public_07,validation,syn_f1bf64f099ab560e698e158fcafca3e9,30,authored_templates_not_real_transcripts,4,assistant,How do you tend to spend free time?
public_07,validation,syn_f1bf64f099ab560e698e158fcafca3e9,30,authored_templates_not_real_transcripts,5,user,I usually prefer a quiet evening.
public_07,validation,syn_f1bf64f099ab560e698e158fcafca3e9,30,authored_templates_not_real_transcripts,6,assistant,What kinds of conversation do you enjoy?
public_07,validation,syn_f1bf64f099ab560e698e158fcafca3e9,30,authored_templates_not_real_transcripts,7,user,I like a playful conversation.
public_07,validation,syn_cb5a779ce64228622150a5537eb8e76d,30,authored_templates_not_real_transcripts,0,assistant,What are you hoping to find?
public_07,validation,syn_cb5a779ce64228622150a5537eb8e76d,30,authored_templates_not_real_transcripts,1,user,I am still working out what I want.
public_07,validation,syn_cb5a779ce64228622150a5537eb8e76d,30,authored_templates_not_real_transcripts,2,assistant,What pace feels comfortable?
public_07,validation,syn_cb5a779ce64228622150a5537eb8e76d,30,authored_templates_not_real_transcripts,3,user,I am comfortable meeting fairly soon.
public_07,validation,syn_cb5a779ce64228622150a5537eb8e76d,30,authored_templates_not_real_transcripts,4,assistant,How do you tend to spend free time?
public_07,validation,syn_cb5a779ce64228622150a5537eb8e76d,30,authored_templates_not_real_transcripts,5,user,I enjoy having plans with people.
public_07,validation,syn_cb5a779ce64228622150a5537eb8e76d,30,authored_templates_not_real_transcripts,6,assistant,What kinds of conversation do you enjoy?
public_07,validation,syn_cb5a779ce64228622150a5537eb8e76d,30,authored_templates_not_real_transcripts,7,user,I enjoy working through practical questions.
public_07,validation,syn_42ac3052ce85741b352753fef3e3491d,30,authored_templates_not_real_transcripts,0,assistant,What are you hoping to find?
public_07,validation,syn_42ac3052ce85741b352753fef3e3491d,30,authored_templates_not_real_transcripts,1,user,I am still working out what I want.
public_07,validation,syn_42ac3052ce85741b352753fef3e3491d,30,authored_templates_not_real_transcripts,2,assistant,What pace feels comfortable?
public_07,validation,syn_42ac3052ce85741b352753fef3e3491d,30,authored_templates_not_real_transcripts,3,user,A steady pace suits me.
public_07,validation,syn_42ac3052ce85741b352753fef3e3491d,30,authored_templates_not_real_transcripts,4,assistant,How do you tend to spend free time?
public_07,validation,syn_42ac3052ce85741b352753fef3e3491d,30,authored_templates_not_real_transcripts,5,user,I usually prefer a quiet evening.
public_07,validation,syn_42ac3052ce85741b352753fef3e3491d,30,authored_templates_not_real_transcripts,6,assistant,What kinds of conversation do you enjoy?
public_07,validation,syn_42ac3052ce85741b352753fef3e3491d,30,authored_templates_not_real_transcripts,7,user,I like hearing the stories behind things.
public_07,validation,syn_3fb528e8a8d3fad2e2ae223d90286957,30,authored_templates_not_real_transcripts,0,assistant,What pace feels comfortable?
public_07,validation,syn_3fb528e8a8d3fad2e2ae223d90286957,30,authored_templates_not_real_transcripts,1,user,I prefer to get to know someone gradually.
public_07,validation,syn_3fb528e8a8d3fad2e2ae223d90286957,30,authored_templates_not_real_transcripts,2,assistant,What kinds of conversation do you enjoy?
public_07,validation,syn_3fb528e8a8d3fad2e2ae223d90286957,30,authored_templates_not_real_transcripts,3,user,I enjoy working through practical questions.
public_07,validation,syn_11831cec5210880f3f805bbabdec2b14,30,authored_templates_not_real_transcripts,0,assistant,What are you hoping to find?
public_07,validation,syn_11831cec5210880f3f805bbabdec2b14,30,authored_templates_not_real_transcripts,1,user,I am still working out what I want.
public_07,validation,syn_11831cec5210880f3f805bbabdec2b14,30,authored_templates_not_real_transcripts,2,assistant,What pace feels comfortable?
public_07,validation,syn_11831cec5210880f3f805bbabdec2b14,30,authored_templates_not_real_transcripts,3,user,I prefer to get to know someone gradually.
public_07,validation,syn_11831cec5210880f3f805bbabdec2b14,30,authored_templates_not_real_transcripts,4,assistant,How do you tend to spend free time?
public_07,validation,syn_11831cec5210880f3f805bbabdec2b14,30,authored_templates_not_real_transcripts,5,user,I enjoy having plans with people.
public_07,validation,syn_11831cec5210880f3f805bbabdec2b14,30,authored_templates_not_real_transcripts,6,assistant,What kinds of conversation do you enjoy?
public_07,validation,syn_11831cec5210880f3f805bbabdec2b14,30,authored_templates_not_real_transcripts,7,user,I like hearing the stories behind things.
public_07,validation,syn_7ba87f2925be72c8ce3f0f4caf1fabce,30,authored_templates_not_real_transcripts,0,assistant,What kinds of conversation do you enjoy?
public_07,validation,syn_7ba87f2925be72c8ce3f0f4caf1fabce,30,authored_templates_not_real_transcripts,1,user,I enjoy working through practical questions.
public_07,validation,syn_ea9460e2b1c5b1a6cb888c0d65c64b1a,30,authored_templates_not_real_transcripts,0,assistant,What are you hoping to find?
public_07,validation,syn_ea9460e2b1c5b1a6cb888c0d65c64b1a,30,authored_templates_not_real_transcripts,1,user,I am still working out what I want.
public_07,validation,syn_ea9460e2b1c5b1a6cb888c0d65c64b1a,30,authored_templates_not_real_transcripts,2,assistant,What pace feels comfortable?
public_07,validation,syn_ea9460e2b1c5b1a6cb888c0d65c64b1a,30,authored_templates_not_real_transcripts,3,user,I prefer to get to know someone gradually.
public_07,validation,syn_ea9460e2b1c5b1a6cb888c0d65c64b1a,30,authored_templates_not_real_transcripts,4,assistant,How do you tend to spend free time?
public_07,validation,syn_ea9460e2b1c5b1a6cb888c0d65c64b1a,30,authored_templates_not_real_transcripts,5,user,I enjoy having plans with people.
public_07,validation,syn_ea9460e2b1c5b1a6cb888c0d65c64b1a,30,authored_templates_not_real_transcripts,6,assistant,What kinds of conversation do you enjoy?
public_07,validation,syn_ea9460e2b1c5b1a6cb888c0d65c64b1a,30,authored_templates_not_real_transcripts,7,user,I like a playful conversation.
public_07,validation,syn_14542c8bff115e28601d3d1528ef7fa4,30,authored_templates_not_real_transcripts,0,assistant,What are you hoping to find?
public_07,validation,syn_14542c8bff115e28601d3d1528ef7fa4,30,authored_templates_not_real_transcripts,1,user,I would like to build a lasting relationship.
public_07,validation,syn_14542c8bff115e28601d3d1528ef7fa4,30,authored_templates_not_real_transcripts,2,assistant,What pace feels comfortable?
public_07,validation,syn_14542c8bff115e28601d3d1528ef7fa4,30,authored_templates_not_real_transcripts,3,user,A steady pace suits me.
public_07,validation,syn_14542c8bff115e28601d3d1528ef7fa4,30,authored_templates_not_real_transcripts,4,assistant,How do you tend to spend free time?
public_07,validation,syn_14542c8bff115e28601d3d1528ef7fa4,30,authored_templates_not_real_transcripts,5,user,I like a mixture of quiet time and seeing people.
public_07,validation,syn_14542c8bff115e28601d3d1528ef7fa4,30,authored_templates_not_real_transcripts,6,assistant,What kinds of conversation do you enjoy?
public_07,validation,syn_14542c8bff115e28601d3d1528ef7fa4,30,authored_templates_not_real_transcripts,7,user,I like a playful conversation.
public_07,validation,syn_b716fd2c679990739d1cb28901b60582,30,authored_templates_not_real_transcripts,0,assistant,What are you hoping to find?
public_07,validation,syn_b716fd2c679990739d1cb28901b60582,30,authored_templates_not_real_transcripts,1,user,I would like to build a lasting relationship.
public_07,validation,syn_b716fd2c679990739d1cb28901b60582,30,authored_templates_not_real_transcripts,2,assistant,What pace feels comfortable?
public_07,validation,syn_b716fd2c679990739d1cb28901b60582,30,authored_templates_not_real_transcripts,3,user,I prefer to get to know someone gradually.
public_07,validation,syn_b716fd2c679990739d1cb28901b60582,30,authored_templates_not_real_transcripts,4,assistant,How do you tend to spend free time?
public_07,validation,syn_b716fd2c679990739d1cb28901b60582,30,authored_templates_not_real_transcripts,5,user,I enjoy having plans with people.
public_07,validation,syn_b716fd2c679990739d1cb28901b60582,30,authored_templates_not_real_transcripts,6,assistant,What kinds of conversation do you enjoy?
public_07,validation,syn_b716fd2c679990739d1cb28901b60582,30,authored_templates_not_real_transcripts,7,user,I enjoy talking about ideas.
public_07,validation,syn_573a03b8dfad5abf64e89241a2254f1d,30,authored_templates_not_real_transcripts,0,assistant,What are you hoping to find?
public_07,validation,syn_573a03b8dfad5abf64e89241a2254f1d,30,authored_templates_not_real_transcripts,1,user,I am still working out what I want.
public_07,validation,syn_573a03b8dfad5abf64e89241a2254f1d,30,authored_templates_not_real_transcripts,2,assistant,What pace feels comfortable?
public_07,validation,syn_573a03b8dfad5abf64e89241a2254f1d,30,authored_templates_not_real_transcripts,3,user,I am comfortable meeting fairly soon.
public_07,validation,syn_573a03b8dfad5abf64e89241a2254f1d,30,authored_templates_not_real_transcripts,4,assistant,How do you tend to spend free time?
public_07,validation,syn_573a03b8dfad5abf64e89241a2254f1d,30,authored_templates_not_real_transcripts,5,user,I enjoy having plans with people.
public_07,validation,syn_573a03b8dfad5abf64e89241a2254f1d,30,authored_templates_not_real_transcripts,6,assistant,What kinds of conversation do you enjoy?
public_07,validation,syn_573a03b8dfad5abf64e89241a2254f1d,30,authored_templates_not_real_transcripts,7,user,I enjoy talking about ideas.
public_07,validation,syn_b8b95bb87e12f624d7aec4cc98ea76cc,30,authored_templates_not_real_transcripts,0,assistant,What are you hoping to find?
public_07,validation,syn_b8b95bb87e12f624d7aec4cc98ea76cc,30,authored_templates_not_real_transcripts,1,user,I would like to build a lasting relationship.
public_07,validation,syn_b8b95bb87e12f624d7aec4cc98ea76cc,30,authored_templates_not_real_transcripts,2,assistant,What pace feels comfortable?
public_07,validation,syn_b8b95bb87e12f624d7aec4cc98ea76cc,30,authored_templates_not_real_transcripts,3,user,I am comfortable meeting fairly soon.
public_07,validation,syn_b96a53db8c56aab2e0c078140721d4e5,30,authored_templates_not_real_transcripts,0,assistant,What kinds of conversation do you enjoy?
public_07,validation,syn_b96a53db8c56aab2e0c078140721d4e5,30,authored_templates_not_real_transcripts,1,user,I like a playful conversation.
public_07,validation,syn_6cd41e29231b79ac3d4e536f27d8542c,30,authored_templates_not_real_transcripts,0,assistant,What are you hoping to find?
public_07,validation,syn_6cd41e29231b79ac3d4e536f27d8542c,30,authored_templates_not_real_transcripts,1,user,I am still working out what I want.
public_07,validation,syn_6cd41e29231b79ac3d4e536f27d8542c,30,authored_templates_not_real_transcripts,2,assistant,What pace feels comfortable?
public_07,validation,syn_6cd41e29231b79ac3d4e536f27d8542c,30,authored_templates_not_real_transcripts,3,user,I am comfortable meeting fairly soon.
public_07,validation,syn_6cd41e29231b79ac3d4e536f27d8542c,30,authored_templates_not_real_transcripts,4,assistant,How do you tend to spend free time?
public_07,validation,syn_6cd41e29231b79ac3d4e536f27d8542c,30,authored_templates_not_real_transcripts,5,user,I like a mixture of quiet time and seeing people.
public_07,validation,syn_6cd41e29231b79ac3d4e536f27d8542c,30,authored_templates_not_real_transcripts,6,assistant,What kinds of conversation do you enjoy?
public_07,validation,syn_6cd41e29231b79ac3d4e536f27d8542c,30,authored_templates_not_real_transcripts,7,user,I enjoy working through practical questions.
public_07,validation,syn_b408c39d2454137d63423d8431a01b97,30,authored_templates_not_real_transcripts,0,assistant,What are you hoping to find?
public_07,validation,syn_b408c39d2454137d63423d8431a01b97,30,authored_templates_not_real_transcripts,1,user,I am still working out what I want.
public_07,validation,syn_f92952a8966a085892fde0dcea9f7050,30,authored_templates_not_real_transcripts,0,assistant,What are you hoping to find?
public_07,validation,syn_f92952a8966a085892fde0dcea9f7050,30,authored_templates_not_real_transcripts,1,user,I am still working out what I want.
public_07,validation,syn_f92952a8966a085892fde0dcea9f7050,30,authored_templates_not_real_transcripts,2,assistant,What pace feels comfortable?
public_07,validation,syn_f92952a8966a085892fde0dcea9f7050,30,authored_templates_not_real_transcripts,3,user,I prefer to get to know someone gradually.
public_07,validation,syn_f92952a8966a085892fde0dcea9f7050,30,authored_templates_not_real_transcripts,4,assistant,How do you tend to spend free time?
public_07,validation,syn_f92952a8966a085892fde0dcea9f7050,30,authored_templates_not_real_transcripts,5,user,I usually prefer a quiet evening.
public_07,validation,syn_f92952a8966a085892fde0dcea9f7050,30,authored_templates_not_real_transcripts,6,assistant,What kinds of conversation do you enjoy?
public_07,validation,syn_f92952a8966a085892fde0dcea9f7050,30,authored_templates_not_real_transcripts,7,user,I enjoy talking about ideas.
public_07,validation,syn_9ee09e49e4f8aded8b0d14e1e58a6462,30,authored_templates_not_real_transcripts,0,assistant,What are you hoping to find?
public_07,validation,syn_9ee09e49e4f8aded8b0d14e1e58a6462,30,authored_templates_not_real_transcripts,1,user,I would like to build a lasting relationship.
public_07,validation,syn_9ee09e49e4f8aded8b0d14e1e58a6462,30,authored_templates_not_real_transcripts,2,assistant,What pace feels comfortable?
public_07,validation,syn_9ee09e49e4f8aded8b0d14e1e58a6462,30,authored_templates_not_real_transcripts,3,user,I prefer to get to know someone gradually.
public_07,validation,syn_9ee09e49e4f8aded8b0d14e1e58a6462,30,authored_templates_not_real_transcripts,4,assistant,How do you tend to spend free time?
public_07,validation,syn_9ee09e49e4f8aded8b0d14e1e58a6462,30,authored_templates_not_real_transcripts,5,user,I usually prefer a quiet evening.
public_07,validation,syn_9ee09e49e4f8aded8b0d14e1e58a6462,30,authored_templates_not_real_transcripts,6,assistant,What kinds of conversation do you enjoy?
public_07,validation,syn_9ee09e49e4f8aded8b0d14e1e58a6462,30,authored_templates_not_real_transcripts,7,user,I enjoy talking about ideas.
public_07,validation,syn_9583224e7d1037276bd9ea879ee314c3,30,authored_templates_not_real_transcripts,0,assistant,What are you hoping to find?
public_07,validation,syn_9583224e7d1037276bd9ea879ee314c3,30,authored_templates_not_real_transcripts,1,user,I would like to build a lasting relationship.
public_07,validation,syn_9583224e7d1037276bd9ea879ee314c3,30,authored_templates_not_real_transcripts,2,assistant,What pace feels comfortable?
public_07,validation,syn_9583224e7d1037276bd9ea879ee314c3,30,authored_templates_not_real_transcripts,3,user,I prefer to get to know someone gradually.
public_07,validation,syn_9583224e7d1037276bd9ea879ee314c3,30,authored_templates_not_real_transcripts,4,assistant,How do you tend to spend free time?
public_07,validation,syn_9583224e7d1037276bd9ea879ee314c3,30,authored_templates_not_real_transcripts,5,user,I enjoy having plans with people.
public_07,validation,syn_9583224e7d1037276bd9ea879ee314c3,30,authored_templates_not_real_transcripts,6,assistant,What kinds of conversation do you enjoy?
public_07,validation,syn_9583224e7d1037276bd9ea879ee314c3,30,authored_templates_not_real_transcripts,7,user,I enjoy talking about ideas.
public_07,validation,syn_1551ea976e4527d2ba7e4c210cdf6658,30,authored_templates_not_real_transcripts,0,assistant,What are you hoping to find?
public_07,validation,syn_1551ea976e4527d2ba7e4c210cdf6658,30,authored_templates_not_real_transcripts,1,user,I would like to build a lasting relationship.
public_07,validation,syn_1551ea976e4527d2ba7e4c210cdf6658,30,authored_templates_not_real_transcripts,2,assistant,What pace feels comfortable?
public_07,validation,syn_1551ea976e4527d2ba7e4c210cdf6658,30,authored_templates_not_real_transcripts,3,user,I am comfortable meeting fairly soon.
public_07,validation,syn_1551ea976e4527d2ba7e4c210cdf6658,30,authored_templates_not_real_transcripts,4,assistant,How do you tend to spend free time?
public_07,validation,syn_1551ea976e4527d2ba7e4c210cdf6658,30,authored_templates_not_real_transcripts,5,user,I like a mixture of quiet time and seeing people.
public_07,validation,syn_1551ea976e4527d2ba7e4c210cdf6658,30,authored_templates_not_real_transcripts,6,assistant,What kinds of conversation do you enjoy?
public_07,validation,syn_1551ea976e4527d2ba7e4c210cdf6658,30,authored_templates_not_real_transcripts,7,user,I enjoy talking about ideas.
public_07,validation,syn_c5c2bb619143326f31f63696f69ba473,30,authored_templates_not_real_transcripts,0,assistant,What are you hoping to find?
public_07,validation,syn_c5c2bb619143326f31f63696f69ba473,30,authored_templates_not_real_transcripts,1,user,I would like to build a lasting relationship.
public_07,validation,syn_c5c2bb619143326f31f63696f69ba473,30,authored_templates_not_real_transcripts,2,assistant,What pace feels comfortable?
public_07,validation,syn_c5c2bb619143326f31f63696f69ba473,30,authored_templates_not_real_transcripts,3,user,I am comfortable meeting fairly soon.
public_07,validation,syn_c5c2bb619143326f31f63696f69ba473,30,authored_templates_not_real_transcripts,4,assistant,How do you tend to spend free time?
public_07,validation,syn_c5c2bb619143326f31f63696f69ba473,30,authored_templates_not_real_transcripts,5,user,I enjoy having plans with people.
public_07,validation,syn_c5c2bb619143326f31f63696f69ba473,30,authored_templates_not_real_transcripts,6,assistant,What kinds of conversation do you enjoy?
public_07,validation,syn_c5c2bb619143326f31f63696f69ba473,30,authored_templates_not_real_transcripts,7,user,I enjoy working through practical questions.
public_07,validation,syn_3ee5977045ade35db0c4794d07c675b3,30,authored_templates_not_real_transcripts,0,assistant,What are you hoping to find?
public_07,validation,syn_3ee5977045ade35db0c4794d07c675b3,30,authored_templates_not_real_transcripts,1,user,I am still working out what I want.
public_07,validation,syn_3ee5977045ade35db0c4794d07c675b3,30,authored_templates_not_real_transcripts,2,assistant,What pace feels comfortable?
public_07,validation,syn_3ee5977045ade35db0c4794d07c675b3,30,authored_templates_not_real_transcripts,3,user,A steady pace suits me.
public_07,validation,syn_3ee5977045ade35db0c4794d07c675b3,30,authored_templates_not_real_transcripts,4,assistant,How do you tend to spend free time?
public_07,validation,syn_3ee5977045ade35db0c4794d07c675b3,30,authored_templates_not_real_transcripts,5,user,I enjoy having plans with people.
public_07,validation,syn_3ee5977045ade35db0c4794d07c675b3,30,authored_templates_not_real_transcripts,6,assistant,What kinds of conversation do you enjoy?
public_07,validation,syn_3ee5977045ade35db0c4794d07c675b3,30,authored_templates_not_real_transcripts,7,user,I like hearing the stories behind things.
public_07,validation,syn_57007838a9f766f6eba367f291ecdef7,30,authored_templates_not_real_transcripts,0,assistant,What are you hoping to find?
public_07,validation,syn_57007838a9f766f6eba367f291ecdef7,30,authored_templates_not_real_transcripts,1,user,I am still working out what I want.
public_07,validation,syn_57007838a9f766f6eba367f291ecdef7,30,authored_templates_not_real_transcripts,2,assistant,What pace feels comfortable?
public_07,validation,syn_57007838a9f766f6eba367f291ecdef7,30,authored_templates_not_real_transcripts,3,user,A steady pace suits me.
public_07,validation,syn_57007838a9f766f6eba367f291ecdef7,30,authored_templates_not_real_transcripts,4,assistant,How do you tend to spend free time?
public_07,validation,syn_57007838a9f766f6eba367f291ecdef7,30,authored_templates_not_real_transcripts,5,user,I enjoy having plans with people.
public_07,validation,syn_57007838a9f766f6eba367f291ecdef7,30,authored_templates_not_real_transcripts,6,assistant,What kinds of conversation do you enjoy?
public_07,validation,syn_57007838a9f766f6eba367f291ecdef7,30,authored_templates_not_real_transcripts,7,user,I like hearing the stories behind things.
public_07,validation,syn_b8047d1ba862c0dde95804774a9f1228,30,authored_templates_not_real_transcripts,0,assistant,What pace feels comfortable?
public_07,validation,syn_b8047d1ba862c0dde95804774a9f1228,30,authored_templates_not_real_transcripts,1,user,A steady pace suits me.
public_07,validation,syn_b8047d1ba862c0dde95804774a9f1228,30,authored_templates_not_real_transcripts,2,assistant,How do you tend to spend free time?
public_07,validation,syn_b8047d1ba862c0dde95804774a9f1228,30,authored_templates_not_real_transcripts,3,user,I enjoy having plans with people.
public_07,validation,syn_61c783b0ce6eaecc74daf8d68dc9dea3,30,authored_templates_not_real_transcripts,0,assistant,How do you tend to spend free time?
public_07,validation,syn_61c783b0ce6eaecc74daf8d68dc9dea3,30,authored_templates_not_real_transcripts,1,user,I usually prefer a quiet evening.
public_07,validation,syn_686e87f9f58ad0ac7d06497cc3cc299f,30,authored_templates_not_real_transcripts,0,assistant,How do you tend to spend free time?
public_07,validation,syn_686e87f9f58ad0ac7d06497cc3cc299f,30,authored_templates_not_real_transcripts,1,user,I enjoy having plans with people.
public_07,validation,syn_f9cafe15371bb97f5d778e91f72560b2,30,authored_templates_not_real_transcripts,0,assistant,What kinds of conversation do you enjoy?
public_07,validation,syn_f9cafe15371bb97f5d778e91f72560b2,30,authored_templates_not_real_transcripts,1,user,I enjoy working through practical questions.
public_07,validation,syn_e712d22fcebac37a97c72a6a2bb621ae,30,authored_templates_not_real_transcripts,0,assistant,What are you hoping to find?
public_07,validation,syn_e712d22fcebac37a97c72a6a2bb621ae,30,authored_templates_not_real_transcripts,1,user,I would like to build a lasting relationship.
public_07,validation,syn_e712d22fcebac37a97c72a6a2bb621ae,30,authored_templates_not_real_transcripts,2,assistant,What pace feels comfortable?
public_07,validation,syn_e712d22fcebac37a97c72a6a2bb621ae,30,authored_templates_not_real_transcripts,3,user,I am comfortable meeting fairly soon.
public_07,validation,syn_e712d22fcebac37a97c72a6a2bb621ae,30,authored_templates_not_real_transcripts,4,assistant,How do you tend to spend free time?
public_07,validation,syn_e712d22fcebac37a97c72a6a2bb621ae,30,authored_templates_not_real_transcripts,5,user,I enjoy having plans with people.
public_07,validation,syn_e712d22fcebac37a97c72a6a2bb621ae,30,authored_templates_not_real_transcripts,6,assistant,What kinds of conversation do you enjoy?
public_07,validation,syn_e712d22fcebac37a97c72a6a2bb621ae,30,authored_templates_not_real_transcripts,7,user,I like a playful conversation.
public_07,validation,syn_75c4423d368585c90037ca341d41cdd2,30,authored_templates_not_real_transcripts,0,assistant,What kinds of conversation do you enjoy?
public_07,validation,syn_75c4423d368585c90037ca341d41cdd2,30,authored_templates_not_real_transcripts,1,user,I like hearing the stories behind things.
public_07,validation,syn_6ec7357aad8264c9e184a5594fee04d2,30,authored_templates_not_real_transcripts,0,assistant,What are you hoping to find?
public_07,validation,syn_6ec7357aad8264c9e184a5594fee04d2,30,authored_templates_not_real_transcripts,1,user,I am still working out what I want.
public_07,validation,syn_6ec7357aad8264c9e184a5594fee04d2,30,authored_templates_not_real_transcripts,2,assistant,What kinds of conversation do you enjoy?
public_07,validation,syn_6ec7357aad8264c9e184a5594fee04d2,30,authored_templates_not_real_transcripts,3,user,I enjoy working through practical questions.
public_07,validation,syn_d8297187c07e8cef2c48c6ed6cf3eef0,30,authored_templates_not_real_transcripts,0,assistant,What are you hoping to find?
public_07,validation,syn_d8297187c07e8cef2c48c6ed6cf3eef0,30,authored_templates_not_real_transcripts,1,user,I am still working out what I want.
public_07,validation,syn_d8297187c07e8cef2c48c6ed6cf3eef0,30,authored_templates_not_real_transcripts,2,assistant,What pace feels comfortable?
public_07,validation,syn_d8297187c07e8cef2c48c6ed6cf3eef0,30,authored_templates_not_real_transcripts,3,user,A steady pace suits me.
public_07,validation,syn_d8297187c07e8cef2c48c6ed6cf3eef0,30,authored_templates_not_real_transcripts,4,assistant,How do you tend to spend free time?
public_07,validation,syn_d8297187c07e8cef2c48c6ed6cf3eef0,30,authored_templates_not_real_transcripts,5,user,I like a mixture of quiet time and seeing people.
public_07,validation,syn_d8297187c07e8cef2c48c6ed6cf3eef0,30,authored_templates_not_real_transcripts,6,assistant,What kinds of conversation do you enjoy?
public_07,validation,syn_d8297187c07e8cef2c48c6ed6cf3eef0,30,authored_templates_not_real_transcripts,7,user,I like hearing the stories behind things.
public_07,validation,syn_fd8122bc2d96f071c6a9fe865fc309e6,30,authored_templates_not_real_transcripts,0,assistant,What are you hoping to find?
public_07,validation,syn_fd8122bc2d96f071c6a9fe865fc309e6,30,authored_templates_not_real_transcripts,1,user,I am still working out what I want.
public_07,validation,syn_fd8122bc2d96f071c6a9fe865fc309e6,30,authored_templates_not_real_transcripts,2,assistant,What pace feels comfortable?
public_07,validation,syn_fd8122bc2d96f071c6a9fe865fc309e6,30,authored_templates_not_real_transcripts,3,user,I am comfortable meeting fairly soon.
public_07,validation,syn_fd8122bc2d96f071c6a9fe865fc309e6,30,authored_templates_not_real_transcripts,4,assistant,How do you tend to spend free time?
public_07,validation,syn_fd8122bc2d96f071c6a9fe865fc309e6,30,authored_templates_not_real_transcripts,5,user,I usually prefer a quiet evening.
public_07,validation,syn_fd8122bc2d96f071c6a9fe865fc309e6,30,authored_templates_not_real_transcripts,6,assistant,What kinds of conversation do you enjoy?
public_07,validation,syn_fd8122bc2d96f071c6a9fe865fc309e6,30,authored_templates_not_real_transcripts,7,user,I like hearing the stories behind things.
public_07,validation,syn_e085086e15d703e5c1d2ac73107e4ca0,30,authored_templates_not_real_transcripts,0,assistant,What are you hoping to find?
public_07,validation,syn_e085086e15d703e5c1d2ac73107e4ca0,30,authored_templates_not_real_transcripts,1,user,I am still working out what I want.
public_07,validation,syn_e085086e15d703e5c1d2ac73107e4ca0,30,authored_templates_not_real_transcripts,2,assistant,What pace feels comfortable?
public_07,validation,syn_e085086e15d703e5c1d2ac73107e4ca0,30,authored_templates_not_real_transcripts,3,user,A steady pace suits me.
public_07,validation,syn_e085086e15d703e5c1d2ac73107e4ca0,30,authored_templates_not_real_transcripts,4,assistant,How do you tend to spend free time?
public_07,validation,syn_e085086e15d703e5c1d2ac73107e4ca0,30,authored_templates_not_real_transcripts,5,user,I usually prefer a quiet evening.
public_07,validation,syn_e085086e15d703e5c1d2ac73107e4ca0,30,authored_templates_not_real_transcripts,6,assistant,What kinds of conversation do you enjoy?
public_07,validation,syn_e085086e15d703e5c1d2ac73107e4ca0,30,authored_templates_not_real_transcripts,7,user,I like a playful conversation.
public_07,validation,syn_3de295dd7f95a97ede178c9673e88811,30,authored_templates_not_real_transcripts,0,assistant,What are you hoping to find?
public_07,validation,syn_3de295dd7f95a97ede178c9673e88811,30,authored_templates_not_real_transcripts,1,user,I am still working out what I want.
public_07,validation,syn_3de295dd7f95a97ede178c9673e88811,30,authored_templates_not_real_transcripts,2,assistant,What pace feels comfortable?
public_07,validation,syn_3de295dd7f95a97ede178c9673e88811,30,authored_templates_not_real_transcripts,3,user,A steady pace suits me.
public_07,validation,syn_3de295dd7f95a97ede178c9673e88811,30,authored_templates_not_real_transcripts,4,assistant,How do you tend to spend free time?
public_07,validation,syn_3de295dd7f95a97ede178c9673e88811,30,authored_templates_not_real_transcripts,5,user,I enjoy having plans with people.
public_07,validation,syn_3de295dd7f95a97ede178c9673e88811,30,authored_templates_not_real_transcripts,6,assistant,What kinds of conversation do you enjoy?
public_07,validation,syn_3de295dd7f95a97ede178c9673e88811,30,authored_templates_not_real_transcripts,7,user,I enjoy talking about ideas.
public_07,validation,syn_91b7e5002d9a5860ae46a3fb28c314ec,30,authored_templates_not_real_transcripts,0,assistant,What are you hoping to find?
public_07,validation,syn_91b7e5002d9a5860ae46a3fb28c314ec,30,authored_templates_not_real_transcripts,1,user,I would like to build a lasting relationship.
public_07,validation,syn_91b7e5002d9a5860ae46a3fb28c314ec,30,authored_templates_not_real_transcripts,2,assistant,What pace feels comfortable?
public_07,validation,syn_91b7e5002d9a5860ae46a3fb28c314ec,30,authored_templates_not_real_transcripts,3,user,I am comfortable meeting fairly soon.
public_07,validation,syn_91b7e5002d9a5860ae46a3fb28c314ec,30,authored_templates_not_real_transcripts,4,assistant,How do you tend to spend free time?
public_07,validation,syn_91b7e5002d9a5860ae46a3fb28c314ec,30,authored_templates_not_real_transcripts,5,user,I enjoy having plans with people.
public_07,validation,syn_91b7e5002d9a5860ae46a3fb28c314ec,30,authored_templates_not_real_transcripts,6,assistant,What kinds of conversation do you enjoy?
public_07,validation,syn_91b7e5002d9a5860ae46a3fb28c314ec,30,authored_templates_not_real_transcripts,7,user,I like a playful conversation.
public_07,validation,syn_1b8d15f11031c19fadc9f1abd8ee0d1c,30,authored_templates_not_real_transcripts,0,assistant,What are you hoping to find?
public_07,validation,syn_1b8d15f11031c19fadc9f1abd8ee0d1c,30,authored_templates_not_real_transcripts,1,user,I would like to build a lasting relationship.
public_07,validation,syn_730e120c211bd2647b3d41ab05bacd66,30,authored_templates_not_real_transcripts,0,assistant,What are you hoping to find?
public_07,validation,syn_730e120c211bd2647b3d41ab05bacd66,30,authored_templates_not_real_transcripts,1,user,I am still working out what I want.
public_07,validation,syn_730e120c211bd2647b3d41ab05bacd66,30,authored_templates_not_real_transcripts,2,assistant,What pace feels comfortable?
public_07,validation,syn_730e120c211bd2647b3d41ab05bacd66,30,authored_templates_not_real_transcripts,3,user,I am comfortable meeting fairly soon.
public_07,validation,syn_730e120c211bd2647b3d41ab05bacd66,30,authored_templates_not_real_transcripts,4,assistant,How do you tend to spend free time?
public_07,validation,syn_730e120c211bd2647b3d41ab05bacd66,30,authored_templates_not_real_transcripts,5,user,I enjoy having plans with people.
public_07,validation,syn_730e120c211bd2647b3d41ab05bacd66,30,authored_templates_not_real_transcripts,6,assistant,What kinds of conversation do you enjoy?
public_07,validation,syn_730e120c211bd2647b3d41ab05bacd66,30,authored_templates_not_real_transcripts,7,user,I enjoy working through practical questions.
public_07,validation,syn_42b386591be280dda52f19fa176c271e,30,authored_templates_not_real_transcripts,0,assistant,What are you hoping to find?
public_07,validation,syn_42b386591be280dda52f19fa176c271e,30,authored_templates_not_real_transcripts,1,user,I would like to build a lasting relationship.
public_07,validation,syn_42b386591be280dda52f19fa176c271e,30,authored_templates_not_real_transcripts,2,assistant,What pace feels comfortable?
public_07,validation,syn_42b386591be280dda52f19fa176c271e,30,authored_templates_not_real_transcripts,3,user,I prefer to get to know someone gradually.
public_07,validation,syn_42b386591be280dda52f19fa176c271e,30,authored_templates_not_real_transcripts,4,assistant,How do you tend to spend free time?
public_07,validation,syn_42b386591be280dda52f19fa176c271e,30,authored_templates_not_real_transcripts,5,user,I usually prefer a quiet evening.
public_07,validation,syn_42b386591be280dda52f19fa176c271e,30,authored_templates_not_real_transcripts,6,assistant,What kinds of conversation do you enjoy?
public_07,validation,syn_42b386591be280dda52f19fa176c271e,30,authored_templates_not_real_transcripts,7,user,I enjoy talking about ideas.
public_07,validation,syn_cf609034bcf54c48f8b637e62f74a25c,30,authored_templates_not_real_transcripts,0,assistant,How do you tend to spend free time?
public_07,validation,syn_cf609034bcf54c48f8b637e62f74a25c,30,authored_templates_not_real_transcripts,1,user,I like a mixture of quiet time and seeing people.
public_07,validation,syn_1b393d709f17ea0f9385e36aa92af5ca,30,authored_templates_not_real_transcripts,0,assistant,What are you hoping to find?
public_07,validation,syn_1b393d709f17ea0f9385e36aa92af5ca,30,authored_templates_not_real_transcripts,1,user,I am still working out what I want.
public_07,validation,syn_1b393d709f17ea0f9385e36aa92af5ca,30,authored_templates_not_real_transcripts,2,assistant,What pace feels comfortable?
public_07,validation,syn_1b393d709f17ea0f9385e36aa92af5ca,30,authored_templates_not_real_transcripts,3,user,A steady pace suits me.
public_07,validation,syn_1b393d709f17ea0f9385e36aa92af5ca,30,authored_templates_not_real_transcripts,4,assistant,How do you tend to spend free time?
public_07,validation,syn_1b393d709f17ea0f9385e36aa92af5ca,30,authored_templates_not_real_transcripts,5,user,I usually prefer a quiet evening.
public_07,validation,syn_1b393d709f17ea0f9385e36aa92af5ca,30,authored_templates_not_real_transcripts,6,assistant,What kinds of conversation do you enjoy?
public_07,validation,syn_1b393d709f17ea0f9385e36aa92af5ca,30,authored_templates_not_real_transcripts,7,user,I like a playful conversation.
public_07,validation,syn_e252c24579bd0e85706f1ef6dd1a2e88,30,authored_templates_not_real_transcripts,0,assistant,What are you hoping to find?
public_07,validation,syn_e252c24579bd0e85706f1ef6dd1a2e88,30,authored_templates_not_real_transcripts,1,user,I would like to build a lasting relationship.
public_07,validation,syn_e252c24579bd0e85706f1ef6dd1a2e88,30,authored_templates_not_real_transcripts,2,assistant,What pace feels comfortable?
public_07,validation,syn_e252c24579bd0e85706f1ef6dd1a2e88,30,authored_templates_not_real_transcripts,3,user,I am comfortable meeting fairly soon.
public_07,validation,syn_e252c24579bd0e85706f1ef6dd1a2e88,30,authored_templates_not_real_transcripts,4,assistant,How do you tend to spend free time?
public_07,validation,syn_e252c24579bd0e85706f1ef6dd1a2e88,30,authored_templates_not_real_transcripts,5,user,I usually prefer a quiet evening.
public_07,validation,syn_e252c24579bd0e85706f1ef6dd1a2e88,30,authored_templates_not_real_transcripts,6,assistant,What kinds of conversation do you enjoy?
public_07,validation,syn_e252c24579bd0e85706f1ef6dd1a2e88,30,authored_templates_not_real_transcripts,7,user,I enjoy working through practical questions.
public_07,validation,syn_1c863f7c34f7bebb0b0f437023d70528,30,authored_templates_not_real_transcripts,0,assistant,What are you hoping to find?
public_07,validation,syn_1c863f7c34f7bebb0b0f437023d70528,30,authored_templates_not_real_transcripts,1,user,I am still working out what I want.
public_07,validation,syn_1c863f7c34f7bebb0b0f437023d70528,30,authored_templates_not_real_transcripts,2,assistant,What pace feels comfortable?
public_07,validation,syn_1c863f7c34f7bebb0b0f437023d70528,30,authored_templates_not_real_transcripts,3,user,I am comfortable meeting fairly soon.
public_07,validation,syn_1c863f7c34f7bebb0b0f437023d70528,30,authored_templates_not_real_transcripts,4,assistant,How do you tend to spend free time?
public_07,validation,syn_1c863f7c34f7bebb0b0f437023d70528,30,authored_templates_not_real_transcripts,5,user,I like a mixture of quiet time and seeing people.
public_07,validation,syn_1c863f7c34f7bebb0b0f437023d70528,30,authored_templates_not_real_transcripts,6,assistant,What kinds of conversation do you enjoy?
public_07,validation,syn_1c863f7c34f7bebb0b0f437023d70528,30,authored_templates_not_real_transcripts,7,user,I enjoy working through practical questions.
public_07,validation,syn_0623163c4f259bae488bf453dbe4b18d,30,authored_templates_not_real_transcripts,0,assistant,What kinds of conversation do you enjoy?
public_07,validation,syn_0623163c4f259bae488bf453dbe4b18d,30,authored_templates_not_real_transcripts,1,user,I enjoy talking about ideas.
public_07,validation,syn_4c09a50e42f582468235af9ff228c16f,30,authored_templates_not_real_transcripts,0,assistant,What are you hoping to find?
public_07,validation,syn_4c09a50e42f582468235af9ff228c16f,30,authored_templates_not_real_transcripts,1,user,I would like to build a lasting relationship.
public_07,validation,syn_4c09a50e42f582468235af9ff228c16f,30,authored_templates_not_real_transcripts,2,assistant,What pace feels comfortable?
public_07,validation,syn_4c09a50e42f582468235af9ff228c16f,30,authored_templates_not_real_transcripts,3,user,I am comfortable meeting fairly soon.
public_07,validation,syn_4c09a50e42f582468235af9ff228c16f,30,authored_templates_not_real_transcripts,4,assistant,How do you tend to spend free time?
public_07,validation,syn_4c09a50e42f582468235af9ff228c16f,30,authored_templates_not_real_transcripts,5,user,I enjoy having plans with people.
public_07,validation,syn_4c09a50e42f582468235af9ff228c16f,30,authored_templates_not_real_transcripts,6,assistant,What kinds of conversation do you enjoy?
public_07,validation,syn_4c09a50e42f582468235af9ff228c16f,30,authored_templates_not_real_transcripts,7,user,I like hearing the stories behind things.
public_07,validation,syn_c9df38aa8479a9ffbe9ee03ab5a917b2,30,authored_templates_not_real_transcripts,0,assistant,What are you hoping to find?
public_07,validation,syn_c9df38aa8479a9ffbe9ee03ab5a917b2,30,authored_templates_not_real_transcripts,1,user,I am still working out what I want.
public_07,validation,syn_c9df38aa8479a9ffbe9ee03ab5a917b2,30,authored_templates_not_real_transcripts,2,assistant,What pace feels comfortable?
public_07,validation,syn_c9df38aa8479a9ffbe9ee03ab5a917b2,30,authored_templates_not_real_transcripts,3,user,A steady pace suits me.
public_07,validation,syn_c9df38aa8479a9ffbe9ee03ab5a917b2,30,authored_templates_not_real_transcripts,4,assistant,How do you tend to spend free time?
public_07,validation,syn_c9df38aa8479a9ffbe9ee03ab5a917b2,30,authored_templates_not_real_transcripts,5,user,I like a mixture of quiet time and seeing people.
public_07,validation,syn_c9df38aa8479a9ffbe9ee03ab5a917b2,30,authored_templates_not_real_transcripts,6,assistant,What kinds of conversation do you enjoy?
public_07,validation,syn_c9df38aa8479a9ffbe9ee03ab5a917b2,30,authored_templates_not_real_transcripts,7,user,I like a playful conversation.
public_07,validation,syn_813e07996549616e235d37a1f6ed4cbd,30,authored_templates_not_real_transcripts,0,assistant,What pace feels comfortable?
public_07,validation,syn_813e07996549616e235d37a1f6ed4cbd,30,authored_templates_not_real_transcripts,1,user,I prefer to get to know someone gradually.
public_07,validation,syn_888ae20b6670bee86782f38f027dcdbe,30,authored_templates_not_real_transcripts,0,assistant,What are you hoping to find?
public_07,validation,syn_888ae20b6670bee86782f38f027dcdbe,30,authored_templates_not_real_transcripts,1,user,I am still working out what I want.
public_07,validation,syn_888ae20b6670bee86782f38f027dcdbe,30,authored_templates_not_real_transcripts,2,assistant,What pace feels comfortable?
public_07,validation,syn_888ae20b6670bee86782f38f027dcdbe,30,authored_templates_not_real_transcripts,3,user,I prefer to get to know someone gradually.
public_07,validation,syn_888ae20b6670bee86782f38f027dcdbe,30,authored_templates_not_real_transcripts,4,assistant,How do you tend to spend free time?
public_07,validation,syn_888ae20b6670bee86782f38f027dcdbe,30,authored_templates_not_real_transcripts,5,user,I usually prefer a quiet evening.
public_07,validation,syn_888ae20b6670bee86782f38f027dcdbe,30,authored_templates_not_real_transcripts,6,assistant,What kinds of conversation do you enjoy?
public_07,validation,syn_888ae20b6670bee86782f38f027dcdbe,30,authored_templates_not_real_transcripts,7,user,I like hearing the stories behind things.
public_07,validation,syn_87fbfc22893c5609e9edb33f210b5274,30,authored_templates_not_real_transcripts,0,assistant,What are you hoping to find?
public_07,validation,syn_87fbfc22893c5609e9edb33f210b5274,30,authored_templates_not_real_transcripts,1,user,I am still working out what I want.
public_07,validation,syn_87fbfc22893c5609e9edb33f210b5274,30,authored_templates_not_real_transcripts,2,assistant,What pace feels comfortable?
public_07,validation,syn_87fbfc22893c5609e9edb33f210b5274,30,authored_templates_not_real_transcripts,3,user,I am comfortable meeting fairly soon.
public_07,validation,syn_87fbfc22893c5609e9edb33f210b5274,30,authored_templates_not_real_transcripts,4,assistant,How do you tend to spend free time?
public_07,validation,syn_87fbfc22893c5609e9edb33f210b5274,30,authored_templates_not_real_transcripts,5,user,I usually prefer a quiet evening.
public_07,validation,syn_87fbfc22893c5609e9edb33f210b5274,30,authored_templates_not_real_transcripts,6,assistant,What kinds of conversation do you enjoy?
public_07,validation,syn_87fbfc22893c5609e9edb33f210b5274,30,authored_templates_not_real_transcripts,7,user,I like a playful conversation.
public_07,validation,syn_60ccee178fb47eb6a57dfa71f44fab46,30,authored_templates_not_real_transcripts,0,assistant,What are you hoping to find?
public_07,validation,syn_60ccee178fb47eb6a57dfa71f44fab46,30,authored_templates_not_real_transcripts,1,user,I would like to build a lasting relationship.
public_07,validation,syn_60ccee178fb47eb6a57dfa71f44fab46,30,authored_templates_not_real_transcripts,2,assistant,What pace feels comfortable?
public_07,validation,syn_60ccee178fb47eb6a57dfa71f44fab46,30,authored_templates_not_real_transcripts,3,user,I prefer to get to know someone gradually.
public_07,validation,syn_60ccee178fb47eb6a57dfa71f44fab46,30,authored_templates_not_real_transcripts,4,assistant,How do you tend to spend free time?
public_07,validation,syn_60ccee178fb47eb6a57dfa71f44fab46,30,authored_templates_not_real_transcripts,5,user,I enjoy having plans with people.
public_07,validation,syn_60ccee178fb47eb6a57dfa71f44fab46,30,authored_templates_not_real_transcripts,6,assistant,What kinds of conversation do you enjoy?
public_07,validation,syn_60ccee178fb47eb6a57dfa71f44fab46,30,authored_templates_not_real_transcripts,7,user,I enjoy working through practical questions.
public_07,validation,syn_c821d0bab19f4345722361c4ec876a0f,30,authored_templates_not_real_transcripts,0,assistant,What pace feels comfortable?
public_07,validation,syn_c821d0bab19f4345722361c4ec876a0f,30,authored_templates_not_real_transcripts,1,user,A steady pace suits me.
public_07,validation,syn_267d0b6f1ce1ddde37545beb2a1ad6b6,30,authored_templates_not_real_transcripts,0,assistant,What are you hoping to find?
public_07,validation,syn_267d0b6f1ce1ddde37545beb2a1ad6b6,30,authored_templates_not_real_transcripts,1,user,I am still working out what I want.
public_07,validation,syn_267d0b6f1ce1ddde37545beb2a1ad6b6,30,authored_templates_not_real_transcripts,2,assistant,What pace feels comfortable?
public_07,validation,syn_267d0b6f1ce1ddde37545beb2a1ad6b6,30,authored_templates_not_real_transcripts,3,user,A steady pace suits me.
public_07,validation,syn_267d0b6f1ce1ddde37545beb2a1ad6b6,30,authored_templates_not_real_transcripts,4,assistant,How do you tend to spend free time?
public_07,validation,syn_267d0b6f1ce1ddde37545beb2a1ad6b6,30,authored_templates_not_real_transcripts,5,user,I like a mixture of quiet time and seeing people.
public_07,validation,syn_267d0b6f1ce1ddde37545beb2a1ad6b6,30,authored_templates_not_real_transcripts,6,assistant,What kinds of conversation do you enjoy?
public_07,validation,syn_267d0b6f1ce1ddde37545beb2a1ad6b6,30,authored_templates_not_real_transcripts,7,user,I enjoy working through practical questions.
public_07,validation,syn_f9f644631733e03b2e1121f7e9c62cef,30,authored_templates_not_real_transcripts,0,assistant,What are you hoping to find?
public_07,validation,syn_f9f644631733e03b2e1121f7e9c62cef,30,authored_templates_not_real_transcripts,1,user,I am still working out what I want.
public_07,validation,syn_b87520850b5cdc86b34287cf94dc8e2b,30,authored_templates_not_real_transcripts,0,assistant,What are you hoping to find?
public_07,validation,syn_b87520850b5cdc86b34287cf94dc8e2b,30,authored_templates_not_real_transcripts,1,user,I am still working out what I want.
public_07,validation,syn_b87520850b5cdc86b34287cf94dc8e2b,30,authored_templates_not_real_transcripts,2,assistant,What pace feels comfortable?
public_07,validation,syn_b87520850b5cdc86b34287cf94dc8e2b,30,authored_templates_not_real_transcripts,3,user,A steady pace suits me.
public_07,validation,syn_b87520850b5cdc86b34287cf94dc8e2b,30,authored_templates_not_real_transcripts,4,assistant,How do you tend to spend free time?
public_07,validation,syn_b87520850b5cdc86b34287cf94dc8e2b,30,authored_templates_not_real_transcripts,5,user,I like a mixture of quiet time and seeing people.
public_07,validation,syn_b87520850b5cdc86b34287cf94dc8e2b,30,authored_templates_not_real_transcripts,6,assistant,What kinds of conversation do you enjoy?
public_07,validation,syn_b87520850b5cdc86b34287cf94dc8e2b,30,authored_templates_not_real_transcripts,7,user,I enjoy working through practical questions.
public_07,validation,syn_6badfc689488b1238947878d71ece0a3,30,authored_templates_not_real_transcripts,0,assistant,How do you tend to spend free time?
public_07,validation,syn_6badfc689488b1238947878d71ece0a3,30,authored_templates_not_real_transcripts,1,user,I enjoy having plans with people.
public_07,validation,syn_c419025e53a87a962324fef7921a220a,30,authored_templates_not_real_transcripts,0,assistant,What are you hoping to find?
public_07,validation,syn_c419025e53a87a962324fef7921a220a,30,authored_templates_not_real_transcripts,1,user,I am still working out what I want.
public_07,validation,syn_c419025e53a87a962324fef7921a220a,30,authored_templates_not_real_transcripts,2,assistant,What pace feels comfortable?
public_07,validation,syn_c419025e53a87a962324fef7921a220a,30,authored_templates_not_real_transcripts,3,user,I prefer to get to know someone gradually.
public_07,validation,syn_c419025e53a87a962324fef7921a220a,30,authored_templates_not_real_transcripts,4,assistant,How do you tend to spend free time?
public_07,validation,syn_c419025e53a87a962324fef7921a220a,30,authored_templates_not_real_transcripts,5,user,I like a mixture of quiet time and seeing people.
public_07,validation,syn_c419025e53a87a962324fef7921a220a,30,authored_templates_not_real_transcripts,6,assistant,What kinds of conversation do you enjoy?
public_07,validation,syn_c419025e53a87a962324fef7921a220a,30,authored_templates_not_real_transcripts,7,user,I like a playful conversation.
public_08,validation,syn_5acbe650d38a1821d0daec8e3a7b0649,30,authored_templates_not_real_transcripts,0,assistant,What are you hoping to find?
public_08,validation,syn_5acbe650d38a1821d0daec8e3a7b0649,30,authored_templates_not_real_transcripts,1,user,I would like to build a lasting relationship.
public_08,validation,syn_5acbe650d38a1821d0daec8e3a7b0649,30,authored_templates_not_real_transcripts,2,assistant,What pace feels comfortable?
public_08,validation,syn_5acbe650d38a1821d0daec8e3a7b0649,30,authored_templates_not_real_transcripts,3,user,A steady pace suits me.
public_08,validation,syn_5acbe650d38a1821d0daec8e3a7b0649,30,authored_templates_not_real_transcripts,4,assistant,How do you tend to spend free time?
public_08,validation,syn_5acbe650d38a1821d0daec8e3a7b0649,30,authored_templates_not_real_transcripts,5,user,I enjoy having plans with people.
public_08,validation,syn_5acbe650d38a1821d0daec8e3a7b0649,30,authored_templates_not_real_transcripts,6,assistant,What kinds of conversation do you enjoy?
public_08,validation,syn_5acbe650d38a1821d0daec8e3a7b0649,30,authored_templates_not_real_transcripts,7,user,I like a playful conversation.
public_08,validation,syn_ed4e7eb482d418640963dbcdfcf4c470,30,authored_templates_not_real_transcripts,0,assistant,What are you hoping to find?
public_08,validation,syn_ed4e7eb482d418640963dbcdfcf4c470,30,authored_templates_not_real_transcripts,1,user,I am still working out what I want.
public_08,validation,syn_ed4e7eb482d418640963dbcdfcf4c470,30,authored_templates_not_real_transcripts,2,assistant,What pace feels comfortable?
public_08,validation,syn_ed4e7eb482d418640963dbcdfcf4c470,30,authored_templates_not_real_transcripts,3,user,I am comfortable meeting fairly soon.
public_08,validation,syn_ed4e7eb482d418640963dbcdfcf4c470,30,authored_templates_not_real_transcripts,4,assistant,How do you tend to spend free time?
public_08,validation,syn_ed4e7eb482d418640963dbcdfcf4c470,30,authored_templates_not_real_transcripts,5,user,I usually prefer a quiet evening.
public_08,validation,syn_ed4e7eb482d418640963dbcdfcf4c470,30,authored_templates_not_real_transcripts,6,assistant,What kinds of conversation do you enjoy?
public_08,validation,syn_ed4e7eb482d418640963dbcdfcf4c470,30,authored_templates_not_real_transcripts,7,user,I enjoy talking about ideas.
public_08,validation,syn_796c9c2477746fd33b82191fdfe78612,30,authored_templates_not_real_transcripts,0,assistant,What pace feels comfortable?
public_08,validation,syn_796c9c2477746fd33b82191fdfe78612,30,authored_templates_not_real_transcripts,1,user,A steady pace suits me.
public_08,validation,syn_143c0778852901795c46c1f373c65c3c,30,authored_templates_not_real_transcripts,0,assistant,What are you hoping to find?
public_08,validation,syn_143c0778852901795c46c1f373c65c3c,30,authored_templates_not_real_transcripts,1,user,I would like to build a lasting relationship.
public_08,validation,syn_143c0778852901795c46c1f373c65c3c,30,authored_templates_not_real_transcripts,2,assistant,What pace feels comfortable?
public_08,validation,syn_143c0778852901795c46c1f373c65c3c,30,authored_templates_not_real_transcripts,3,user,I prefer to get to know someone gradually.
public_08,validation,syn_143c0778852901795c46c1f373c65c3c,30,authored_templates_not_real_transcripts,4,assistant,How do you tend to spend free time?
public_08,validation,syn_143c0778852901795c46c1f373c65c3c,30,authored_templates_not_real_transcripts,5,user,I usually prefer a quiet evening.
public_08,validation,syn_143c0778852901795c46c1f373c65c3c,30,authored_templates_not_real_transcripts,6,assistant,What kinds of conversation do you enjoy?
public_08,validation,syn_143c0778852901795c46c1f373c65c3c,30,authored_templates_not_real_transcripts,7,user,I like a playful conversation.
public_08,validation,syn_46409215425ee058834d4beb862e24fb,30,authored_templates_not_real_transcripts,0,assistant,What are you hoping to find?
public_08,validation,syn_46409215425ee058834d4beb862e24fb,30,authored_templates_not_real_transcripts,1,user,I would like to build a lasting relationship.
public_08,validation,syn_46409215425ee058834d4beb862e24fb,30,authored_templates_not_real_transcripts,2,assistant,What pace feels comfortable?
public_08,validation,syn_46409215425ee058834d4beb862e24fb,30,authored_templates_not_real_transcripts,3,user,A steady pace suits me.
public_08,validation,syn_46409215425ee058834d4beb862e24fb,30,authored_templates_not_real_transcripts,4,assistant,How do you tend to spend free time?
public_08,validation,syn_46409215425ee058834d4beb862e24fb,30,authored_templates_not_real_transcripts,5,user,I usually prefer a quiet evening.
public_08,validation,syn_46409215425ee058834d4beb862e24fb,30,authored_templates_not_real_transcripts,6,assistant,What kinds of conversation do you enjoy?
public_08,validation,syn_46409215425ee058834d4beb862e24fb,30,authored_templates_not_real_transcripts,7,user,I like a playful conversation.
public_08,validation,syn_db4acd6c6260e792af03a15364bca244,30,authored_templates_not_real_transcripts,0,assistant,What are you hoping to find?
public_08,validation,syn_db4acd6c6260e792af03a15364bca244,30,authored_templates_not_real_transcripts,1,user,I would like to build a lasting relationship.
public_08,validation,syn_db4acd6c6260e792af03a15364bca244,30,authored_templates_not_real_transcripts,2,assistant,What pace feels comfortable?
public_08,validation,syn_db4acd6c6260e792af03a15364bca244,30,authored_templates_not_real_transcripts,3,user,I prefer to get to know someone gradually.
public_08,validation,syn_db4acd6c6260e792af03a15364bca244,30,authored_templates_not_real_transcripts,4,assistant,How do you tend to spend free time?
public_08,validation,syn_db4acd6c6260e792af03a15364bca244,30,authored_templates_not_real_transcripts,5,user,I enjoy having plans with people.
public_08,validation,syn_db4acd6c6260e792af03a15364bca244,30,authored_templates_not_real_transcripts,6,assistant,What kinds of conversation do you enjoy?
public_08,validation,syn_db4acd6c6260e792af03a15364bca244,30,authored_templates_not_real_transcripts,7,user,I enjoy talking about ideas.
public_08,validation,syn_bc9fbd2b360e431d5f0f50a8af6f49d1,30,authored_templates_not_real_transcripts,0,assistant,What are you hoping to find?
public_08,validation,syn_bc9fbd2b360e431d5f0f50a8af6f49d1,30,authored_templates_not_real_transcripts,1,user,I would like to build a lasting relationship.
public_08,validation,syn_bc9fbd2b360e431d5f0f50a8af6f49d1,30,authored_templates_not_real_transcripts,2,assistant,What pace feels comfortable?
public_08,validation,syn_bc9fbd2b360e431d5f0f50a8af6f49d1,30,authored_templates_not_real_transcripts,3,user,A steady pace suits me.
public_08,validation,syn_bc3e3dd9e610f359b070f731bb9c367a,30,authored_templates_not_real_transcripts,0,assistant,How do you tend to spend free time?
public_08,validation,syn_bc3e3dd9e610f359b070f731bb9c367a,30,authored_templates_not_real_transcripts,1,user,I like a mixture of quiet time and seeing people.
public_08,validation,syn_858f693d4dc04c5e564c4ca6914de36d,30,authored_templates_not_real_transcripts,0,assistant,What are you hoping to find?
public_08,validation,syn_858f693d4dc04c5e564c4ca6914de36d,30,authored_templates_not_real_transcripts,1,user,I am still working out what I want.
public_08,validation,syn_858f693d4dc04c5e564c4ca6914de36d,30,authored_templates_not_real_transcripts,2,assistant,What pace feels comfortable?
public_08,validation,syn_858f693d4dc04c5e564c4ca6914de36d,30,authored_templates_not_real_transcripts,3,user,I prefer to get to know someone gradually.
public_08,validation,syn_858f693d4dc04c5e564c4ca6914de36d,30,authored_templates_not_real_transcripts,4,assistant,How do you tend to spend free time?
public_08,validation,syn_858f693d4dc04c5e564c4ca6914de36d,30,authored_templates_not_real_transcripts,5,user,I enjoy having plans with people.
public_08,validation,syn_858f693d4dc04c5e564c4ca6914de36d,30,authored_templates_not_real_transcripts,6,assistant,What kinds of conversation do you enjoy?
public_08,validation,syn_858f693d4dc04c5e564c4ca6914de36d,30,authored_templates_not_real_transcripts,7,user,I enjoy talking about ideas.
public_08,validation,syn_68048de1eba321da254e2b084c370e73,30,authored_templates_not_real_transcripts,0,assistant,What are you hoping to find?
public_08,validation,syn_68048de1eba321da254e2b084c370e73,30,authored_templates_not_real_transcripts,1,user,I would like to build a lasting relationship.
public_08,validation,syn_68048de1eba321da254e2b084c370e73,30,authored_templates_not_real_transcripts,2,assistant,What pace feels comfortable?
public_08,validation,syn_68048de1eba321da254e2b084c370e73,30,authored_templates_not_real_transcripts,3,user,I am comfortable meeting fairly soon.
public_08,validation,syn_68048de1eba321da254e2b084c370e73,30,authored_templates_not_real_transcripts,4,assistant,How do you tend to spend free time?
public_08,validation,syn_68048de1eba321da254e2b084c370e73,30,authored_templates_not_real_transcripts,5,user,I enjoy having plans with people.
public_08,validation,syn_68048de1eba321da254e2b084c370e73,30,authored_templates_not_real_transcripts,6,assistant,What kinds of conversation do you enjoy?
public_08,validation,syn_68048de1eba321da254e2b084c370e73,30,authored_templates_not_real_transcripts,7,user,I like hearing the stories behind things.
public_08,validation,syn_a0799ea27a26309ab48700433516ef6a,30,authored_templates_not_real_transcripts,0,assistant,What kinds of conversation do you enjoy?
public_08,validation,syn_a0799ea27a26309ab48700433516ef6a,30,authored_templates_not_real_transcripts,1,user,I like hearing the stories behind things.
public_08,validation,syn_ca77b0f9f23e42d68751a89b1159dd35,30,authored_templates_not_real_transcripts,0,assistant,How do you tend to spend free time?
public_08,validation,syn_ca77b0f9f23e42d68751a89b1159dd35,30,authored_templates_not_real_transcripts,1,user,I usually prefer a quiet evening.
public_08,validation,syn_c0f02141a44746e6db4abcc8f0fc4362,30,authored_templates_not_real_transcripts,0,assistant,What are you hoping to find?
public_08,validation,syn_c0f02141a44746e6db4abcc8f0fc4362,30,authored_templates_not_real_transcripts,1,user,I would like to build a lasting relationship.
public_08,validation,syn_4569b9ec65aeb2796c3a867e4a7d2e20,30,authored_templates_not_real_transcripts,0,assistant,What are you hoping to find?
public_08,validation,syn_4569b9ec65aeb2796c3a867e4a7d2e20,30,authored_templates_not_real_transcripts,1,user,I am still working out what I want.
public_08,validation,syn_4569b9ec65aeb2796c3a867e4a7d2e20,30,authored_templates_not_real_transcripts,2,assistant,What pace feels comfortable?
public_08,validation,syn_4569b9ec65aeb2796c3a867e4a7d2e20,30,authored_templates_not_real_transcripts,3,user,A steady pace suits me.
public_08,validation,syn_4569b9ec65aeb2796c3a867e4a7d2e20,30,authored_templates_not_real_transcripts,4,assistant,How do you tend to spend free time?
public_08,validation,syn_4569b9ec65aeb2796c3a867e4a7d2e20,30,authored_templates_not_real_transcripts,5,user,I like a mixture of quiet time and seeing people.
public_08,validation,syn_4569b9ec65aeb2796c3a867e4a7d2e20,30,authored_templates_not_real_transcripts,6,assistant,What kinds of conversation do you enjoy?
public_08,validation,syn_4569b9ec65aeb2796c3a867e4a7d2e20,30,authored_templates_not_real_transcripts,7,user,I like a playful conversation.
public_08,validation,syn_8fff8b8f55779b7f42f7fb75a1e1af9f,30,authored_templates_not_real_transcripts,0,assistant,What are you hoping to find?
public_08,validation,syn_8fff8b8f55779b7f42f7fb75a1e1af9f,30,authored_templates_not_real_transcripts,1,user,I would like to build a lasting relationship.
public_08,validation,syn_8fff8b8f55779b7f42f7fb75a1e1af9f,30,authored_templates_not_real_transcripts,2,assistant,What pace feels comfortable?
public_08,validation,syn_8fff8b8f55779b7f42f7fb75a1e1af9f,30,authored_templates_not_real_transcripts,3,user,A steady pace suits me.
public_08,validation,syn_8fff8b8f55779b7f42f7fb75a1e1af9f,30,authored_templates_not_real_transcripts,4,assistant,How do you tend to spend free time?
public_08,validation,syn_8fff8b8f55779b7f42f7fb75a1e1af9f,30,authored_templates_not_real_transcripts,5,user,I like a mixture of quiet time and seeing people.
public_08,validation,syn_8fff8b8f55779b7f42f7fb75a1e1af9f,30,authored_templates_not_real_transcripts,6,assistant,What kinds of conversation do you enjoy?
public_08,validation,syn_8fff8b8f55779b7f42f7fb75a1e1af9f,30,authored_templates_not_real_transcripts,7,user,I like a playful conversation.
public_08,validation,syn_9c526f3d5f791d337ca8e6ac45bb1f25,30,authored_templates_not_real_transcripts,0,assistant,What are you hoping to find?
public_08,validation,syn_9c526f3d5f791d337ca8e6ac45bb1f25,30,authored_templates_not_real_transcripts,1,user,I would like to build a lasting relationship.
public_08,validation,syn_9c526f3d5f791d337ca8e6ac45bb1f25,30,authored_templates_not_real_transcripts,2,assistant,What pace feels comfortable?
public_08,validation,syn_9c526f3d5f791d337ca8e6ac45bb1f25,30,authored_templates_not_real_transcripts,3,user,I prefer to get to know someone gradually.
public_08,validation,syn_9c526f3d5f791d337ca8e6ac45bb1f25,30,authored_templates_not_real_transcripts,4,assistant,How do you tend to spend free time?
public_08,validation,syn_9c526f3d5f791d337ca8e6ac45bb1f25,30,authored_templates_not_real_transcripts,5,user,I usually prefer a quiet evening.
public_08,validation,syn_9c526f3d5f791d337ca8e6ac45bb1f25,30,authored_templates_not_real_transcripts,6,assistant,What kinds of conversation do you enjoy?
public_08,validation,syn_9c526f3d5f791d337ca8e6ac45bb1f25,30,authored_templates_not_real_transcripts,7,user,I like a playful conversation.
public_08,validation,syn_c86c02e5edfd6e7429f95f845b57aa6b,30,authored_templates_not_real_transcripts,0,assistant,What are you hoping to find?
public_08,validation,syn_c86c02e5edfd6e7429f95f845b57aa6b,30,authored_templates_not_real_transcripts,1,user,I would like to build a lasting relationship.
public_08,validation,syn_c86c02e5edfd6e7429f95f845b57aa6b,30,authored_templates_not_real_transcripts,2,assistant,What pace feels comfortable?
public_08,validation,syn_c86c02e5edfd6e7429f95f845b57aa6b,30,authored_templates_not_real_transcripts,3,user,I am comfortable meeting fairly soon.
public_08,validation,syn_c86c02e5edfd6e7429f95f845b57aa6b,30,authored_templates_not_real_transcripts,4,assistant,How do you tend to spend free time?
public_08,validation,syn_c86c02e5edfd6e7429f95f845b57aa6b,30,authored_templates_not_real_transcripts,5,user,I like a mixture of quiet time and seeing people.
public_08,validation,syn_c86c02e5edfd6e7429f95f845b57aa6b,30,authored_templates_not_real_transcripts,6,assistant,What kinds of conversation do you enjoy?
public_08,validation,syn_c86c02e5edfd6e7429f95f845b57aa6b,30,authored_templates_not_real_transcripts,7,user,I like hearing the stories behind things.
public_08,validation,syn_c194fd7da94bd493ca0fbb7af9292f87,30,authored_templates_not_real_transcripts,0,assistant,What are you hoping to find?
public_08,validation,syn_c194fd7da94bd493ca0fbb7af9292f87,30,authored_templates_not_real_transcripts,1,user,I would like to build a lasting relationship.
public_08,validation,syn_c194fd7da94bd493ca0fbb7af9292f87,30,authored_templates_not_real_transcripts,2,assistant,What pace feels comfortable?
public_08,validation,syn_c194fd7da94bd493ca0fbb7af9292f87,30,authored_templates_not_real_transcripts,3,user,A steady pace suits me.
public_08,validation,syn_c194fd7da94bd493ca0fbb7af9292f87,30,authored_templates_not_real_transcripts,4,assistant,How do you tend to spend free time?
public_08,validation,syn_c194fd7da94bd493ca0fbb7af9292f87,30,authored_templates_not_real_transcripts,5,user,I like a mixture of quiet time and seeing people.
public_08,validation,syn_c194fd7da94bd493ca0fbb7af9292f87,30,authored_templates_not_real_transcripts,6,assistant,What kinds of conversation do you enjoy?
public_08,validation,syn_c194fd7da94bd493ca0fbb7af9292f87,30,authored_templates_not_real_transcripts,7,user,I enjoy talking about ideas.
public_08,validation,syn_e3d51d88f0ee0846012f3b2a14a103bf,30,authored_templates_not_real_transcripts,0,assistant,What pace feels comfortable?
public_08,validation,syn_e3d51d88f0ee0846012f3b2a14a103bf,30,authored_templates_not_real_transcripts,1,user,I prefer to get to know someone gradually.
public_08,validation,syn_1b66924385a0aad575019733a44f6d3e,30,authored_templates_not_real_transcripts,0,assistant,How do you tend to spend free time?
public_08,validation,syn_1b66924385a0aad575019733a44f6d3e,30,authored_templates_not_real_transcripts,1,user,I enjoy having plans with people.
public_08,validation,syn_5f6c29836e0388e7c42b3d18e524a667,30,authored_templates_not_real_transcripts,0,assistant,What are you hoping to find?
public_08,validation,syn_5f6c29836e0388e7c42b3d18e524a667,30,authored_templates_not_real_transcripts,1,user,I would like to build a lasting relationship.
public_08,validation,syn_5f6c29836e0388e7c42b3d18e524a667,30,authored_templates_not_real_transcripts,2,assistant,What pace feels comfortable?
public_08,validation,syn_5f6c29836e0388e7c42b3d18e524a667,30,authored_templates_not_real_transcripts,3,user,A steady pace suits me.
public_08,validation,syn_5f6c29836e0388e7c42b3d18e524a667,30,authored_templates_not_real_transcripts,4,assistant,How do you tend to spend free time?
public_08,validation,syn_5f6c29836e0388e7c42b3d18e524a667,30,authored_templates_not_real_transcripts,5,user,I like a mixture of quiet time and seeing people.
public_08,validation,syn_5f6c29836e0388e7c42b3d18e524a667,30,authored_templates_not_real_transcripts,6,assistant,What kinds of conversation do you enjoy?
public_08,validation,syn_5f6c29836e0388e7c42b3d18e524a667,30,authored_templates_not_real_transcripts,7,user,I like hearing the stories behind things.
public_08,validation,syn_7d44ad51b3b123e8de3dee7e37f7f324,30,authored_templates_not_real_transcripts,0,assistant,What are you hoping to find?
public_08,validation,syn_7d44ad51b3b123e8de3dee7e37f7f324,30,authored_templates_not_real_transcripts,1,user,I am still working out what I want.
public_08,validation,syn_7d44ad51b3b123e8de3dee7e37f7f324,30,authored_templates_not_real_transcripts,2,assistant,What pace feels comfortable?
public_08,validation,syn_7d44ad51b3b123e8de3dee7e37f7f324,30,authored_templates_not_real_transcripts,3,user,I am comfortable meeting fairly soon.
public_08,validation,syn_7d44ad51b3b123e8de3dee7e37f7f324,30,authored_templates_not_real_transcripts,4,assistant,How do you tend to spend free time?
public_08,validation,syn_7d44ad51b3b123e8de3dee7e37f7f324,30,authored_templates_not_real_transcripts,5,user,I like a mixture of quiet time and seeing people.
public_08,validation,syn_7d44ad51b3b123e8de3dee7e37f7f324,30,authored_templates_not_real_transcripts,6,assistant,What kinds of conversation do you enjoy?
public_08,validation,syn_7d44ad51b3b123e8de3dee7e37f7f324,30,authored_templates_not_real_transcripts,7,user,I like a playful conversation.
public_08,validation,syn_91edf82d6d948fc6b9255a86bd065059,30,authored_templates_not_real_transcripts,0,assistant,What are you hoping to find?
public_08,validation,syn_91edf82d6d948fc6b9255a86bd065059,30,authored_templates_not_real_transcripts,1,user,I am still working out what I want.
public_08,validation,syn_91edf82d6d948fc6b9255a86bd065059,30,authored_templates_not_real_transcripts,2,assistant,What pace feels comfortable?
public_08,validation,syn_91edf82d6d948fc6b9255a86bd065059,30,authored_templates_not_real_transcripts,3,user,I prefer to get to know someone gradually.
public_08,validation,syn_91edf82d6d948fc6b9255a86bd065059,30,authored_templates_not_real_transcripts,4,assistant,How do you tend to spend free time?
public_08,validation,syn_91edf82d6d948fc6b9255a86bd065059,30,authored_templates_not_real_transcripts,5,user,I like a mixture of quiet time and seeing people.
public_08,validation,syn_91edf82d6d948fc6b9255a86bd065059,30,authored_templates_not_real_transcripts,6,assistant,What kinds of conversation do you enjoy?
public_08,validation,syn_91edf82d6d948fc6b9255a86bd065059,30,authored_templates_not_real_transcripts,7,user,I like hearing the stories behind things.
public_08,validation,syn_6cf57c56271909b318b18e5932b3f2c7,30,authored_templates_not_real_transcripts,0,assistant,What pace feels comfortable?
public_08,validation,syn_6cf57c56271909b318b18e5932b3f2c7,30,authored_templates_not_real_transcripts,1,user,A steady pace suits me.
public_08,validation,syn_6cf57c56271909b318b18e5932b3f2c7,30,authored_templates_not_real_transcripts,2,assistant,How do you tend to spend free time?
public_08,validation,syn_6cf57c56271909b318b18e5932b3f2c7,30,authored_templates_not_real_transcripts,3,user,I like a mixture of quiet time and seeing people.
public_08,validation,syn_845542023752fea3e0a95d952278eabf,30,authored_templates_not_real_transcripts,0,assistant,What are you hoping to find?
public_08,validation,syn_845542023752fea3e0a95d952278eabf,30,authored_templates_not_real_transcripts,1,user,I would like to build a lasting relationship.
public_08,validation,syn_845542023752fea3e0a95d952278eabf,30,authored_templates_not_real_transcripts,2,assistant,What pace feels comfortable?
public_08,validation,syn_845542023752fea3e0a95d952278eabf,30,authored_templates_not_real_transcripts,3,user,A steady pace suits me.
public_08,validation,syn_845542023752fea3e0a95d952278eabf,30,authored_templates_not_real_transcripts,4,assistant,How do you tend to spend free time?
public_08,validation,syn_845542023752fea3e0a95d952278eabf,30,authored_templates_not_real_transcripts,5,user,I like a mixture of quiet time and seeing people.
public_08,validation,syn_845542023752fea3e0a95d952278eabf,30,authored_templates_not_real_transcripts,6,assistant,What kinds of conversation do you enjoy?
public_08,validation,syn_845542023752fea3e0a95d952278eabf,30,authored_templates_not_real_transcripts,7,user,I enjoy working through practical questions.
public_08,validation,syn_27dd499b3303858a0bfb437016a44d31,30,authored_templates_not_real_transcripts,0,assistant,What are you hoping to find?
public_08,validation,syn_27dd499b3303858a0bfb437016a44d31,30,authored_templates_not_real_transcripts,1,user,I am still working out what I want.
public_08,validation,syn_ca316cba7509bebf3cf26dca97244104,30,authored_templates_not_real_transcripts,0,assistant,What are you hoping to find?
public_08,validation,syn_ca316cba7509bebf3cf26dca97244104,30,authored_templates_not_real_transcripts,1,user,I am still working out what I want.
public_08,validation,syn_ca316cba7509bebf3cf26dca97244104,30,authored_templates_not_real_transcripts,2,assistant,What pace feels comfortable?
public_08,validation,syn_ca316cba7509bebf3cf26dca97244104,30,authored_templates_not_real_transcripts,3,user,A steady pace suits me.
public_08,validation,syn_ca316cba7509bebf3cf26dca97244104,30,authored_templates_not_real_transcripts,4,assistant,How do you tend to spend free time?
public_08,validation,syn_ca316cba7509bebf3cf26dca97244104,30,authored_templates_not_real_transcripts,5,user,I like a mixture of quiet time and seeing people.
public_08,validation,syn_ca316cba7509bebf3cf26dca97244104,30,authored_templates_not_real_transcripts,6,assistant,What kinds of conversation do you enjoy?
public_08,validation,syn_ca316cba7509bebf3cf26dca97244104,30,authored_templates_not_real_transcripts,7,user,I enjoy talking about ideas.
public_08,validation,syn_36c1018b3e565107e4781665ebe460c3,30,authored_templates_not_real_transcripts,0,assistant,What are you hoping to find?
public_08,validation,syn_36c1018b3e565107e4781665ebe460c3,30,authored_templates_not_real_transcripts,1,user,I would like to build a lasting relationship.
public_08,validation,syn_88c3fcf0670ae03b6a7e1df45928a0e0,30,authored_templates_not_real_transcripts,0,assistant,What pace feels comfortable?
public_08,validation,syn_88c3fcf0670ae03b6a7e1df45928a0e0,30,authored_templates_not_real_transcripts,1,user,A steady pace suits me.
public_08,validation,syn_ed6982cbc86b0053b5189c674b8c7b83,30,authored_templates_not_real_transcripts,0,assistant,What are you hoping to find?
public_08,validation,syn_ed6982cbc86b0053b5189c674b8c7b83,30,authored_templates_not_real_transcripts,1,user,I am still working out what I want.
public_08,validation,syn_ed6982cbc86b0053b5189c674b8c7b83,30,authored_templates_not_real_transcripts,2,assistant,What pace feels comfortable?
public_08,validation,syn_ed6982cbc86b0053b5189c674b8c7b83,30,authored_templates_not_real_transcripts,3,user,A steady pace suits me.
public_08,validation,syn_ed6982cbc86b0053b5189c674b8c7b83,30,authored_templates_not_real_transcripts,4,assistant,How do you tend to spend free time?
public_08,validation,syn_ed6982cbc86b0053b5189c674b8c7b83,30,authored_templates_not_real_transcripts,5,user,I like a mixture of quiet time and seeing people.
public_08,validation,syn_ed6982cbc86b0053b5189c674b8c7b83,30,authored_templates_not_real_transcripts,6,assistant,What kinds of conversation do you enjoy?
public_08,validation,syn_ed6982cbc86b0053b5189c674b8c7b83,30,authored_templates_not_real_transcripts,7,user,I enjoy working through practical questions.
public_08,validation,syn_b0939bf25de9cb7f28a16f000d721d1c,30,authored_templates_not_real_transcripts,0,assistant,What are you hoping to find?
public_08,validation,syn_b0939bf25de9cb7f28a16f000d721d1c,30,authored_templates_not_real_transcripts,1,user,I would like to build a lasting relationship.
public_08,validation,syn_b0939bf25de9cb7f28a16f000d721d1c,30,authored_templates_not_real_transcripts,2,assistant,What pace feels comfortable?
public_08,validation,syn_b0939bf25de9cb7f28a16f000d721d1c,30,authored_templates_not_real_transcripts,3,user,A steady pace suits me.
public_08,validation,syn_b0939bf25de9cb7f28a16f000d721d1c,30,authored_templates_not_real_transcripts,4,assistant,How do you tend to spend free time?
public_08,validation,syn_b0939bf25de9cb7f28a16f000d721d1c,30,authored_templates_not_real_transcripts,5,user,I enjoy having plans with people.
public_08,validation,syn_b0939bf25de9cb7f28a16f000d721d1c,30,authored_templates_not_real_transcripts,6,assistant,What kinds of conversation do you enjoy?
public_08,validation,syn_b0939bf25de9cb7f28a16f000d721d1c,30,authored_templates_not_real_transcripts,7,user,I enjoy talking about ideas.
public_08,validation,syn_7b9bf24e279dde6ac438d28af1182c64,30,authored_templates_not_real_transcripts,0,assistant,What are you hoping to find?
public_08,validation,syn_7b9bf24e279dde6ac438d28af1182c64,30,authored_templates_not_real_transcripts,1,user,I would like to build a lasting relationship.
public_08,validation,syn_7b9bf24e279dde6ac438d28af1182c64,30,authored_templates_not_real_transcripts,2,assistant,What pace feels comfortable?
public_08,validation,syn_7b9bf24e279dde6ac438d28af1182c64,30,authored_templates_not_real_transcripts,3,user,I prefer to get to know someone gradually.
public_08,validation,syn_7b9bf24e279dde6ac438d28af1182c64,30,authored_templates_not_real_transcripts,4,assistant,How do you tend to spend free time?
public_08,validation,syn_7b9bf24e279dde6ac438d28af1182c64,30,authored_templates_not_real_transcripts,5,user,I like a mixture of quiet time and seeing people.
public_08,validation,syn_7b9bf24e279dde6ac438d28af1182c64,30,authored_templates_not_real_transcripts,6,assistant,What kinds of conversation do you enjoy?
public_08,validation,syn_7b9bf24e279dde6ac438d28af1182c64,30,authored_templates_not_real_transcripts,7,user,I like a playful conversation.
public_08,validation,syn_40fb0b1ea6de9d0b01896a503063f863,30,authored_templates_not_real_transcripts,0,assistant,What pace feels comfortable?
public_08,validation,syn_40fb0b1ea6de9d0b01896a503063f863,30,authored_templates_not_real_transcripts,1,user,A steady pace suits me.
public_08,validation,syn_62dab0098cad45f793d91bcd7ac17cfe,30,authored_templates_not_real_transcripts,0,assistant,What kinds of conversation do you enjoy?
public_08,validation,syn_62dab0098cad45f793d91bcd7ac17cfe,30,authored_templates_not_real_transcripts,1,user,I enjoy working through practical questions.
public_08,validation,syn_0c709f8b3259fe59be1b27351ac7d809,30,authored_templates_not_real_transcripts,0,assistant,What pace feels comfortable?
public_08,validation,syn_0c709f8b3259fe59be1b27351ac7d809,30,authored_templates_not_real_transcripts,1,user,I prefer to get to know someone gradually.
public_08,validation,syn_cee2c4eac024ca3248562daa05e002b5,30,authored_templates_not_real_transcripts,0,assistant,What are you hoping to find?
public_08,validation,syn_cee2c4eac024ca3248562daa05e002b5,30,authored_templates_not_real_transcripts,1,user,I am still working out what I want.
public_08,validation,syn_ae94e39d79018cfbaead4178dfba523a,30,authored_templates_not_real_transcripts,0,assistant,What are you hoping to find?
public_08,validation,syn_ae94e39d79018cfbaead4178dfba523a,30,authored_templates_not_real_transcripts,1,user,I would like to build a lasting relationship.
public_08,validation,syn_ae94e39d79018cfbaead4178dfba523a,30,authored_templates_not_real_transcripts,2,assistant,What pace feels comfortable?
public_08,validation,syn_ae94e39d79018cfbaead4178dfba523a,30,authored_templates_not_real_transcripts,3,user,A steady pace suits me.
public_08,validation,syn_ae94e39d79018cfbaead4178dfba523a,30,authored_templates_not_real_transcripts,4,assistant,How do you tend to spend free time?
public_08,validation,syn_ae94e39d79018cfbaead4178dfba523a,30,authored_templates_not_real_transcripts,5,user,I usually prefer a quiet evening.
public_08,validation,syn_ae94e39d79018cfbaead4178dfba523a,30,authored_templates_not_real_transcripts,6,assistant,What kinds of conversation do you enjoy?
public_08,validation,syn_ae94e39d79018cfbaead4178dfba523a,30,authored_templates_not_real_transcripts,7,user,I enjoy talking about ideas.
public_08,validation,syn_10f09201189b30c0799374b18e8a5e9a,30,authored_templates_not_real_transcripts,0,assistant,What are you hoping to find?
public_08,validation,syn_10f09201189b30c0799374b18e8a5e9a,30,authored_templates_not_real_transcripts,1,user,I would like to build a lasting relationship.
public_08,validation,syn_10f09201189b30c0799374b18e8a5e9a,30,authored_templates_not_real_transcripts,2,assistant,What pace feels comfortable?
public_08,validation,syn_10f09201189b30c0799374b18e8a5e9a,30,authored_templates_not_real_transcripts,3,user,A steady pace suits me.
public_08,validation,syn_10f09201189b30c0799374b18e8a5e9a,30,authored_templates_not_real_transcripts,4,assistant,How do you tend to spend free time?
public_08,validation,syn_10f09201189b30c0799374b18e8a5e9a,30,authored_templates_not_real_transcripts,5,user,I usually prefer a quiet evening.
public_08,validation,syn_10f09201189b30c0799374b18e8a5e9a,30,authored_templates_not_real_transcripts,6,assistant,What kinds of conversation do you enjoy?
public_08,validation,syn_10f09201189b30c0799374b18e8a5e9a,30,authored_templates_not_real_transcripts,7,user,I enjoy talking about ideas.
public_08,validation,syn_3116acff46ddb88da5ab15d9b0689845,30,authored_templates_not_real_transcripts,0,assistant,What are you hoping to find?
public_08,validation,syn_3116acff46ddb88da5ab15d9b0689845,30,authored_templates_not_real_transcripts,1,user,I am still working out what I want.
public_08,validation,syn_3116acff46ddb88da5ab15d9b0689845,30,authored_templates_not_real_transcripts,2,assistant,What pace feels comfortable?
public_08,validation,syn_3116acff46ddb88da5ab15d9b0689845,30,authored_templates_not_real_transcripts,3,user,I prefer to get to know someone gradually.
public_08,validation,syn_3116acff46ddb88da5ab15d9b0689845,30,authored_templates_not_real_transcripts,4,assistant,How do you tend to spend free time?
public_08,validation,syn_3116acff46ddb88da5ab15d9b0689845,30,authored_templates_not_real_transcripts,5,user,I usually prefer a quiet evening.
public_08,validation,syn_3116acff46ddb88da5ab15d9b0689845,30,authored_templates_not_real_transcripts,6,assistant,What kinds of conversation do you enjoy?
public_08,validation,syn_3116acff46ddb88da5ab15d9b0689845,30,authored_templates_not_real_transcripts,7,user,I like a playful conversation.
public_08,validation,syn_7ea74c04290c21f62d75f3c1a9c699ef,30,authored_templates_not_real_transcripts,0,assistant,What pace feels comfortable?
public_08,validation,syn_7ea74c04290c21f62d75f3c1a9c699ef,30,authored_templates_not_real_transcripts,1,user,I prefer to get to know someone gradually.
public_08,validation,syn_7ea74c04290c21f62d75f3c1a9c699ef,30,authored_templates_not_real_transcripts,2,assistant,What kinds of conversation do you enjoy?
public_08,validation,syn_7ea74c04290c21f62d75f3c1a9c699ef,30,authored_templates_not_real_transcripts,3,user,I like hearing the stories behind things.
public_08,validation,syn_62dccb2516261f704ef3c2c392d8db92,30,authored_templates_not_real_transcripts,0,assistant,How do you tend to spend free time?
public_08,validation,syn_62dccb2516261f704ef3c2c392d8db92,30,authored_templates_not_real_transcripts,1,user,I usually prefer a quiet evening.
public_08,validation,syn_506f5686c1f2c5c96179dcea961ff5b7,30,authored_templates_not_real_transcripts,0,assistant,What are you hoping to find?
public_08,validation,syn_506f5686c1f2c5c96179dcea961ff5b7,30,authored_templates_not_real_transcripts,1,user,I would like to build a lasting relationship.
public_08,validation,syn_506f5686c1f2c5c96179dcea961ff5b7,30,authored_templates_not_real_transcripts,2,assistant,What pace feels comfortable?
public_08,validation,syn_506f5686c1f2c5c96179dcea961ff5b7,30,authored_templates_not_real_transcripts,3,user,A steady pace suits me.
public_08,validation,syn_506f5686c1f2c5c96179dcea961ff5b7,30,authored_templates_not_real_transcripts,4,assistant,How do you tend to spend free time?
public_08,validation,syn_506f5686c1f2c5c96179dcea961ff5b7,30,authored_templates_not_real_transcripts,5,user,I like a mixture of quiet time and seeing people.
public_08,validation,syn_506f5686c1f2c5c96179dcea961ff5b7,30,authored_templates_not_real_transcripts,6,assistant,What kinds of conversation do you enjoy?
public_08,validation,syn_506f5686c1f2c5c96179dcea961ff5b7,30,authored_templates_not_real_transcripts,7,user,I like a playful conversation.
public_08,validation,syn_c1b12023c2b3df940b4c01de5a7bf0cf,30,authored_templates_not_real_transcripts,0,assistant,What are you hoping to find?
public_08,validation,syn_c1b12023c2b3df940b4c01de5a7bf0cf,30,authored_templates_not_real_transcripts,1,user,I would like to build a lasting relationship.
public_08,validation,syn_c1b12023c2b3df940b4c01de5a7bf0cf,30,authored_templates_not_real_transcripts,2,assistant,What pace feels comfortable?
public_08,validation,syn_c1b12023c2b3df940b4c01de5a7bf0cf,30,authored_templates_not_real_transcripts,3,user,I prefer to get to know someone gradually.
public_08,validation,syn_c1b12023c2b3df940b4c01de5a7bf0cf,30,authored_templates_not_real_transcripts,4,assistant,How do you tend to spend free time?
public_08,validation,syn_c1b12023c2b3df940b4c01de5a7bf0cf,30,authored_templates_not_real_transcripts,5,user,I like a mixture of quiet time and seeing people.
public_08,validation,syn_c1b12023c2b3df940b4c01de5a7bf0cf,30,authored_templates_not_real_transcripts,6,assistant,What kinds of conversation do you enjoy?
public_08,validation,syn_c1b12023c2b3df940b4c01de5a7bf0cf,30,authored_templates_not_real_transcripts,7,user,I like hearing the stories behind things.
public_08,validation,syn_1d3083dd7b841a30ba21d61462275178,30,authored_templates_not_real_transcripts,0,assistant,What kinds of conversation do you enjoy?
public_08,validation,syn_1d3083dd7b841a30ba21d61462275178,30,authored_templates_not_real_transcripts,1,user,I like a playful conversation.
public_08,validation,syn_dab60326cf2bdffb13cbfe06a64b0410,30,authored_templates_not_real_transcripts,0,assistant,What kinds of conversation do you enjoy?
public_08,validation,syn_dab60326cf2bdffb13cbfe06a64b0410,30,authored_templates_not_real_transcripts,1,user,I enjoy working through practical questions.
public_08,validation,syn_d9d799b5872fe2ce0188df87b10cee95,30,authored_templates_not_real_transcripts,0,assistant,What are you hoping to find?
public_08,validation,syn_d9d799b5872fe2ce0188df87b10cee95,30,authored_templates_not_real_transcripts,1,user,I would like to build a lasting relationship.
public_08,validation,syn_e70d3c4f1e660624b9845df3b8768dea,30,authored_templates_not_real_transcripts,0,assistant,How do you tend to spend free time?
public_08,validation,syn_e70d3c4f1e660624b9845df3b8768dea,30,authored_templates_not_real_transcripts,1,user,I enjoy having plans with people.
public_08,validation,syn_bb9ae005f6eda18d83741f91ce978ea7,30,authored_templates_not_real_transcripts,0,assistant,What kinds of conversation do you enjoy?
public_08,validation,syn_bb9ae005f6eda18d83741f91ce978ea7,30,authored_templates_not_real_transcripts,1,user,I like hearing the stories behind things.
public_08,validation,syn_d6c107c4b905f822d30abe1ad4e37527,30,authored_templates_not_real_transcripts,0,assistant,What are you hoping to find?
public_08,validation,syn_d6c107c4b905f822d30abe1ad4e37527,30,authored_templates_not_real_transcripts,1,user,I would like to build a lasting relationship.
public_08,validation,syn_d6c107c4b905f822d30abe1ad4e37527,30,authored_templates_not_real_transcripts,2,assistant,What pace feels comfortable?
public_08,validation,syn_d6c107c4b905f822d30abe1ad4e37527,30,authored_templates_not_real_transcripts,3,user,I prefer to get to know someone gradually.
public_08,validation,syn_d6c107c4b905f822d30abe1ad4e37527,30,authored_templates_not_real_transcripts,4,assistant,How do you tend to spend free time?
public_08,validation,syn_d6c107c4b905f822d30abe1ad4e37527,30,authored_templates_not_real_transcripts,5,user,I enjoy having plans with people.
public_08,validation,syn_d6c107c4b905f822d30abe1ad4e37527,30,authored_templates_not_real_transcripts,6,assistant,What kinds of conversation do you enjoy?
public_08,validation,syn_d6c107c4b905f822d30abe1ad4e37527,30,authored_templates_not_real_transcripts,7,user,I enjoy working through practical questions.
public_08,validation,syn_9cd29f813a0c3f41ec396ea6de024b96,30,authored_templates_not_real_transcripts,0,assistant,How do you tend to spend free time?
public_08,validation,syn_9cd29f813a0c3f41ec396ea6de024b96,30,authored_templates_not_real_transcripts,1,user,I usually prefer a quiet evening.
public_08,validation,syn_19b40b0a1d97aeea75e5e8d7a463751c,30,authored_templates_not_real_transcripts,0,assistant,What are you hoping to find?
public_08,validation,syn_19b40b0a1d97aeea75e5e8d7a463751c,30,authored_templates_not_real_transcripts,1,user,I am still working out what I want.
public_08,validation,syn_19b40b0a1d97aeea75e5e8d7a463751c,30,authored_templates_not_real_transcripts,2,assistant,What pace feels comfortable?
public_08,validation,syn_19b40b0a1d97aeea75e5e8d7a463751c,30,authored_templates_not_real_transcripts,3,user,I prefer to get to know someone gradually.
public_08,validation,syn_19b40b0a1d97aeea75e5e8d7a463751c,30,authored_templates_not_real_transcripts,4,assistant,How do you tend to spend free time?
public_08,validation,syn_19b40b0a1d97aeea75e5e8d7a463751c,30,authored_templates_not_real_transcripts,5,user,I like a mixture of quiet time and seeing people.
public_08,validation,syn_19b40b0a1d97aeea75e5e8d7a463751c,30,authored_templates_not_real_transcripts,6,assistant,What kinds of conversation do you enjoy?
public_08,validation,syn_19b40b0a1d97aeea75e5e8d7a463751c,30,authored_templates_not_real_transcripts,7,user,I enjoy working through practical questions.
public_08,validation,syn_12c7cb677b331024461e39406742da8e,30,authored_templates_not_real_transcripts,0,assistant,What are you hoping to find?
public_08,validation,syn_12c7cb677b331024461e39406742da8e,30,authored_templates_not_real_transcripts,1,user,I am still working out what I want.
public_08,validation,syn_12c7cb677b331024461e39406742da8e,30,authored_templates_not_real_transcripts,2,assistant,What pace feels comfortable?
public_08,validation,syn_12c7cb677b331024461e39406742da8e,30,authored_templates_not_real_transcripts,3,user,I am comfortable meeting fairly soon.
public_08,validation,syn_12c7cb677b331024461e39406742da8e,30,authored_templates_not_real_transcripts,4,assistant,How do you tend to spend free time?
public_08,validation,syn_12c7cb677b331024461e39406742da8e,30,authored_templates_not_real_transcripts,5,user,I enjoy having plans with people.
public_08,validation,syn_12c7cb677b331024461e39406742da8e,30,authored_templates_not_real_transcripts,6,assistant,What kinds of conversation do you enjoy?
public_08,validation,syn_12c7cb677b331024461e39406742da8e,30,authored_templates_not_real_transcripts,7,user,I like hearing the stories behind things.
public_08,validation,syn_a83b1060fcdafb1c0800dee3ceaaaee4,30,authored_templates_not_real_transcripts,0,assistant,What are you hoping to find?
public_08,validation,syn_a83b1060fcdafb1c0800dee3ceaaaee4,30,authored_templates_not_real_transcripts,1,user,I am still working out what I want.
public_08,validation,syn_a83b1060fcdafb1c0800dee3ceaaaee4,30,authored_templates_not_real_transcripts,2,assistant,What pace feels comfortable?
public_08,validation,syn_a83b1060fcdafb1c0800dee3ceaaaee4,30,authored_templates_not_real_transcripts,3,user,A steady pace suits me.
public_08,validation,syn_a83b1060fcdafb1c0800dee3ceaaaee4,30,authored_templates_not_real_transcripts,4,assistant,How do you tend to spend free time?
public_08,validation,syn_a83b1060fcdafb1c0800dee3ceaaaee4,30,authored_templates_not_real_transcripts,5,user,I like a mixture of quiet time and seeing people.
public_08,validation,syn_a83b1060fcdafb1c0800dee3ceaaaee4,30,authored_templates_not_real_transcripts,6,assistant,What kinds of conversation do you enjoy?
public_08,validation,syn_a83b1060fcdafb1c0800dee3ceaaaee4,30,authored_templates_not_real_transcripts,7,user,I enjoy talking about ideas.
public_08,validation,syn_cc026958ed7c938cd4ae1d8da903d341,30,authored_templates_not_real_transcripts,0,assistant,What pace feels comfortable?
public_08,validation,syn_cc026958ed7c938cd4ae1d8da903d341,30,authored_templates_not_real_transcripts,1,user,I am comfortable meeting fairly soon.
public_08,validation,syn_cc026958ed7c938cd4ae1d8da903d341,30,authored_templates_not_real_transcripts,2,assistant,What kinds of conversation do you enjoy?
public_08,validation,syn_cc026958ed7c938cd4ae1d8da903d341,30,authored_templates_not_real_transcripts,3,user,I enjoy working through practical questions.
public_08,validation,syn_7f25b8e1b3b12d00a48d2c9bf170c8c0,30,authored_templates_not_real_transcripts,0,assistant,How do you tend to spend free time?
public_08,validation,syn_7f25b8e1b3b12d00a48d2c9bf170c8c0,30,authored_templates_not_real_transcripts,1,user,I like a mixture of quiet time and seeing people.
public_08,validation,syn_4683ec17f32cbf01bf061822c27505c6,30,authored_templates_not_real_transcripts,0,assistant,What are you hoping to find?
public_08,validation,syn_4683ec17f32cbf01bf061822c27505c6,30,authored_templates_not_real_transcripts,1,user,I am still working out what I want.
public_08,validation,syn_c35478d2f5a73ae0e398b26616306d2b,30,authored_templates_not_real_transcripts,0,assistant,How do you tend to spend free time?
public_08,validation,syn_c35478d2f5a73ae0e398b26616306d2b,30,authored_templates_not_real_transcripts,1,user,I usually prefer a quiet evening.
public_08,validation,syn_60baf3acdcffb71d555c54c207f24848,30,authored_templates_not_real_transcripts,0,assistant,What are you hoping to find?
public_08,validation,syn_60baf3acdcffb71d555c54c207f24848,30,authored_templates_not_real_transcripts,1,user,I am still working out what I want.
public_08,validation,syn_60baf3acdcffb71d555c54c207f24848,30,authored_templates_not_real_transcripts,2,assistant,What pace feels comfortable?
public_08,validation,syn_60baf3acdcffb71d555c54c207f24848,30,authored_templates_not_real_transcripts,3,user,I am comfortable meeting fairly soon.
public_08,validation,syn_60baf3acdcffb71d555c54c207f24848,30,authored_templates_not_real_transcripts,4,assistant,How do you tend to spend free time?
public_08,validation,syn_60baf3acdcffb71d555c54c207f24848,30,authored_templates_not_real_transcripts,5,user,I enjoy having plans with people.
public_08,validation,syn_60baf3acdcffb71d555c54c207f24848,30,authored_templates_not_real_transcripts,6,assistant,What kinds of conversation do you enjoy?
public_08,validation,syn_60baf3acdcffb71d555c54c207f24848,30,authored_templates_not_real_transcripts,7,user,I enjoy working through practical questions.
public_08,validation,syn_0c67573b1f57ba2825bf71fc8122d2c9,30,authored_templates_not_real_transcripts,0,assistant,What are you hoping to find?
public_08,validation,syn_0c67573b1f57ba2825bf71fc8122d2c9,30,authored_templates_not_real_transcripts,1,user,I am still working out what I want.
public_08,validation,syn_0c67573b1f57ba2825bf71fc8122d2c9,30,authored_templates_not_real_transcripts,2,assistant,What pace feels comfortable?
public_08,validation,syn_0c67573b1f57ba2825bf71fc8122d2c9,30,authored_templates_not_real_transcripts,3,user,I am comfortable meeting fairly soon.
public_08,validation,syn_0c67573b1f57ba2825bf71fc8122d2c9,30,authored_templates_not_real_transcripts,4,assistant,How do you tend to spend free time?
public_08,validation,syn_0c67573b1f57ba2825bf71fc8122d2c9,30,authored_templates_not_real_transcripts,5,user,I enjoy having plans with people.
public_08,validation,syn_0c67573b1f57ba2825bf71fc8122d2c9,30,authored_templates_not_real_transcripts,6,assistant,What kinds of conversation do you enjoy?
public_08,validation,syn_0c67573b1f57ba2825bf71fc8122d2c9,30,authored_templates_not_real_transcripts,7,user,I like hearing the stories behind things.
public_08,validation,syn_b4f0140f7e7ef90dc21c19b672848b1e,30,authored_templates_not_real_transcripts,0,assistant,What are you hoping to find?
public_08,validation,syn_b4f0140f7e7ef90dc21c19b672848b1e,30,authored_templates_not_real_transcripts,1,user,I would like to build a lasting relationship.
public_08,validation,syn_b4f0140f7e7ef90dc21c19b672848b1e,30,authored_templates_not_real_transcripts,2,assistant,What pace feels comfortable?
public_08,validation,syn_b4f0140f7e7ef90dc21c19b672848b1e,30,authored_templates_not_real_transcripts,3,user,I prefer to get to know someone gradually.
public_08,validation,syn_db7f24c2503c7b92338c00e1fd3b3f01,30,authored_templates_not_real_transcripts,0,assistant,What are you hoping to find?
public_08,validation,syn_db7f24c2503c7b92338c00e1fd3b3f01,30,authored_templates_not_real_transcripts,1,user,I would like to build a lasting relationship.
public_08,validation,syn_db7f24c2503c7b92338c00e1fd3b3f01,30,authored_templates_not_real_transcripts,2,assistant,What pace feels comfortable?
public_08,validation,syn_db7f24c2503c7b92338c00e1fd3b3f01,30,authored_templates_not_real_transcripts,3,user,I prefer to get to know someone gradually.
public_08,validation,syn_db7f24c2503c7b92338c00e1fd3b3f01,30,authored_templates_not_real_transcripts,4,assistant,How do you tend to spend free time?
public_08,validation,syn_db7f24c2503c7b92338c00e1fd3b3f01,30,authored_templates_not_real_transcripts,5,user,I usually prefer a quiet evening.
public_08,validation,syn_db7f24c2503c7b92338c00e1fd3b3f01,30,authored_templates_not_real_transcripts,6,assistant,What kinds of conversation do you enjoy?
public_08,validation,syn_db7f24c2503c7b92338c00e1fd3b3f01,30,authored_templates_not_real_transcripts,7,user,I enjoy talking about ideas.
public_08,validation,syn_09e5c8f65bc3162da867eb43ca213565,30,authored_templates_not_real_transcripts,0,assistant,What are you hoping to find?
public_08,validation,syn_09e5c8f65bc3162da867eb43ca213565,30,authored_templates_not_real_transcripts,1,user,I am still working out what I want.
public_08,validation,syn_09e5c8f65bc3162da867eb43ca213565,30,authored_templates_not_real_transcripts,2,assistant,What pace feels comfortable?
public_08,validation,syn_09e5c8f65bc3162da867eb43ca213565,30,authored_templates_not_real_transcripts,3,user,A steady pace suits me.
public_08,validation,syn_09e5c8f65bc3162da867eb43ca213565,30,authored_templates_not_real_transcripts,4,assistant,How do you tend to spend free time?
public_08,validation,syn_09e5c8f65bc3162da867eb43ca213565,30,authored_templates_not_real_transcripts,5,user,I enjoy having plans with people.
public_08,validation,syn_09e5c8f65bc3162da867eb43ca213565,30,authored_templates_not_real_transcripts,6,assistant,What kinds of conversation do you enjoy?
public_08,validation,syn_09e5c8f65bc3162da867eb43ca213565,30,authored_templates_not_real_transcripts,7,user,I enjoy talking about ideas.
public_08,validation,syn_e93014fcbde73d2035ed675e7b6c0242,30,authored_templates_not_real_transcripts,0,assistant,What are you hoping to find?
public_08,validation,syn_e93014fcbde73d2035ed675e7b6c0242,30,authored_templates_not_real_transcripts,1,user,I am still working out what I want.
public_08,validation,syn_e93014fcbde73d2035ed675e7b6c0242,30,authored_templates_not_real_transcripts,2,assistant,What pace feels comfortable?
public_08,validation,syn_e93014fcbde73d2035ed675e7b6c0242,30,authored_templates_not_real_transcripts,3,user,A steady pace suits me.
public_08,validation,syn_e93014fcbde73d2035ed675e7b6c0242,30,authored_templates_not_real_transcripts,4,assistant,How do you tend to spend free time?
public_08,validation,syn_e93014fcbde73d2035ed675e7b6c0242,30,authored_templates_not_real_transcripts,5,user,I enjoy having plans with people.
public_08,validation,syn_e93014fcbde73d2035ed675e7b6c0242,30,authored_templates_not_real_transcripts,6,assistant,What kinds of conversation do you enjoy?
public_08,validation,syn_e93014fcbde73d2035ed675e7b6c0242,30,authored_templates_not_real_transcripts,7,user,I like hearing the stories behind things.
public_08,validation,syn_e514c8d641c46dd1710790c43bedbf58,30,authored_templates_not_real_transcripts,0,assistant,What are you hoping to find?
public_08,validation,syn_e514c8d641c46dd1710790c43bedbf58,30,authored_templates_not_real_transcripts,1,user,I am still working out what I want.
public_08,validation,syn_e514c8d641c46dd1710790c43bedbf58,30,authored_templates_not_real_transcripts,2,assistant,What pace feels comfortable?
public_08,validation,syn_e514c8d641c46dd1710790c43bedbf58,30,authored_templates_not_real_transcripts,3,user,A steady pace suits me.
public_08,validation,syn_e514c8d641c46dd1710790c43bedbf58,30,authored_templates_not_real_transcripts,4,assistant,How do you tend to spend free time?
public_08,validation,syn_e514c8d641c46dd1710790c43bedbf58,30,authored_templates_not_real_transcripts,5,user,I usually prefer a quiet evening.
public_08,validation,syn_e514c8d641c46dd1710790c43bedbf58,30,authored_templates_not_real_transcripts,6,assistant,What kinds of conversation do you enjoy?
public_08,validation,syn_e514c8d641c46dd1710790c43bedbf58,30,authored_templates_not_real_transcripts,7,user,I enjoy working through practical questions.
public_08,validation,syn_437552fa534edce08b4262dec2f0aa73,30,authored_templates_not_real_transcripts,0,assistant,What are you hoping to find?
public_08,validation,syn_437552fa534edce08b4262dec2f0aa73,30,authored_templates_not_real_transcripts,1,user,I am still working out what I want.
public_08,validation,syn_437552fa534edce08b4262dec2f0aa73,30,authored_templates_not_real_transcripts,2,assistant,What pace feels comfortable?
public_08,validation,syn_437552fa534edce08b4262dec2f0aa73,30,authored_templates_not_real_transcripts,3,user,A steady pace suits me.
public_08,validation,syn_437552fa534edce08b4262dec2f0aa73,30,authored_templates_not_real_transcripts,4,assistant,How do you tend to spend free time?
public_08,validation,syn_437552fa534edce08b4262dec2f0aa73,30,authored_templates_not_real_transcripts,5,user,I like a mixture of quiet time and seeing people.
public_08,validation,syn_437552fa534edce08b4262dec2f0aa73,30,authored_templates_not_real_transcripts,6,assistant,What kinds of conversation do you enjoy?
public_08,validation,syn_437552fa534edce08b4262dec2f0aa73,30,authored_templates_not_real_transcripts,7,user,I enjoy talking about ideas.
public_08,validation,syn_06ba6f7d72f8688dfbf905553694d72a,30,authored_templates_not_real_transcripts,0,assistant,What kinds of conversation do you enjoy?
public_08,validation,syn_06ba6f7d72f8688dfbf905553694d72a,30,authored_templates_not_real_transcripts,1,user,I like hearing the stories behind things.
public_08,validation,syn_c37ed3cb30d8a92e348dc5b9d02cf437,30,authored_templates_not_real_transcripts,0,assistant,How do you tend to spend free time?
public_08,validation,syn_c37ed3cb30d8a92e348dc5b9d02cf437,30,authored_templates_not_real_transcripts,1,user,I enjoy having plans with people.
public_08,validation,syn_3f9c1827cb864c5d12dc69a25f49db9d,30,authored_templates_not_real_transcripts,0,assistant,How do you tend to spend free time?
public_08,validation,syn_3f9c1827cb864c5d12dc69a25f49db9d,30,authored_templates_not_real_transcripts,1,user,I enjoy having plans with people.
public_08,validation,syn_66ed2d85c5c6dd954258ddc72411f25f,30,authored_templates_not_real_transcripts,0,assistant,What are you hoping to find?
public_08,validation,syn_66ed2d85c5c6dd954258ddc72411f25f,30,authored_templates_not_real_transcripts,1,user,I would like to build a lasting relationship.
public_08,validation,syn_66ed2d85c5c6dd954258ddc72411f25f,30,authored_templates_not_real_transcripts,2,assistant,What pace feels comfortable?
public_08,validation,syn_66ed2d85c5c6dd954258ddc72411f25f,30,authored_templates_not_real_transcripts,3,user,A steady pace suits me.
public_08,validation,syn_66ed2d85c5c6dd954258ddc72411f25f,30,authored_templates_not_real_transcripts,4,assistant,How do you tend to spend free time?
public_08,validation,syn_66ed2d85c5c6dd954258ddc72411f25f,30,authored_templates_not_real_transcripts,5,user,I usually prefer a quiet evening.
public_08,validation,syn_66ed2d85c5c6dd954258ddc72411f25f,30,authored_templates_not_real_transcripts,6,assistant,What kinds of conversation do you enjoy?
public_08,validation,syn_66ed2d85c5c6dd954258ddc72411f25f,30,authored_templates_not_real_transcripts,7,user,I like a playful conversation.
public_08,validation,syn_43d18aa30bcadd41bf9573fdb20f40b5,30,authored_templates_not_real_transcripts,0,assistant,What are you hoping to find?
public_08,validation,syn_43d18aa30bcadd41bf9573fdb20f40b5,30,authored_templates_not_real_transcripts,1,user,I am still working out what I want.
public_08,validation,syn_b47198feb5761c7d8b4c8515c4bccd8e,30,authored_templates_not_real_transcripts,0,assistant,What pace feels comfortable?
public_08,validation,syn_b47198feb5761c7d8b4c8515c4bccd8e,30,authored_templates_not_real_transcripts,1,user,A steady pace suits me.
public_08,validation,syn_b47198feb5761c7d8b4c8515c4bccd8e,30,authored_templates_not_real_transcripts,2,assistant,What kinds of conversation do you enjoy?
public_08,validation,syn_b47198feb5761c7d8b4c8515c4bccd8e,30,authored_templates_not_real_transcripts,3,user,I like hearing the stories behind things.
public_08,validation,syn_af0dc6779fdaf3311a049163f1bbf8b3,30,authored_templates_not_real_transcripts,0,assistant,What are you hoping to find?
public_08,validation,syn_af0dc6779fdaf3311a049163f1bbf8b3,30,authored_templates_not_real_transcripts,1,user,I am still working out what I want.
public_08,validation,syn_e873c9ddc3b41ec81c488e1c46adf54a,30,authored_templates_not_real_transcripts,0,assistant,How do you tend to spend free time?
public_08,validation,syn_e873c9ddc3b41ec81c488e1c46adf54a,30,authored_templates_not_real_transcripts,1,user,I like a mixture of quiet time and seeing people.
public_08,validation,syn_c2544d09bd92a01bc2e4c33b9a70d485,30,authored_templates_not_real_transcripts,0,assistant,What are you hoping to find?
public_08,validation,syn_c2544d09bd92a01bc2e4c33b9a70d485,30,authored_templates_not_real_transcripts,1,user,I am still working out what I want.
public_08,validation,syn_c2544d09bd92a01bc2e4c33b9a70d485,30,authored_templates_not_real_transcripts,2,assistant,What pace feels comfortable?
public_08,validation,syn_c2544d09bd92a01bc2e4c33b9a70d485,30,authored_templates_not_real_transcripts,3,user,A steady pace suits me.
public_08,validation,syn_c2544d09bd92a01bc2e4c33b9a70d485,30,authored_templates_not_real_transcripts,4,assistant,How do you tend to spend free time?
public_08,validation,syn_c2544d09bd92a01bc2e4c33b9a70d485,30,authored_templates_not_real_transcripts,5,user,I like a mixture of quiet time and seeing people.
public_08,validation,syn_c2544d09bd92a01bc2e4c33b9a70d485,30,authored_templates_not_real_transcripts,6,assistant,What kinds of conversation do you enjoy?
public_08,validation,syn_c2544d09bd92a01bc2e4c33b9a70d485,30,authored_templates_not_real_transcripts,7,user,I enjoy working through practical questions.
public_08,validation,syn_792d57380c89bfae24709f7ed802d099,30,authored_templates_not_real_transcripts,0,assistant,What are you hoping to find?
public_08,validation,syn_792d57380c89bfae24709f7ed802d099,30,authored_templates_not_real_transcripts,1,user,I am still working out what I want.
public_08,validation,syn_792d57380c89bfae24709f7ed802d099,30,authored_templates_not_real_transcripts,2,assistant,What pace feels comfortable?
public_08,validation,syn_792d57380c89bfae24709f7ed802d099,30,authored_templates_not_real_transcripts,3,user,I am comfortable meeting fairly soon.
public_08,validation,syn_792d57380c89bfae24709f7ed802d099,30,authored_templates_not_real_transcripts,4,assistant,How do you tend to spend free time?
public_08,validation,syn_792d57380c89bfae24709f7ed802d099,30,authored_templates_not_real_transcripts,5,user,I usually prefer a quiet evening.
public_08,validation,syn_792d57380c89bfae24709f7ed802d099,30,authored_templates_not_real_transcripts,6,assistant,What kinds of conversation do you enjoy?
public_08,validation,syn_792d57380c89bfae24709f7ed802d099,30,authored_templates_not_real_transcripts,7,user,I like hearing the stories behind things.
public_08,validation,syn_cd3f6ee51fb25a90916bcf47d8ad8de2,30,authored_templates_not_real_transcripts,0,assistant,What are you hoping to find?
public_08,validation,syn_cd3f6ee51fb25a90916bcf47d8ad8de2,30,authored_templates_not_real_transcripts,1,user,I am still working out what I want.
public_08,validation,syn_cd3f6ee51fb25a90916bcf47d8ad8de2,30,authored_templates_not_real_transcripts,2,assistant,What pace feels comfortable?
public_08,validation,syn_cd3f6ee51fb25a90916bcf47d8ad8de2,30,authored_templates_not_real_transcripts,3,user,A steady pace suits me.
public_08,validation,syn_cd3f6ee51fb25a90916bcf47d8ad8de2,30,authored_templates_not_real_transcripts,4,assistant,How do you tend to spend free time?
public_08,validation,syn_cd3f6ee51fb25a90916bcf47d8ad8de2,30,authored_templates_not_real_transcripts,5,user,I enjoy having plans with people.
public_08,validation,syn_cd3f6ee51fb25a90916bcf47d8ad8de2,30,authored_templates_not_real_transcripts,6,assistant,What kinds of conversation do you enjoy?
public_08,validation,syn_cd3f6ee51fb25a90916bcf47d8ad8de2,30,authored_templates_not_real_transcripts,7,user,I enjoy talking about ideas.
public_08,validation,syn_9472d5e1967a21205590fcfcdde82aa3,30,authored_templates_not_real_transcripts,0,assistant,What are you hoping to find?
public_08,validation,syn_9472d5e1967a21205590fcfcdde82aa3,30,authored_templates_not_real_transcripts,1,user,I am still working out what I want.
public_08,validation,syn_9472d5e1967a21205590fcfcdde82aa3,30,authored_templates_not_real_transcripts,2,assistant,What pace feels comfortable?
public_08,validation,syn_9472d5e1967a21205590fcfcdde82aa3,30,authored_templates_not_real_transcripts,3,user,I prefer to get to know someone gradually.
public_08,validation,syn_9472d5e1967a21205590fcfcdde82aa3,30,authored_templates_not_real_transcripts,4,assistant,How do you tend to spend free time?
public_08,validation,syn_9472d5e1967a21205590fcfcdde82aa3,30,authored_templates_not_real_transcripts,5,user,I enjoy having plans with people.
public_08,validation,syn_9472d5e1967a21205590fcfcdde82aa3,30,authored_templates_not_real_transcripts,6,assistant,What kinds of conversation do you enjoy?
public_08,validation,syn_9472d5e1967a21205590fcfcdde82aa3,30,authored_templates_not_real_transcripts,7,user,I enjoy working through practical questions.
public_08,validation,syn_ae24dd7b53ae9c7bdd1abda2b5c82668,30,authored_templates_not_real_transcripts,0,assistant,What are you hoping to find?
public_08,validation,syn_ae24dd7b53ae9c7bdd1abda2b5c82668,30,authored_templates_not_real_transcripts,1,user,I would like to build a lasting relationship.
public_08,validation,syn_ae24dd7b53ae9c7bdd1abda2b5c82668,30,authored_templates_not_real_transcripts,2,assistant,What pace feels comfortable?
public_08,validation,syn_ae24dd7b53ae9c7bdd1abda2b5c82668,30,authored_templates_not_real_transcripts,3,user,I prefer to get to know someone gradually.
public_08,validation,syn_ae24dd7b53ae9c7bdd1abda2b5c82668,30,authored_templates_not_real_transcripts,4,assistant,How do you tend to spend free time?
public_08,validation,syn_ae24dd7b53ae9c7bdd1abda2b5c82668,30,authored_templates_not_real_transcripts,5,user,I usually prefer a quiet evening.
public_08,validation,syn_ae24dd7b53ae9c7bdd1abda2b5c82668,30,authored_templates_not_real_transcripts,6,assistant,What kinds of conversation do you enjoy?
public_08,validation,syn_ae24dd7b53ae9c7bdd1abda2b5c82668,30,authored_templates_not_real_transcripts,7,user,I enjoy talking about ideas.
public_08,validation,syn_3e7ffb5ba91f6e62e376c3ffa2b1a15b,30,authored_templates_not_real_transcripts,0,assistant,What are you hoping to find?
public_08,validation,syn_3e7ffb5ba91f6e62e376c3ffa2b1a15b,30,authored_templates_not_real_transcripts,1,user,I would like to build a lasting relationship.
public_08,validation,syn_3e7ffb5ba91f6e62e376c3ffa2b1a15b,30,authored_templates_not_real_transcripts,2,assistant,What pace feels comfortable?
public_08,validation,syn_3e7ffb5ba91f6e62e376c3ffa2b1a15b,30,authored_templates_not_real_transcripts,3,user,I prefer to get to know someone gradually.
public_08,validation,syn_3e7ffb5ba91f6e62e376c3ffa2b1a15b,30,authored_templates_not_real_transcripts,4,assistant,How do you tend to spend free time?
public_08,validation,syn_3e7ffb5ba91f6e62e376c3ffa2b1a15b,30,authored_templates_not_real_transcripts,5,user,I usually prefer a quiet evening.
public_08,validation,syn_3e7ffb5ba91f6e62e376c3ffa2b1a15b,30,authored_templates_not_real_transcripts,6,assistant,What kinds of conversation do you enjoy?
public_08,validation,syn_3e7ffb5ba91f6e62e376c3ffa2b1a15b,30,authored_templates_not_real_transcripts,7,user,I enjoy talking about ideas.
public_08,validation,syn_698ae6596a92f86c09128d621970af1f,30,authored_templates_not_real_transcripts,0,assistant,What are you hoping to find?
public_08,validation,syn_698ae6596a92f86c09128d621970af1f,30,authored_templates_not_real_transcripts,1,user,I would like to build a lasting relationship.
public_08,validation,syn_698ae6596a92f86c09128d621970af1f,30,authored_templates_not_real_transcripts,2,assistant,What pace feels comfortable?
public_08,validation,syn_698ae6596a92f86c09128d621970af1f,30,authored_templates_not_real_transcripts,3,user,I prefer to get to know someone gradually.
public_08,validation,syn_698ae6596a92f86c09128d621970af1f,30,authored_templates_not_real_transcripts,4,assistant,How do you tend to spend free time?
public_08,validation,syn_698ae6596a92f86c09128d621970af1f,30,authored_templates_not_real_transcripts,5,user,I usually prefer a quiet evening.
public_08,validation,syn_698ae6596a92f86c09128d621970af1f,30,authored_templates_not_real_transcripts,6,assistant,What kinds of conversation do you enjoy?
public_08,validation,syn_698ae6596a92f86c09128d621970af1f,30,authored_templates_not_real_transcripts,7,user,I like a playful conversation.
public_08,validation,syn_c3bc08570f83f153e75bee12c83a6e77,30,authored_templates_not_real_transcripts,0,assistant,What kinds of conversation do you enjoy?
public_08,validation,syn_c3bc08570f83f153e75bee12c83a6e77,30,authored_templates_not_real_transcripts,1,user,I enjoy working through practical questions.
public_08,validation,syn_12972c7fbbeec3d81a4c4510a6e2aef1,30,authored_templates_not_real_transcripts,0,assistant,What are you hoping to find?
public_08,validation,syn_12972c7fbbeec3d81a4c4510a6e2aef1,30,authored_templates_not_real_transcripts,1,user,I am still working out what I want.
public_08,validation,syn_12972c7fbbeec3d81a4c4510a6e2aef1,30,authored_templates_not_real_transcripts,2,assistant,What pace feels comfortable?
public_08,validation,syn_12972c7fbbeec3d81a4c4510a6e2aef1,30,authored_templates_not_real_transcripts,3,user,A steady pace suits me.
public_08,validation,syn_12972c7fbbeec3d81a4c4510a6e2aef1,30,authored_templates_not_real_transcripts,4,assistant,How do you tend to spend free time?
public_08,validation,syn_12972c7fbbeec3d81a4c4510a6e2aef1,30,authored_templates_not_real_transcripts,5,user,I like a mixture of quiet time and seeing people.
public_08,validation,syn_12972c7fbbeec3d81a4c4510a6e2aef1,30,authored_templates_not_real_transcripts,6,assistant,What kinds of conversation do you enjoy?
public_08,validation,syn_12972c7fbbeec3d81a4c4510a6e2aef1,30,authored_templates_not_real_transcripts,7,user,I like a playful conversation.
public_08,validation,syn_da3823379e36eaf825533774f2a7ccf9,30,authored_templates_not_real_transcripts,0,assistant,What pace feels comfortable?
public_08,validation,syn_da3823379e36eaf825533774f2a7ccf9,30,authored_templates_not_real_transcripts,1,user,I prefer to get to know someone gradually.
public_08,validation,syn_552d078577a182440484279b7e489a4b,30,authored_templates_not_real_transcripts,0,assistant,What are you hoping to find?
public_08,validation,syn_552d078577a182440484279b7e489a4b,30,authored_templates_not_real_transcripts,1,user,I would like to build a lasting relationship.
public_08,validation,syn_552d078577a182440484279b7e489a4b,30,authored_templates_not_real_transcripts,2,assistant,What pace feels comfortable?
public_08,validation,syn_552d078577a182440484279b7e489a4b,30,authored_templates_not_real_transcripts,3,user,I prefer to get to know someone gradually.
public_08,validation,syn_552d078577a182440484279b7e489a4b,30,authored_templates_not_real_transcripts,4,assistant,How do you tend to spend free time?
public_08,validation,syn_552d078577a182440484279b7e489a4b,30,authored_templates_not_real_transcripts,5,user,I like a mixture of quiet time and seeing people.
public_08,validation,syn_552d078577a182440484279b7e489a4b,30,authored_templates_not_real_transcripts,6,assistant,What kinds of conversation do you enjoy?
public_08,validation,syn_552d078577a182440484279b7e489a4b,30,authored_templates_not_real_transcripts,7,user,I like hearing the stories behind things.
public_08,validation,syn_945773a5b00778ef79b1d42992df3c41,30,authored_templates_not_real_transcripts,0,assistant,What are you hoping to find?
public_08,validation,syn_945773a5b00778ef79b1d42992df3c41,30,authored_templates_not_real_transcripts,1,user,I would like to build a lasting relationship.
public_08,validation,syn_a966d2a759aaab55616acf336990caeb,30,authored_templates_not_real_transcripts,0,assistant,What pace feels comfortable?
public_08,validation,syn_a966d2a759aaab55616acf336990caeb,30,authored_templates_not_real_transcripts,1,user,I prefer to get to know someone gradually.
public_08,validation,syn_a966d2a759aaab55616acf336990caeb,30,authored_templates_not_real_transcripts,2,assistant,What kinds of conversation do you enjoy?
public_08,validation,syn_a966d2a759aaab55616acf336990caeb,30,authored_templates_not_real_transcripts,3,user,I like a playful conversation.
public_08,validation,syn_72c5f776ad35fbed0106ae5b3e02565d,30,authored_templates_not_real_transcripts,0,assistant,What are you hoping to find?
public_08,validation,syn_72c5f776ad35fbed0106ae5b3e02565d,30,authored_templates_not_real_transcripts,1,user,I am still working out what I want.
public_08,validation,syn_72c5f776ad35fbed0106ae5b3e02565d,30,authored_templates_not_real_transcripts,2,assistant,What pace feels comfortable?
public_08,validation,syn_72c5f776ad35fbed0106ae5b3e02565d,30,authored_templates_not_real_transcripts,3,user,A steady pace suits me.
public_08,validation,syn_72c5f776ad35fbed0106ae5b3e02565d,30,authored_templates_not_real_transcripts,4,assistant,How do you tend to spend free time?
public_08,validation,syn_72c5f776ad35fbed0106ae5b3e02565d,30,authored_templates_not_real_transcripts,5,user,I like a mixture of quiet time and seeing people.
public_08,validation,syn_72c5f776ad35fbed0106ae5b3e02565d,30,authored_templates_not_real_transcripts,6,assistant,What kinds of conversation do you enjoy?
public_08,validation,syn_72c5f776ad35fbed0106ae5b3e02565d,30,authored_templates_not_real_transcripts,7,user,I like hearing the stories behind things.
public_08,validation,syn_e3ae94c9163f229b06afa29afb5f91e4,30,authored_templates_not_real_transcripts,0,assistant,What are you hoping to find?
public_08,validation,syn_e3ae94c9163f229b06afa29afb5f91e4,30,authored_templates_not_real_transcripts,1,user,I am still working out what I want.
public_08,validation,syn_e3ae94c9163f229b06afa29afb5f91e4,30,authored_templates_not_real_transcripts,2,assistant,What pace feels comfortable?
public_08,validation,syn_e3ae94c9163f229b06afa29afb5f91e4,30,authored_templates_not_real_transcripts,3,user,I prefer to get to know someone gradually.
public_08,validation,syn_e3ae94c9163f229b06afa29afb5f91e4,30,authored_templates_not_real_transcripts,4,assistant,How do you tend to spend free time?
public_08,validation,syn_e3ae94c9163f229b06afa29afb5f91e4,30,authored_templates_not_real_transcripts,5,user,I usually prefer a quiet evening.
public_08,validation,syn_e3ae94c9163f229b06afa29afb5f91e4,30,authored_templates_not_real_transcripts,6,assistant,What kinds of conversation do you enjoy?
public_08,validation,syn_e3ae94c9163f229b06afa29afb5f91e4,30,authored_templates_not_real_transcripts,7,user,I like a playful conversation.
public_08,validation,syn_8a66ed480ae629f3e5a474726b94ace7,30,authored_templates_not_real_transcripts,0,assistant,What are you hoping to find?
public_08,validation,syn_8a66ed480ae629f3e5a474726b94ace7,30,authored_templates_not_real_transcripts,1,user,I would like to build a lasting relationship.
public_08,validation,syn_8a66ed480ae629f3e5a474726b94ace7,30,authored_templates_not_real_transcripts,2,assistant,What pace feels comfortable?
public_08,validation,syn_8a66ed480ae629f3e5a474726b94ace7,30,authored_templates_not_real_transcripts,3,user,I prefer to get to know someone gradually.
public_08,validation,syn_8a66ed480ae629f3e5a474726b94ace7,30,authored_templates_not_real_transcripts,4,assistant,How do you tend to spend free time?
public_08,validation,syn_8a66ed480ae629f3e5a474726b94ace7,30,authored_templates_not_real_transcripts,5,user,I like a mixture of quiet time and seeing people.
public_08,validation,syn_8a66ed480ae629f3e5a474726b94ace7,30,authored_templates_not_real_transcripts,6,assistant,What kinds of conversation do you enjoy?
public_08,validation,syn_8a66ed480ae629f3e5a474726b94ace7,30,authored_templates_not_real_transcripts,7,user,I like hearing the stories behind things.
public_08,validation,syn_fd09deb8f5da5d48b9d195107582fa8d,30,authored_templates_not_real_transcripts,0,assistant,What are you hoping to find?
public_08,validation,syn_fd09deb8f5da5d48b9d195107582fa8d,30,authored_templates_not_real_transcripts,1,user,I am still working out what I want.
public_08,validation,syn_fd09deb8f5da5d48b9d195107582fa8d,30,authored_templates_not_real_transcripts,2,assistant,What pace feels comfortable?
public_08,validation,syn_fd09deb8f5da5d48b9d195107582fa8d,30,authored_templates_not_real_transcripts,3,user,A steady pace suits me.
public_08,validation,syn_fd09deb8f5da5d48b9d195107582fa8d,30,authored_templates_not_real_transcripts,4,assistant,How do you tend to spend free time?
public_08,validation,syn_fd09deb8f5da5d48b9d195107582fa8d,30,authored_templates_not_real_transcripts,5,user,I enjoy having plans with people.
public_08,validation,syn_fd09deb8f5da5d48b9d195107582fa8d,30,authored_templates_not_real_transcripts,6,assistant,What kinds of conversation do you enjoy?
public_08,validation,syn_fd09deb8f5da5d48b9d195107582fa8d,30,authored_templates_not_real_transcripts,7,user,I like hearing the stories behind things.
public_08,validation,syn_dd533ecc841591d3aeb6f406a7584c16,30,authored_templates_not_real_transcripts,0,assistant,What are you hoping to find?
public_08,validation,syn_dd533ecc841591d3aeb6f406a7584c16,30,authored_templates_not_real_transcripts,1,user,I am still working out what I want.
public_08,validation,syn_dd533ecc841591d3aeb6f406a7584c16,30,authored_templates_not_real_transcripts,2,assistant,What pace feels comfortable?
public_08,validation,syn_dd533ecc841591d3aeb6f406a7584c16,30,authored_templates_not_real_transcripts,3,user,I am comfortable meeting fairly soon.
public_08,validation,syn_dd533ecc841591d3aeb6f406a7584c16,30,authored_templates_not_real_transcripts,4,assistant,How do you tend to spend free time?
public_08,validation,syn_dd533ecc841591d3aeb6f406a7584c16,30,authored_templates_not_real_transcripts,5,user,I enjoy having plans with people.
public_08,validation,syn_dd533ecc841591d3aeb6f406a7584c16,30,authored_templates_not_real_transcripts,6,assistant,What kinds of conversation do you enjoy?
public_08,validation,syn_dd533ecc841591d3aeb6f406a7584c16,30,authored_templates_not_real_transcripts,7,user,I like hearing the stories behind things.
public_08,validation,syn_fceb07e10e27737824dd733b01c50d8e,30,authored_templates_not_real_transcripts,0,assistant,What are you hoping to find?
public_08,validation,syn_fceb07e10e27737824dd733b01c50d8e,30,authored_templates_not_real_transcripts,1,user,I am still working out what I want.
public_08,validation,syn_fceb07e10e27737824dd733b01c50d8e,30,authored_templates_not_real_transcripts,2,assistant,What pace feels comfortable?
public_08,validation,syn_fceb07e10e27737824dd733b01c50d8e,30,authored_templates_not_real_transcripts,3,user,I prefer to get to know someone gradually.
public_08,validation,syn_fceb07e10e27737824dd733b01c50d8e,30,authored_templates_not_real_transcripts,4,assistant,How do you tend to spend free time?
public_08,validation,syn_fceb07e10e27737824dd733b01c50d8e,30,authored_templates_not_real_transcripts,5,user,I like a mixture of quiet time and seeing people.
public_08,validation,syn_fceb07e10e27737824dd733b01c50d8e,30,authored_templates_not_real_transcripts,6,assistant,What kinds of conversation do you enjoy?
public_08,validation,syn_fceb07e10e27737824dd733b01c50d8e,30,authored_templates_not_real_transcripts,7,user,I enjoy working through practical questions.
public_08,validation,syn_849853f77e32f35ff142de07f1bdadb1,30,authored_templates_not_real_transcripts,0,assistant,What kinds of conversation do you enjoy?
public_08,validation,syn_849853f77e32f35ff142de07f1bdadb1,30,authored_templates_not_real_transcripts,1,user,I like a playful conversation.
public_08,validation,syn_9e07d5863de0ee899da79bf677dda36d,30,authored_templates_not_real_transcripts,0,assistant,What are you hoping to find?
public_08,validation,syn_9e07d5863de0ee899da79bf677dda36d,30,authored_templates_not_real_transcripts,1,user,I would like to build a lasting relationship.
public_08,validation,syn_858d8469dd15142f352d256de613dca7,30,authored_templates_not_real_transcripts,0,assistant,What are you hoping to find?
public_08,validation,syn_858d8469dd15142f352d256de613dca7,30,authored_templates_not_real_transcripts,1,user,I am still working out what I want.
public_08,validation,syn_858d8469dd15142f352d256de613dca7,30,authored_templates_not_real_transcripts,2,assistant,What pace feels comfortable?
public_08,validation,syn_858d8469dd15142f352d256de613dca7,30,authored_templates_not_real_transcripts,3,user,I am comfortable meeting fairly soon.
public_08,validation,syn_858d8469dd15142f352d256de613dca7,30,authored_templates_not_real_transcripts,4,assistant,How do you tend to spend free time?
public_08,validation,syn_858d8469dd15142f352d256de613dca7,30,authored_templates_not_real_transcripts,5,user,I like a mixture of quiet time and seeing people.
public_08,validation,syn_858d8469dd15142f352d256de613dca7,30,authored_templates_not_real_transcripts,6,assistant,What kinds of conversation do you enjoy?
public_08,validation,syn_858d8469dd15142f352d256de613dca7,30,authored_templates_not_real_transcripts,7,user,I like hearing the stories behind things.
public_08,validation,syn_fd970782ddeb0ce579e8d17af6e4502a,30,authored_templates_not_real_transcripts,0,assistant,What are you hoping to find?
public_08,validation,syn_fd970782ddeb0ce579e8d17af6e4502a,30,authored_templates_not_real_transcripts,1,user,I am still working out what I want.
public_08,validation,syn_405778e77863457c897b01bb1fbb3ef8,30,authored_templates_not_real_transcripts,0,assistant,What are you hoping to find?
public_08,validation,syn_405778e77863457c897b01bb1fbb3ef8,30,authored_templates_not_real_transcripts,1,user,I would like to build a lasting relationship.
public_08,validation,syn_405778e77863457c897b01bb1fbb3ef8,30,authored_templates_not_real_transcripts,2,assistant,What pace feels comfortable?
public_08,validation,syn_405778e77863457c897b01bb1fbb3ef8,30,authored_templates_not_real_transcripts,3,user,I prefer to get to know someone gradually.
public_08,validation,syn_405778e77863457c897b01bb1fbb3ef8,30,authored_templates_not_real_transcripts,4,assistant,How do you tend to spend free time?
public_08,validation,syn_405778e77863457c897b01bb1fbb3ef8,30,authored_templates_not_real_transcripts,5,user,I like a mixture of quiet time and seeing people.
public_08,validation,syn_405778e77863457c897b01bb1fbb3ef8,30,authored_templates_not_real_transcripts,6,assistant,What kinds of conversation do you enjoy?
public_08,validation,syn_405778e77863457c897b01bb1fbb3ef8,30,authored_templates_not_real_transcripts,7,user,I like hearing the stories behind things.
public_08,validation,syn_828229eec01e85ad92da5adb24b00092,30,authored_templates_not_real_transcripts,0,assistant,What are you hoping to find?
public_08,validation,syn_828229eec01e85ad92da5adb24b00092,30,authored_templates_not_real_transcripts,1,user,I would like to build a lasting relationship.
public_08,validation,syn_828229eec01e85ad92da5adb24b00092,30,authored_templates_not_real_transcripts,2,assistant,What pace feels comfortable?
public_08,validation,syn_828229eec01e85ad92da5adb24b00092,30,authored_templates_not_real_transcripts,3,user,I prefer to get to know someone gradually.
public_08,validation,syn_828229eec01e85ad92da5adb24b00092,30,authored_templates_not_real_transcripts,4,assistant,How do you tend to spend free time?
public_08,validation,syn_828229eec01e85ad92da5adb24b00092,30,authored_templates_not_real_transcripts,5,user,I usually prefer a quiet evening.
public_08,validation,syn_828229eec01e85ad92da5adb24b00092,30,authored_templates_not_real_transcripts,6,assistant,What kinds of conversation do you enjoy?
public_08,validation,syn_828229eec01e85ad92da5adb24b00092,30,authored_templates_not_real_transcripts,7,user,I like hearing the stories behind things.
public_08,validation,syn_16031023433a6025b2b0247a88e54e3b,30,authored_templates_not_real_transcripts,0,assistant,What are you hoping to find?
public_08,validation,syn_16031023433a6025b2b0247a88e54e3b,30,authored_templates_not_real_transcripts,1,user,I am still working out what I want.
public_08,validation,syn_16031023433a6025b2b0247a88e54e3b,30,authored_templates_not_real_transcripts,2,assistant,What pace feels comfortable?
public_08,validation,syn_16031023433a6025b2b0247a88e54e3b,30,authored_templates_not_real_transcripts,3,user,I prefer to get to know someone gradually.
public_08,validation,syn_16031023433a6025b2b0247a88e54e3b,30,authored_templates_not_real_transcripts,4,assistant,How do you tend to spend free time?
public_08,validation,syn_16031023433a6025b2b0247a88e54e3b,30,authored_templates_not_real_transcripts,5,user,I like a mixture of quiet time and seeing people.
public_08,validation,syn_16031023433a6025b2b0247a88e54e3b,30,authored_templates_not_real_transcripts,6,assistant,What kinds of conversation do you enjoy?
public_08,validation,syn_16031023433a6025b2b0247a88e54e3b,30,authored_templates_not_real_transcripts,7,user,I like hearing the stories behind things.
public_08,validation,syn_907e211f9ac8b9aa952628781a837c78,30,authored_templates_not_real_transcripts,0,assistant,What kinds of conversation do you enjoy?
public_08,validation,syn_907e211f9ac8b9aa952628781a837c78,30,authored_templates_not_real_transcripts,1,user,I like hearing the stories behind things.
public_08,validation,syn_c701df12da749db46be838bc30598d3c,30,authored_templates_not_real_transcripts,0,assistant,What are you hoping to find?
public_08,validation,syn_c701df12da749db46be838bc30598d3c,30,authored_templates_not_real_transcripts,1,user,I would like to build a lasting relationship.
public_08,validation,syn_c701df12da749db46be838bc30598d3c,30,authored_templates_not_real_transcripts,2,assistant,What pace feels comfortable?
public_08,validation,syn_c701df12da749db46be838bc30598d3c,30,authored_templates_not_real_transcripts,3,user,I prefer to get to know someone gradually.
public_08,validation,syn_c701df12da749db46be838bc30598d3c,30,authored_templates_not_real_transcripts,4,assistant,How do you tend to spend free time?
public_08,validation,syn_c701df12da749db46be838bc30598d3c,30,authored_templates_not_real_transcripts,5,user,I enjoy having plans with people.
public_08,validation,syn_c701df12da749db46be838bc30598d3c,30,authored_templates_not_real_transcripts,6,assistant,What kinds of conversation do you enjoy?
public_08,validation,syn_c701df12da749db46be838bc30598d3c,30,authored_templates_not_real_transcripts,7,user,I enjoy talking about ideas.
public_08,validation,syn_f444cfa15ea2aa9ddffeb6396e16492f,30,authored_templates_not_real_transcripts,0,assistant,What are you hoping to find?
public_08,validation,syn_f444cfa15ea2aa9ddffeb6396e16492f,30,authored_templates_not_real_transcripts,1,user,I would like to build a lasting relationship.
public_08,validation,syn_f444cfa15ea2aa9ddffeb6396e16492f,30,authored_templates_not_real_transcripts,2,assistant,What pace feels comfortable?
public_08,validation,syn_f444cfa15ea2aa9ddffeb6396e16492f,30,authored_templates_not_real_transcripts,3,user,A steady pace suits me.
public_08,validation,syn_f444cfa15ea2aa9ddffeb6396e16492f,30,authored_templates_not_real_transcripts,4,assistant,How do you tend to spend free time?
public_08,validation,syn_f444cfa15ea2aa9ddffeb6396e16492f,30,authored_templates_not_real_transcripts,5,user,I usually prefer a quiet evening.
public_08,validation,syn_f444cfa15ea2aa9ddffeb6396e16492f,30,authored_templates_not_real_transcripts,6,assistant,What kinds of conversation do you enjoy?
public_08,validation,syn_f444cfa15ea2aa9ddffeb6396e16492f,30,authored_templates_not_real_transcripts,7,user,I like a playful conversation.
public_08,validation,syn_2f8c459a5b01837c6646f0a205ecd462,30,authored_templates_not_real_transcripts,0,assistant,What are you hoping to find?
public_08,validation,syn_2f8c459a5b01837c6646f0a205ecd462,30,authored_templates_not_real_transcripts,1,user,I would like to build a lasting relationship.
public_08,validation,syn_2f8c459a5b01837c6646f0a205ecd462,30,authored_templates_not_real_transcripts,2,assistant,What pace feels comfortable?
public_08,validation,syn_2f8c459a5b01837c6646f0a205ecd462,30,authored_templates_not_real_transcripts,3,user,I am comfortable meeting fairly soon.
public_08,validation,syn_2f8c459a5b01837c6646f0a205ecd462,30,authored_templates_not_real_transcripts,4,assistant,How do you tend to spend free time?
public_08,validation,syn_2f8c459a5b01837c6646f0a205ecd462,30,authored_templates_not_real_transcripts,5,user,I enjoy having plans with people.
public_08,validation,syn_2f8c459a5b01837c6646f0a205ecd462,30,authored_templates_not_real_transcripts,6,assistant,What kinds of conversation do you enjoy?
public_08,validation,syn_2f8c459a5b01837c6646f0a205ecd462,30,authored_templates_not_real_transcripts,7,user,I enjoy talking about ideas.
public_08,validation,syn_9d086f92bd9196465b05e7fa7b78cab4,30,authored_templates_not_real_transcripts,0,assistant,What are you hoping to find?
public_08,validation,syn_9d086f92bd9196465b05e7fa7b78cab4,30,authored_templates_not_real_transcripts,1,user,I am still working out what I want.
public_08,validation,syn_9d086f92bd9196465b05e7fa7b78cab4,30,authored_templates_not_real_transcripts,2,assistant,What pace feels comfortable?
public_08,validation,syn_9d086f92bd9196465b05e7fa7b78cab4,30,authored_templates_not_real_transcripts,3,user,I am comfortable meeting fairly soon.
public_08,validation,syn_9d086f92bd9196465b05e7fa7b78cab4,30,authored_templates_not_real_transcripts,4,assistant,How do you tend to spend free time?
public_08,validation,syn_9d086f92bd9196465b05e7fa7b78cab4,30,authored_templates_not_real_transcripts,5,user,I enjoy having plans with people.
public_08,validation,syn_9d086f92bd9196465b05e7fa7b78cab4,30,authored_templates_not_real_transcripts,6,assistant,What kinds of conversation do you enjoy?
public_08,validation,syn_9d086f92bd9196465b05e7fa7b78cab4,30,authored_templates_not_real_transcripts,7,user,I like a playful conversation.
public_08,validation,syn_2b3ef8c7271689cbeb282c81bfc06fda,30,authored_templates_not_real_transcripts,0,assistant,How do you tend to spend free time?
public_08,validation,syn_2b3ef8c7271689cbeb282c81bfc06fda,30,authored_templates_not_real_transcripts,1,user,I enjoy having plans with people.
public_08,validation,syn_2b3ef8c7271689cbeb282c81bfc06fda,30,authored_templates_not_real_transcripts,2,assistant,What kinds of conversation do you enjoy?
public_08,validation,syn_2b3ef8c7271689cbeb282c81bfc06fda,30,authored_templates_not_real_transcripts,3,user,I enjoy talking about ideas.
public_08,validation,syn_37c08e445f55d98bf0bf590d25f23cf0,30,authored_templates_not_real_transcripts,0,assistant,What are you hoping to find?
public_08,validation,syn_37c08e445f55d98bf0bf590d25f23cf0,30,authored_templates_not_real_transcripts,1,user,I am still working out what I want.
public_08,validation,syn_37c08e445f55d98bf0bf590d25f23cf0,30,authored_templates_not_real_transcripts,2,assistant,What pace feels comfortable?
public_08,validation,syn_37c08e445f55d98bf0bf590d25f23cf0,30,authored_templates_not_real_transcripts,3,user,I prefer to get to know someone gradually.
public_08,validation,syn_37c08e445f55d98bf0bf590d25f23cf0,30,authored_templates_not_real_transcripts,4,assistant,How do you tend to spend free time?
public_08,validation,syn_37c08e445f55d98bf0bf590d25f23cf0,30,authored_templates_not_real_transcripts,5,user,I enjoy having plans with people.
public_08,validation,syn_37c08e445f55d98bf0bf590d25f23cf0,30,authored_templates_not_real_transcripts,6,assistant,What kinds of conversation do you enjoy?
public_08,validation,syn_37c08e445f55d98bf0bf590d25f23cf0,30,authored_templates_not_real_transcripts,7,user,I enjoy working through practical questions.
public_08,validation,syn_4b70c34cd7bb18cbd6035cf42b4d53c4,30,authored_templates_not_real_transcripts,0,assistant,What are you hoping to find?
public_08,validation,syn_4b70c34cd7bb18cbd6035cf42b4d53c4,30,authored_templates_not_real_transcripts,1,user,I am still working out what I want.
public_08,validation,syn_4b70c34cd7bb18cbd6035cf42b4d53c4,30,authored_templates_not_real_transcripts,2,assistant,What pace feels comfortable?
public_08,validation,syn_4b70c34cd7bb18cbd6035cf42b4d53c4,30,authored_templates_not_real_transcripts,3,user,I am comfortable meeting fairly soon.
public_08,validation,syn_4b70c34cd7bb18cbd6035cf42b4d53c4,30,authored_templates_not_real_transcripts,4,assistant,How do you tend to spend free time?
public_08,validation,syn_4b70c34cd7bb18cbd6035cf42b4d53c4,30,authored_templates_not_real_transcripts,5,user,I enjoy having plans with people.
public_08,validation,syn_4b70c34cd7bb18cbd6035cf42b4d53c4,30,authored_templates_not_real_transcripts,6,assistant,What kinds of conversation do you enjoy?
public_08,validation,syn_4b70c34cd7bb18cbd6035cf42b4d53c4,30,authored_templates_not_real_transcripts,7,user,I like a playful conversation.
public_08,validation,syn_1bf4f770353090b3038dbac5c3073f26,30,authored_templates_not_real_transcripts,0,assistant,How do you tend to spend free time?
public_08,validation,syn_1bf4f770353090b3038dbac5c3073f26,30,authored_templates_not_real_transcripts,1,user,I usually prefer a quiet evening.
public_08,validation,syn_d9cf6a9463b3e7d2c256003a743c9554,30,authored_templates_not_real_transcripts,0,assistant,How do you tend to spend free time?
public_08,validation,syn_d9cf6a9463b3e7d2c256003a743c9554,30,authored_templates_not_real_transcripts,1,user,I usually prefer a quiet evening.
public_08,validation,syn_f3c121acdc4afa0b749b279fce60ae7b,30,authored_templates_not_real_transcripts,0,assistant,What are you hoping to find?
public_08,validation,syn_f3c121acdc4afa0b749b279fce60ae7b,30,authored_templates_not_real_transcripts,1,user,I am still working out what I want.
public_08,validation,syn_f3c121acdc4afa0b749b279fce60ae7b,30,authored_templates_not_real_transcripts,2,assistant,What pace feels comfortable?
public_08,validation,syn_f3c121acdc4afa0b749b279fce60ae7b,30,authored_templates_not_real_transcripts,3,user,A steady pace suits me.
public_08,validation,syn_f3c121acdc4afa0b749b279fce60ae7b,30,authored_templates_not_real_transcripts,4,assistant,How do you tend to spend free time?
public_08,validation,syn_f3c121acdc4afa0b749b279fce60ae7b,30,authored_templates_not_real_transcripts,5,user,I like a mixture of quiet time and seeing people.
public_08,validation,syn_f3c121acdc4afa0b749b279fce60ae7b,30,authored_templates_not_real_transcripts,6,assistant,What kinds of conversation do you enjoy?
public_08,validation,syn_f3c121acdc4afa0b749b279fce60ae7b,30,authored_templates_not_real_transcripts,7,user,I enjoy talking about ideas.
public_09,development_test,syn_3d77683b704738740b9c6ab04accd89d,30,authored_templates_not_real_transcripts,0,assistant,What are you hoping to find?
public_09,development_test,syn_3d77683b704738740b9c6ab04accd89d,30,authored_templates_not_real_transcripts,1,user,I am still working out what I want.
public_09,development_test,syn_3d77683b704738740b9c6ab04accd89d,30,authored_templates_not_real_transcripts,2,assistant,What pace feels comfortable?
public_09,development_test,syn_3d77683b704738740b9c6ab04accd89d,30,authored_templates_not_real_transcripts,3,user,A steady pace suits me.
public_09,development_test,syn_3d77683b704738740b9c6ab04accd89d,30,authored_templates_not_real_transcripts,4,assistant,How do you tend to spend free time?
public_09,development_test,syn_3d77683b704738740b9c6ab04accd89d,30,authored_templates_not_real_transcripts,5,user,I like a mixture of quiet time and seeing people.
public_09,development_test,syn_3d77683b704738740b9c6ab04accd89d,30,authored_templates_not_real_transcripts,6,assistant,What kinds of conversation do you enjoy?
public_09,development_test,syn_3d77683b704738740b9c6ab04accd89d,30,authored_templates_not_real_transcripts,7,user,I like a playful conversation.
public_09,development_test,syn_14fd44220d5f56e0d4f017a3598f84ae,30,authored_templates_not_real_transcripts,0,assistant,What are you hoping to find?
public_09,development_test,syn_14fd44220d5f56e0d4f017a3598f84ae,30,authored_templates_not_real_transcripts,1,user,I would like to build a lasting relationship.
public_09,development_test,syn_14fd44220d5f56e0d4f017a3598f84ae,30,authored_templates_not_real_transcripts,2,assistant,What pace feels comfortable?
public_09,development_test,syn_14fd44220d5f56e0d4f017a3598f84ae,30,authored_templates_not_real_transcripts,3,user,A steady pace suits me.
public_09,development_test,syn_14fd44220d5f56e0d4f017a3598f84ae,30,authored_templates_not_real_transcripts,4,assistant,How do you tend to spend free time?
public_09,development_test,syn_14fd44220d5f56e0d4f017a3598f84ae,30,authored_templates_not_real_transcripts,5,user,I usually prefer a quiet evening.
public_09,development_test,syn_14fd44220d5f56e0d4f017a3598f84ae,30,authored_templates_not_real_transcripts,6,assistant,What kinds of conversation do you enjoy?
public_09,development_test,syn_14fd44220d5f56e0d4f017a3598f84ae,30,authored_templates_not_real_transcripts,7,user,I enjoy talking about ideas.
public_09,development_test,syn_ea1944eabf76fcfc92500830c916cccc,30,authored_templates_not_real_transcripts,0,assistant,What are you hoping to find?
public_09,development_test,syn_ea1944eabf76fcfc92500830c916cccc,30,authored_templates_not_real_transcripts,1,user,I am still working out what I want.
public_09,development_test,syn_ea1944eabf76fcfc92500830c916cccc,30,authored_templates_not_real_transcripts,2,assistant,What pace feels comfortable?
public_09,development_test,syn_ea1944eabf76fcfc92500830c916cccc,30,authored_templates_not_real_transcripts,3,user,I am comfortable meeting fairly soon.
public_09,development_test,syn_ea1944eabf76fcfc92500830c916cccc,30,authored_templates_not_real_transcripts,4,assistant,How do you tend to spend free time?
public_09,development_test,syn_ea1944eabf76fcfc92500830c916cccc,30,authored_templates_not_real_transcripts,5,user,I usually prefer a quiet evening.
public_09,development_test,syn_ea1944eabf76fcfc92500830c916cccc,30,authored_templates_not_real_transcripts,6,assistant,What kinds of conversation do you enjoy?
public_09,development_test,syn_ea1944eabf76fcfc92500830c916cccc,30,authored_templates_not_real_transcripts,7,user,I like a playful conversation.
public_09,development_test,syn_cb3ff8321b992e7a53732e6fb99b3061,30,authored_templates_not_real_transcripts,0,assistant,What are you hoping to find?
public_09,development_test,syn_cb3ff8321b992e7a53732e6fb99b3061,30,authored_templates_not_real_transcripts,1,user,I would like to build a lasting relationship.
public_09,development_test,syn_cb3ff8321b992e7a53732e6fb99b3061,30,authored_templates_not_real_transcripts,2,assistant,What pace feels comfortable?
public_09,development_test,syn_cb3ff8321b992e7a53732e6fb99b3061,30,authored_templates_not_real_transcripts,3,user,I am comfortable meeting fairly soon.
public_09,development_test,syn_cb3ff8321b992e7a53732e6fb99b3061,30,authored_templates_not_real_transcripts,4,assistant,How do you tend to spend free time?
public_09,development_test,syn_cb3ff8321b992e7a53732e6fb99b3061,30,authored_templates_not_real_transcripts,5,user,I like a mixture of quiet time and seeing people.
public_09,development_test,syn_cb3ff8321b992e7a53732e6fb99b3061,30,authored_templates_not_real_transcripts,6,assistant,What kinds of conversation do you enjoy?
public_09,development_test,syn_cb3ff8321b992e7a53732e6fb99b3061,30,authored_templates_not_real_transcripts,7,user,I like a playful conversation.
public_09,development_test,syn_a39f1db58aa063e9cb09f196f213c7e7,30,authored_templates_not_real_transcripts,0,assistant,How do you tend to spend free time?
public_09,development_test,syn_a39f1db58aa063e9cb09f196f213c7e7,30,authored_templates_not_real_transcripts,1,user,I enjoy having plans with people.
public_09,development_test,syn_c48dcbce4947952ae6405ef3d38cfa6a,30,authored_templates_not_real_transcripts,0,assistant,How do you tend to spend free time?
public_09,development_test,syn_c48dcbce4947952ae6405ef3d38cfa6a,30,authored_templates_not_real_transcripts,1,user,I like a mixture of quiet time and seeing people.
public_09,development_test,syn_c48dcbce4947952ae6405ef3d38cfa6a,30,authored_templates_not_real_transcripts,2,assistant,What kinds of conversation do you enjoy?
public_09,development_test,syn_c48dcbce4947952ae6405ef3d38cfa6a,30,authored_templates_not_real_transcripts,3,user,I like hearing the stories behind things.
public_09,development_test,syn_786fd20a1d2dc32af6b455a58d594f6b,30,authored_templates_not_real_transcripts,0,assistant,What are you hoping to find?
public_09,development_test,syn_786fd20a1d2dc32af6b455a58d594f6b,30,authored_templates_not_real_transcripts,1,user,I would like to build a lasting relationship.
public_09,development_test,syn_786fd20a1d2dc32af6b455a58d594f6b,30,authored_templates_not_real_transcripts,2,assistant,What pace feels comfortable?
public_09,development_test,syn_786fd20a1d2dc32af6b455a58d594f6b,30,authored_templates_not_real_transcripts,3,user,I prefer to get to know someone gradually.
public_09,development_test,syn_786fd20a1d2dc32af6b455a58d594f6b,30,authored_templates_not_real_transcripts,4,assistant,How do you tend to spend free time?
public_09,development_test,syn_786fd20a1d2dc32af6b455a58d594f6b,30,authored_templates_not_real_transcripts,5,user,I like a mixture of quiet time and seeing people.
public_09,development_test,syn_786fd20a1d2dc32af6b455a58d594f6b,30,authored_templates_not_real_transcripts,6,assistant,What kinds of conversation do you enjoy?
public_09,development_test,syn_786fd20a1d2dc32af6b455a58d594f6b,30,authored_templates_not_real_transcripts,7,user,I like a playful conversation.
public_09,development_test,syn_1060f8789d9efed5c96b62750c60a10c,30,authored_templates_not_real_transcripts,0,assistant,What are you hoping to find?
public_09,development_test,syn_1060f8789d9efed5c96b62750c60a10c,30,authored_templates_not_real_transcripts,1,user,I am still working out what I want.
public_09,development_test,syn_1060f8789d9efed5c96b62750c60a10c,30,authored_templates_not_real_transcripts,2,assistant,What pace feels comfortable?
public_09,development_test,syn_1060f8789d9efed5c96b62750c60a10c,30,authored_templates_not_real_transcripts,3,user,A steady pace suits me.
public_09,development_test,syn_1060f8789d9efed5c96b62750c60a10c,30,authored_templates_not_real_transcripts,4,assistant,How do you tend to spend free time?
public_09,development_test,syn_1060f8789d9efed5c96b62750c60a10c,30,authored_templates_not_real_transcripts,5,user,I usually prefer a quiet evening.
public_09,development_test,syn_1060f8789d9efed5c96b62750c60a10c,30,authored_templates_not_real_transcripts,6,assistant,What kinds of conversation do you enjoy?
public_09,development_test,syn_1060f8789d9efed5c96b62750c60a10c,30,authored_templates_not_real_transcripts,7,user,I like a playful conversation.
public_09,development_test,syn_eba75cba86b2852f0600f883301abdb6,30,authored_templates_not_real_transcripts,0,assistant,What are you hoping to find?
public_09,development_test,syn_eba75cba86b2852f0600f883301abdb6,30,authored_templates_not_real_transcripts,1,user,I would like to build a lasting relationship.
public_09,development_test,syn_7991c13315834cd4562e98bb3b780697,30,authored_templates_not_real_transcripts,0,assistant,What kinds of conversation do you enjoy?
public_09,development_test,syn_7991c13315834cd4562e98bb3b780697,30,authored_templates_not_real_transcripts,1,user,I enjoy working through practical questions.
public_09,development_test,syn_28ae87cd79eb66e215ba129d922c7c0b,30,authored_templates_not_real_transcripts,0,assistant,What are you hoping to find?
public_09,development_test,syn_28ae87cd79eb66e215ba129d922c7c0b,30,authored_templates_not_real_transcripts,1,user,I am still working out what I want.
public_09,development_test,syn_28ae87cd79eb66e215ba129d922c7c0b,30,authored_templates_not_real_transcripts,2,assistant,What pace feels comfortable?
public_09,development_test,syn_28ae87cd79eb66e215ba129d922c7c0b,30,authored_templates_not_real_transcripts,3,user,A steady pace suits me.
public_09,development_test,syn_28ae87cd79eb66e215ba129d922c7c0b,30,authored_templates_not_real_transcripts,4,assistant,How do you tend to spend free time?
public_09,development_test,syn_28ae87cd79eb66e215ba129d922c7c0b,30,authored_templates_not_real_transcripts,5,user,I like a mixture of quiet time and seeing people.
public_09,development_test,syn_28ae87cd79eb66e215ba129d922c7c0b,30,authored_templates_not_real_transcripts,6,assistant,What kinds of conversation do you enjoy?
public_09,development_test,syn_28ae87cd79eb66e215ba129d922c7c0b,30,authored_templates_not_real_transcripts,7,user,I like hearing the stories behind things.
public_09,development_test,syn_e167d47f9a6da56a4d5759c2f482cf45,30,authored_templates_not_real_transcripts,0,assistant,What are you hoping to find?
public_09,development_test,syn_e167d47f9a6da56a4d5759c2f482cf45,30,authored_templates_not_real_transcripts,1,user,I would like to build a lasting relationship.
public_09,development_test,syn_e167d47f9a6da56a4d5759c2f482cf45,30,authored_templates_not_real_transcripts,2,assistant,What pace feels comfortable?
public_09,development_test,syn_e167d47f9a6da56a4d5759c2f482cf45,30,authored_templates_not_real_transcripts,3,user,I prefer to get to know someone gradually.
public_09,development_test,syn_e167d47f9a6da56a4d5759c2f482cf45,30,authored_templates_not_real_transcripts,4,assistant,How do you tend to spend free time?
public_09,development_test,syn_e167d47f9a6da56a4d5759c2f482cf45,30,authored_templates_not_real_transcripts,5,user,I usually prefer a quiet evening.
public_09,development_test,syn_e167d47f9a6da56a4d5759c2f482cf45,30,authored_templates_not_real_transcripts,6,assistant,What kinds of conversation do you enjoy?
public_09,development_test,syn_e167d47f9a6da56a4d5759c2f482cf45,30,authored_templates_not_real_transcripts,7,user,I like hearing the stories behind things.
public_09,development_test,syn_954eea336cf58b771bb42ef5e50176fe,30,authored_templates_not_real_transcripts,0,assistant,What are you hoping to find?
public_09,development_test,syn_954eea336cf58b771bb42ef5e50176fe,30,authored_templates_not_real_transcripts,1,user,I would like to build a lasting relationship.
public_09,development_test,syn_954eea336cf58b771bb42ef5e50176fe,30,authored_templates_not_real_transcripts,2,assistant,What pace feels comfortable?
public_09,development_test,syn_954eea336cf58b771bb42ef5e50176fe,30,authored_templates_not_real_transcripts,3,user,I prefer to get to know someone gradually.
public_09,development_test,syn_954eea336cf58b771bb42ef5e50176fe,30,authored_templates_not_real_transcripts,4,assistant,How do you tend to spend free time?
public_09,development_test,syn_954eea336cf58b771bb42ef5e50176fe,30,authored_templates_not_real_transcripts,5,user,I like a mixture of quiet time and seeing people.
public_09,development_test,syn_954eea336cf58b771bb42ef5e50176fe,30,authored_templates_not_real_transcripts,6,assistant,What kinds of conversation do you enjoy?
public_09,development_test,syn_954eea336cf58b771bb42ef5e50176fe,30,authored_templates_not_real_transcripts,7,user,I enjoy talking about ideas.
public_09,development_test,syn_611b4f999018ab87c5e4f02fdd3b8e35,30,authored_templates_not_real_transcripts,0,assistant,What are you hoping to find?
public_09,development_test,syn_611b4f999018ab87c5e4f02fdd3b8e35,30,authored_templates_not_real_transcripts,1,user,I am still working out what I want.
public_09,development_test,syn_611b4f999018ab87c5e4f02fdd3b8e35,30,authored_templates_not_real_transcripts,2,assistant,What pace feels comfortable?
public_09,development_test,syn_611b4f999018ab87c5e4f02fdd3b8e35,30,authored_templates_not_real_transcripts,3,user,I prefer to get to know someone gradually.
public_09,development_test,syn_611b4f999018ab87c5e4f02fdd3b8e35,30,authored_templates_not_real_transcripts,4,assistant,How do you tend to spend free time?
public_09,development_test,syn_611b4f999018ab87c5e4f02fdd3b8e35,30,authored_templates_not_real_transcripts,5,user,I enjoy having plans with people.
public_09,development_test,syn_611b4f999018ab87c5e4f02fdd3b8e35,30,authored_templates_not_real_transcripts,6,assistant,What kinds of conversation do you enjoy?
public_09,development_test,syn_611b4f999018ab87c5e4f02fdd3b8e35,30,authored_templates_not_real_transcripts,7,user,I enjoy talking about ideas.
public_09,development_test,syn_84678ce338afaea457e03995df9782ec,30,authored_templates_not_real_transcripts,0,assistant,What are you hoping to find?
public_09,development_test,syn_84678ce338afaea457e03995df9782ec,30,authored_templates_not_real_transcripts,1,user,I am still working out what I want.
public_09,development_test,syn_84678ce338afaea457e03995df9782ec,30,authored_templates_not_real_transcripts,2,assistant,What pace feels comfortable?
public_09,development_test,syn_84678ce338afaea457e03995df9782ec,30,authored_templates_not_real_transcripts,3,user,I prefer to get to know someone gradually.
public_09,development_test,syn_84678ce338afaea457e03995df9782ec,30,authored_templates_not_real_transcripts,4,assistant,How do you tend to spend free time?
public_09,development_test,syn_84678ce338afaea457e03995df9782ec,30,authored_templates_not_real_transcripts,5,user,I usually prefer a quiet evening.
public_09,development_test,syn_84678ce338afaea457e03995df9782ec,30,authored_templates_not_real_transcripts,6,assistant,What kinds of conversation do you enjoy?
public_09,development_test,syn_84678ce338afaea457e03995df9782ec,30,authored_templates_not_real_transcripts,7,user,I enjoy working through practical questions.
public_09,development_test,syn_48fe540526532891b1e5f0061d1d7fae,30,authored_templates_not_real_transcripts,0,assistant,How do you tend to spend free time?
public_09,development_test,syn_48fe540526532891b1e5f0061d1d7fae,30,authored_templates_not_real_transcripts,1,user,I usually prefer a quiet evening.
public_09,development_test,syn_01816ca4da2480b531cd84161c0e38f6,30,authored_templates_not_real_transcripts,0,assistant,What are you hoping to find?
public_09,development_test,syn_01816ca4da2480b531cd84161c0e38f6,30,authored_templates_not_real_transcripts,1,user,I am still working out what I want.
public_09,development_test,syn_01816ca4da2480b531cd84161c0e38f6,30,authored_templates_not_real_transcripts,2,assistant,What pace feels comfortable?
public_09,development_test,syn_01816ca4da2480b531cd84161c0e38f6,30,authored_templates_not_real_transcripts,3,user,A steady pace suits me.
public_09,development_test,syn_01816ca4da2480b531cd84161c0e38f6,30,authored_templates_not_real_transcripts,4,assistant,How do you tend to spend free time?
public_09,development_test,syn_01816ca4da2480b531cd84161c0e38f6,30,authored_templates_not_real_transcripts,5,user,I usually prefer a quiet evening.
public_09,development_test,syn_01816ca4da2480b531cd84161c0e38f6,30,authored_templates_not_real_transcripts,6,assistant,What kinds of conversation do you enjoy?
public_09,development_test,syn_01816ca4da2480b531cd84161c0e38f6,30,authored_templates_not_real_transcripts,7,user,I like a playful conversation.
public_09,development_test,syn_98e94a52f25112977ad37af1219acaa2,30,authored_templates_not_real_transcripts,0,assistant,What are you hoping to find?
public_09,development_test,syn_98e94a52f25112977ad37af1219acaa2,30,authored_templates_not_real_transcripts,1,user,I am still working out what I want.
public_09,development_test,syn_98e94a52f25112977ad37af1219acaa2,30,authored_templates_not_real_transcripts,2,assistant,What pace feels comfortable?
public_09,development_test,syn_98e94a52f25112977ad37af1219acaa2,30,authored_templates_not_real_transcripts,3,user,I am comfortable meeting fairly soon.
public_09,development_test,syn_98e94a52f25112977ad37af1219acaa2,30,authored_templates_not_real_transcripts,4,assistant,How do you tend to spend free time?
public_09,development_test,syn_98e94a52f25112977ad37af1219acaa2,30,authored_templates_not_real_transcripts,5,user,I enjoy having plans with people.
public_09,development_test,syn_98e94a52f25112977ad37af1219acaa2,30,authored_templates_not_real_transcripts,6,assistant,What kinds of conversation do you enjoy?
public_09,development_test,syn_98e94a52f25112977ad37af1219acaa2,30,authored_templates_not_real_transcripts,7,user,I enjoy talking about ideas.
public_09,development_test,syn_b2abd96ee53a27f2c5e59d6561761225,30,authored_templates_not_real_transcripts,0,assistant,What are you hoping to find?
public_09,development_test,syn_b2abd96ee53a27f2c5e59d6561761225,30,authored_templates_not_real_transcripts,1,user,I am still working out what I want.
public_09,development_test,syn_b2abd96ee53a27f2c5e59d6561761225,30,authored_templates_not_real_transcripts,2,assistant,What pace feels comfortable?
public_09,development_test,syn_b2abd96ee53a27f2c5e59d6561761225,30,authored_templates_not_real_transcripts,3,user,I prefer to get to know someone gradually.
public_09,development_test,syn_b2abd96ee53a27f2c5e59d6561761225,30,authored_templates_not_real_transcripts,4,assistant,How do you tend to spend free time?
public_09,development_test,syn_b2abd96ee53a27f2c5e59d6561761225,30,authored_templates_not_real_transcripts,5,user,I usually prefer a quiet evening.
public_09,development_test,syn_b2abd96ee53a27f2c5e59d6561761225,30,authored_templates_not_real_transcripts,6,assistant,What kinds of conversation do you enjoy?
public_09,development_test,syn_b2abd96ee53a27f2c5e59d6561761225,30,authored_templates_not_real_transcripts,7,user,I like a playful conversation.
public_09,development_test,syn_c9a4ff69e51dbb357d46cac1e6d72ff1,30,authored_templates_not_real_transcripts,0,assistant,How do you tend to spend free time?
public_09,development_test,syn_c9a4ff69e51dbb357d46cac1e6d72ff1,30,authored_templates_not_real_transcripts,1,user,I usually prefer a quiet evening.
public_09,development_test,syn_c8034c0767d19d4a7a8516be577f5a49,30,authored_templates_not_real_transcripts,0,assistant,What kinds of conversation do you enjoy?
public_09,development_test,syn_c8034c0767d19d4a7a8516be577f5a49,30,authored_templates_not_real_transcripts,1,user,I enjoy working through practical questions.
public_09,development_test,syn_f3292a7d8b8962cc5ec50446dcdd1b7e,30,authored_templates_not_real_transcripts,0,assistant,What kinds of conversation do you enjoy?
public_09,development_test,syn_f3292a7d8b8962cc5ec50446dcdd1b7e,30,authored_templates_not_real_transcripts,1,user,I like a playful conversation.
public_09,development_test,syn_e6d8f0851c850de77efa67a3ebecc6ca,30,authored_templates_not_real_transcripts,0,assistant,What pace feels comfortable?
public_09,development_test,syn_e6d8f0851c850de77efa67a3ebecc6ca,30,authored_templates_not_real_transcripts,1,user,A steady pace suits me.
public_09,development_test,syn_31b5b656f14d66c10a517e4530f34094,30,authored_templates_not_real_transcripts,0,assistant,What pace feels comfortable?
public_09,development_test,syn_31b5b656f14d66c10a517e4530f34094,30,authored_templates_not_real_transcripts,1,user,I am comfortable meeting fairly soon.
public_09,development_test,syn_31b5b656f14d66c10a517e4530f34094,30,authored_templates_not_real_transcripts,2,assistant,How do you tend to spend free time?
public_09,development_test,syn_31b5b656f14d66c10a517e4530f34094,30,authored_templates_not_real_transcripts,3,user,I like a mixture of quiet time and seeing people.
public_09,development_test,syn_a9c5ea5a5b35df82c6e4cc4a44fa35ca,30,authored_templates_not_real_transcripts,0,assistant,What are you hoping to find?
public_09,development_test,syn_a9c5ea5a5b35df82c6e4cc4a44fa35ca,30,authored_templates_not_real_transcripts,1,user,I am still working out what I want.
public_09,development_test,syn_a9c5ea5a5b35df82c6e4cc4a44fa35ca,30,authored_templates_not_real_transcripts,2,assistant,What pace feels comfortable?
public_09,development_test,syn_a9c5ea5a5b35df82c6e4cc4a44fa35ca,30,authored_templates_not_real_transcripts,3,user,A steady pace suits me.
public_09,development_test,syn_a9c5ea5a5b35df82c6e4cc4a44fa35ca,30,authored_templates_not_real_transcripts,4,assistant,How do you tend to spend free time?
public_09,development_test,syn_a9c5ea5a5b35df82c6e4cc4a44fa35ca,30,authored_templates_not_real_transcripts,5,user,I enjoy having plans with people.
public_09,development_test,syn_a9c5ea5a5b35df82c6e4cc4a44fa35ca,30,authored_templates_not_real_transcripts,6,assistant,What kinds of conversation do you enjoy?
public_09,development_test,syn_a9c5ea5a5b35df82c6e4cc4a44fa35ca,30,authored_templates_not_real_transcripts,7,user,I like a playful conversation.
public_09,development_test,syn_18329274ef644612aea9c6943287ac5e,30,authored_templates_not_real_transcripts,0,assistant,What pace feels comfortable?
public_09,development_test,syn_18329274ef644612aea9c6943287ac5e,30,authored_templates_not_real_transcripts,1,user,I prefer to get to know someone gradually.
public_09,development_test,syn_3e31ee54b5c6410836bf96e80cdf4e36,30,authored_templates_not_real_transcripts,0,assistant,What are you hoping to find?
public_09,development_test,syn_3e31ee54b5c6410836bf96e80cdf4e36,30,authored_templates_not_real_transcripts,1,user,I am still working out what I want.
public_09,development_test,syn_3e31ee54b5c6410836bf96e80cdf4e36,30,authored_templates_not_real_transcripts,2,assistant,What pace feels comfortable?
public_09,development_test,syn_3e31ee54b5c6410836bf96e80cdf4e36,30,authored_templates_not_real_transcripts,3,user,I am comfortable meeting fairly soon.
public_09,development_test,syn_3e31ee54b5c6410836bf96e80cdf4e36,30,authored_templates_not_real_transcripts,4,assistant,How do you tend to spend free time?
public_09,development_test,syn_3e31ee54b5c6410836bf96e80cdf4e36,30,authored_templates_not_real_transcripts,5,user,I like a mixture of quiet time and seeing people.
public_09,development_test,syn_3e31ee54b5c6410836bf96e80cdf4e36,30,authored_templates_not_real_transcripts,6,assistant,What kinds of conversation do you enjoy?
public_09,development_test,syn_3e31ee54b5c6410836bf96e80cdf4e36,30,authored_templates_not_real_transcripts,7,user,I enjoy working through practical questions.
public_09,development_test,syn_2bc5690d46aeb0b365b1d446f6126f3a,30,authored_templates_not_real_transcripts,0,assistant,What kinds of conversation do you enjoy?
public_09,development_test,syn_2bc5690d46aeb0b365b1d446f6126f3a,30,authored_templates_not_real_transcripts,1,user,I like hearing the stories behind things.
public_09,development_test,syn_49184f8377e25febace8f0eb14ebfb2c,30,authored_templates_not_real_transcripts,0,assistant,What are you hoping to find?
public_09,development_test,syn_49184f8377e25febace8f0eb14ebfb2c,30,authored_templates_not_real_transcripts,1,user,I am still working out what I want.
public_09,development_test,syn_49184f8377e25febace8f0eb14ebfb2c,30,authored_templates_not_real_transcripts,2,assistant,What pace feels comfortable?
public_09,development_test,syn_49184f8377e25febace8f0eb14ebfb2c,30,authored_templates_not_real_transcripts,3,user,I am comfortable meeting fairly soon.
public_09,development_test,syn_49184f8377e25febace8f0eb14ebfb2c,30,authored_templates_not_real_transcripts,4,assistant,How do you tend to spend free time?
public_09,development_test,syn_49184f8377e25febace8f0eb14ebfb2c,30,authored_templates_not_real_transcripts,5,user,I enjoy having plans with people.
public_09,development_test,syn_49184f8377e25febace8f0eb14ebfb2c,30,authored_templates_not_real_transcripts,6,assistant,What kinds of conversation do you enjoy?
public_09,development_test,syn_49184f8377e25febace8f0eb14ebfb2c,30,authored_templates_not_real_transcripts,7,user,I like hearing the stories behind things.
public_09,development_test,syn_ca4ebbf1f6b1a6530862a9b58dd79c12,30,authored_templates_not_real_transcripts,0,assistant,What are you hoping to find?
public_09,development_test,syn_ca4ebbf1f6b1a6530862a9b58dd79c12,30,authored_templates_not_real_transcripts,1,user,I am still working out what I want.
public_09,development_test,syn_ca4ebbf1f6b1a6530862a9b58dd79c12,30,authored_templates_not_real_transcripts,2,assistant,What pace feels comfortable?
public_09,development_test,syn_ca4ebbf1f6b1a6530862a9b58dd79c12,30,authored_templates_not_real_transcripts,3,user,A steady pace suits me.
public_09,development_test,syn_ca4ebbf1f6b1a6530862a9b58dd79c12,30,authored_templates_not_real_transcripts,4,assistant,How do you tend to spend free time?
public_09,development_test,syn_ca4ebbf1f6b1a6530862a9b58dd79c12,30,authored_templates_not_real_transcripts,5,user,I enjoy having plans with people.
public_09,development_test,syn_ca4ebbf1f6b1a6530862a9b58dd79c12,30,authored_templates_not_real_transcripts,6,assistant,What kinds of conversation do you enjoy?
public_09,development_test,syn_ca4ebbf1f6b1a6530862a9b58dd79c12,30,authored_templates_not_real_transcripts,7,user,I enjoy working through practical questions.
public_09,development_test,syn_d79f8912b62eda42f1d1fedb4a0692de,30,authored_templates_not_real_transcripts,0,assistant,What are you hoping to find?
public_09,development_test,syn_d79f8912b62eda42f1d1fedb4a0692de,30,authored_templates_not_real_transcripts,1,user,I would like to build a lasting relationship.
public_09,development_test,syn_d79f8912b62eda42f1d1fedb4a0692de,30,authored_templates_not_real_transcripts,2,assistant,What pace feels comfortable?
public_09,development_test,syn_d79f8912b62eda42f1d1fedb4a0692de,30,authored_templates_not_real_transcripts,3,user,I am comfortable meeting fairly soon.
public_09,development_test,syn_d79f8912b62eda42f1d1fedb4a0692de,30,authored_templates_not_real_transcripts,4,assistant,How do you tend to spend free time?
public_09,development_test,syn_d79f8912b62eda42f1d1fedb4a0692de,30,authored_templates_not_real_transcripts,5,user,I enjoy having plans with people.
public_09,development_test,syn_d79f8912b62eda42f1d1fedb4a0692de,30,authored_templates_not_real_transcripts,6,assistant,What kinds of conversation do you enjoy?
public_09,development_test,syn_d79f8912b62eda42f1d1fedb4a0692de,30,authored_templates_not_real_transcripts,7,user,I like hearing the stories behind things.
public_09,development_test,syn_3897f1b0cc5984c872766b78ee052e7e,30,authored_templates_not_real_transcripts,0,assistant,What are you hoping to find?
public_09,development_test,syn_3897f1b0cc5984c872766b78ee052e7e,30,authored_templates_not_real_transcripts,1,user,I would like to build a lasting relationship.
public_09,development_test,syn_3897f1b0cc5984c872766b78ee052e7e,30,authored_templates_not_real_transcripts,2,assistant,What pace feels comfortable?
public_09,development_test,syn_3897f1b0cc5984c872766b78ee052e7e,30,authored_templates_not_real_transcripts,3,user,I am comfortable meeting fairly soon.
public_09,development_test,syn_3897f1b0cc5984c872766b78ee052e7e,30,authored_templates_not_real_transcripts,4,assistant,How do you tend to spend free time?
public_09,development_test,syn_3897f1b0cc5984c872766b78ee052e7e,30,authored_templates_not_real_transcripts,5,user,I enjoy having plans with people.
public_09,development_test,syn_3897f1b0cc5984c872766b78ee052e7e,30,authored_templates_not_real_transcripts,6,assistant,What kinds of conversation do you enjoy?
public_09,development_test,syn_3897f1b0cc5984c872766b78ee052e7e,30,authored_templates_not_real_transcripts,7,user,I enjoy working through practical questions.
public_09,development_test,syn_5a5595b3e18a3d3c16eaf95913a7ea93,30,authored_templates_not_real_transcripts,0,assistant,How do you tend to spend free time?
public_09,development_test,syn_5a5595b3e18a3d3c16eaf95913a7ea93,30,authored_templates_not_real_transcripts,1,user,I like a mixture of quiet time and seeing people.
public_09,development_test,syn_0762071899f970108e97e5f879f23b60,30,authored_templates_not_real_transcripts,0,assistant,What are you hoping to find?
public_09,development_test,syn_0762071899f970108e97e5f879f23b60,30,authored_templates_not_real_transcripts,1,user,I am still working out what I want.
public_09,development_test,syn_0762071899f970108e97e5f879f23b60,30,authored_templates_not_real_transcripts,2,assistant,What pace feels comfortable?
public_09,development_test,syn_0762071899f970108e97e5f879f23b60,30,authored_templates_not_real_transcripts,3,user,A steady pace suits me.
public_09,development_test,syn_0762071899f970108e97e5f879f23b60,30,authored_templates_not_real_transcripts,4,assistant,How do you tend to spend free time?
public_09,development_test,syn_0762071899f970108e97e5f879f23b60,30,authored_templates_not_real_transcripts,5,user,I like a mixture of quiet time and seeing people.
public_09,development_test,syn_0762071899f970108e97e5f879f23b60,30,authored_templates_not_real_transcripts,6,assistant,What kinds of conversation do you enjoy?
public_09,development_test,syn_0762071899f970108e97e5f879f23b60,30,authored_templates_not_real_transcripts,7,user,I enjoy talking about ideas.
public_09,development_test,syn_abd64af0283ffaed7c1a7178c9b82b06,30,authored_templates_not_real_transcripts,0,assistant,What kinds of conversation do you enjoy?
public_09,development_test,syn_abd64af0283ffaed7c1a7178c9b82b06,30,authored_templates_not_real_transcripts,1,user,I like hearing the stories behind things.
public_09,development_test,syn_24d43b3ab35a910d8bc5d95567437bbf,30,authored_templates_not_real_transcripts,0,assistant,What are you hoping to find?
public_09,development_test,syn_24d43b3ab35a910d8bc5d95567437bbf,30,authored_templates_not_real_transcripts,1,user,I am still working out what I want.
public_09,development_test,syn_24d43b3ab35a910d8bc5d95567437bbf,30,authored_templates_not_real_transcripts,2,assistant,What pace feels comfortable?
public_09,development_test,syn_24d43b3ab35a910d8bc5d95567437bbf,30,authored_templates_not_real_transcripts,3,user,I prefer to get to know someone gradually.
public_09,development_test,syn_24d43b3ab35a910d8bc5d95567437bbf,30,authored_templates_not_real_transcripts,4,assistant,How do you tend to spend free time?
public_09,development_test,syn_24d43b3ab35a910d8bc5d95567437bbf,30,authored_templates_not_real_transcripts,5,user,I enjoy having plans with people.
public_09,development_test,syn_24d43b3ab35a910d8bc5d95567437bbf,30,authored_templates_not_real_transcripts,6,assistant,What kinds of conversation do you enjoy?
public_09,development_test,syn_24d43b3ab35a910d8bc5d95567437bbf,30,authored_templates_not_real_transcripts,7,user,I like a playful conversation.
public_09,development_test,syn_f0fc617fb887bb02742188e27a6cedd1,30,authored_templates_not_real_transcripts,0,assistant,What pace feels comfortable?
public_09,development_test,syn_f0fc617fb887bb02742188e27a6cedd1,30,authored_templates_not_real_transcripts,1,user,I am comfortable meeting fairly soon.
public_09,development_test,syn_fd41191020e81449486bd66d57f5a965,30,authored_templates_not_real_transcripts,0,assistant,What are you hoping to find?
public_09,development_test,syn_fd41191020e81449486bd66d57f5a965,30,authored_templates_not_real_transcripts,1,user,I would like to build a lasting relationship.
public_09,development_test,syn_fd41191020e81449486bd66d57f5a965,30,authored_templates_not_real_transcripts,2,assistant,What pace feels comfortable?
public_09,development_test,syn_fd41191020e81449486bd66d57f5a965,30,authored_templates_not_real_transcripts,3,user,I prefer to get to know someone gradually.
public_09,development_test,syn_fd41191020e81449486bd66d57f5a965,30,authored_templates_not_real_transcripts,4,assistant,How do you tend to spend free time?
public_09,development_test,syn_fd41191020e81449486bd66d57f5a965,30,authored_templates_not_real_transcripts,5,user,I enjoy having plans with people.
public_09,development_test,syn_fd41191020e81449486bd66d57f5a965,30,authored_templates_not_real_transcripts,6,assistant,What kinds of conversation do you enjoy?
public_09,development_test,syn_fd41191020e81449486bd66d57f5a965,30,authored_templates_not_real_transcripts,7,user,I enjoy working through practical questions.
public_09,development_test,syn_aff3636eea88cc36389ab342322d1b80,30,authored_templates_not_real_transcripts,0,assistant,What are you hoping to find?
public_09,development_test,syn_aff3636eea88cc36389ab342322d1b80,30,authored_templates_not_real_transcripts,1,user,I am still working out what I want.
public_09,development_test,syn_a4de8bb0451caa4b23ce4900ae2ea2ae,30,authored_templates_not_real_transcripts,0,assistant,What are you hoping to find?
public_09,development_test,syn_a4de8bb0451caa4b23ce4900ae2ea2ae,30,authored_templates_not_real_transcripts,1,user,I am still working out what I want.
public_09,development_test,syn_a4de8bb0451caa4b23ce4900ae2ea2ae,30,authored_templates_not_real_transcripts,2,assistant,What pace feels comfortable?
public_09,development_test,syn_a4de8bb0451caa4b23ce4900ae2ea2ae,30,authored_templates_not_real_transcripts,3,user,I am comfortable meeting fairly soon.
public_09,development_test,syn_a4de8bb0451caa4b23ce4900ae2ea2ae,30,authored_templates_not_real_transcripts,4,assistant,How do you tend to spend free time?
public_09,development_test,syn_a4de8bb0451caa4b23ce4900ae2ea2ae,30,authored_templates_not_real_transcripts,5,user,I usually prefer a quiet evening.
public_09,development_test,syn_a4de8bb0451caa4b23ce4900ae2ea2ae,30,authored_templates_not_real_transcripts,6,assistant,What kinds of conversation do you enjoy?
public_09,development_test,syn_a4de8bb0451caa4b23ce4900ae2ea2ae,30,authored_templates_not_real_transcripts,7,user,I enjoy talking about ideas.
public_09,development_test,syn_6fe83c7ff5e97710dbc341718e46bcd6,30,authored_templates_not_real_transcripts,0,assistant,What are you hoping to find?
public_09,development_test,syn_6fe83c7ff5e97710dbc341718e46bcd6,30,authored_templates_not_real_transcripts,1,user,I am still working out what I want.
public_09,development_test,syn_6fe83c7ff5e97710dbc341718e46bcd6,30,authored_templates_not_real_transcripts,2,assistant,What pace feels comfortable?
public_09,development_test,syn_6fe83c7ff5e97710dbc341718e46bcd6,30,authored_templates_not_real_transcripts,3,user,I prefer to get to know someone gradually.
public_09,development_test,syn_6fe83c7ff5e97710dbc341718e46bcd6,30,authored_templates_not_real_transcripts,4,assistant,How do you tend to spend free time?
public_09,development_test,syn_6fe83c7ff5e97710dbc341718e46bcd6,30,authored_templates_not_real_transcripts,5,user,I like a mixture of quiet time and seeing people.
public_09,development_test,syn_6fe83c7ff5e97710dbc341718e46bcd6,30,authored_templates_not_real_transcripts,6,assistant,What kinds of conversation do you enjoy?
public_09,development_test,syn_6fe83c7ff5e97710dbc341718e46bcd6,30,authored_templates_not_real_transcripts,7,user,I enjoy working through practical questions.
public_09,development_test,syn_399815501e1007dfb1a713ea80f0e372,30,authored_templates_not_real_transcripts,0,assistant,What are you hoping to find?
public_09,development_test,syn_399815501e1007dfb1a713ea80f0e372,30,authored_templates_not_real_transcripts,1,user,I would like to build a lasting relationship.
public_09,development_test,syn_399815501e1007dfb1a713ea80f0e372,30,authored_templates_not_real_transcripts,2,assistant,What pace feels comfortable?
public_09,development_test,syn_399815501e1007dfb1a713ea80f0e372,30,authored_templates_not_real_transcripts,3,user,I am comfortable meeting fairly soon.
public_09,development_test,syn_399815501e1007dfb1a713ea80f0e372,30,authored_templates_not_real_transcripts,4,assistant,How do you tend to spend free time?
public_09,development_test,syn_399815501e1007dfb1a713ea80f0e372,30,authored_templates_not_real_transcripts,5,user,I usually prefer a quiet evening.
public_09,development_test,syn_399815501e1007dfb1a713ea80f0e372,30,authored_templates_not_real_transcripts,6,assistant,What kinds of conversation do you enjoy?
public_09,development_test,syn_399815501e1007dfb1a713ea80f0e372,30,authored_templates_not_real_transcripts,7,user,I like hearing the stories behind things.
public_09,development_test,syn_9b9eb23ba1764bf3ee3eb6b3427a9f87,30,authored_templates_not_real_transcripts,0,assistant,What are you hoping to find?
public_09,development_test,syn_9b9eb23ba1764bf3ee3eb6b3427a9f87,30,authored_templates_not_real_transcripts,1,user,I would like to build a lasting relationship.
public_09,development_test,syn_9b9eb23ba1764bf3ee3eb6b3427a9f87,30,authored_templates_not_real_transcripts,2,assistant,What pace feels comfortable?
public_09,development_test,syn_9b9eb23ba1764bf3ee3eb6b3427a9f87,30,authored_templates_not_real_transcripts,3,user,I prefer to get to know someone gradually.
public_09,development_test,syn_9b9eb23ba1764bf3ee3eb6b3427a9f87,30,authored_templates_not_real_transcripts,4,assistant,How do you tend to spend free time?
public_09,development_test,syn_9b9eb23ba1764bf3ee3eb6b3427a9f87,30,authored_templates_not_real_transcripts,5,user,I enjoy having plans with people.
public_09,development_test,syn_9b9eb23ba1764bf3ee3eb6b3427a9f87,30,authored_templates_not_real_transcripts,6,assistant,What kinds of conversation do you enjoy?
public_09,development_test,syn_9b9eb23ba1764bf3ee3eb6b3427a9f87,30,authored_templates_not_real_transcripts,7,user,I like hearing the stories behind things.
public_09,development_test,syn_417aab129d07252e7523b04ddd848aaa,30,authored_templates_not_real_transcripts,0,assistant,What are you hoping to find?
public_09,development_test,syn_417aab129d07252e7523b04ddd848aaa,30,authored_templates_not_real_transcripts,1,user,I am still working out what I want.
public_09,development_test,syn_417aab129d07252e7523b04ddd848aaa,30,authored_templates_not_real_transcripts,2,assistant,What pace feels comfortable?
public_09,development_test,syn_417aab129d07252e7523b04ddd848aaa,30,authored_templates_not_real_transcripts,3,user,A steady pace suits me.
public_09,development_test,syn_417aab129d07252e7523b04ddd848aaa,30,authored_templates_not_real_transcripts,4,assistant,How do you tend to spend free time?
public_09,development_test,syn_417aab129d07252e7523b04ddd848aaa,30,authored_templates_not_real_transcripts,5,user,I usually prefer a quiet evening.
public_09,development_test,syn_417aab129d07252e7523b04ddd848aaa,30,authored_templates_not_real_transcripts,6,assistant,What kinds of conversation do you enjoy?
public_09,development_test,syn_417aab129d07252e7523b04ddd848aaa,30,authored_templates_not_real_transcripts,7,user,I like hearing the stories behind things.
public_09,development_test,syn_23fefada2c5b19650602df9e452b270c,30,authored_templates_not_real_transcripts,0,assistant,What pace feels comfortable?
public_09,development_test,syn_23fefada2c5b19650602df9e452b270c,30,authored_templates_not_real_transcripts,1,user,I am comfortable meeting fairly soon.
public_09,development_test,syn_be2c7e294013c733ac073fd0d21f3423,30,authored_templates_not_real_transcripts,0,assistant,What pace feels comfortable?
public_09,development_test,syn_be2c7e294013c733ac073fd0d21f3423,30,authored_templates_not_real_transcripts,1,user,A steady pace suits me.
public_09,development_test,syn_be2c7e294013c733ac073fd0d21f3423,30,authored_templates_not_real_transcripts,2,assistant,What kinds of conversation do you enjoy?
public_09,development_test,syn_be2c7e294013c733ac073fd0d21f3423,30,authored_templates_not_real_transcripts,3,user,I enjoy talking about ideas.
public_09,development_test,syn_92bc461db5199d18402828ef1512b58c,30,authored_templates_not_real_transcripts,0,assistant,What are you hoping to find?
public_09,development_test,syn_92bc461db5199d18402828ef1512b58c,30,authored_templates_not_real_transcripts,1,user,I would like to build a lasting relationship.
public_09,development_test,syn_92bc461db5199d18402828ef1512b58c,30,authored_templates_not_real_transcripts,2,assistant,What pace feels comfortable?
public_09,development_test,syn_92bc461db5199d18402828ef1512b58c,30,authored_templates_not_real_transcripts,3,user,I prefer to get to know someone gradually.
public_09,development_test,syn_92bc461db5199d18402828ef1512b58c,30,authored_templates_not_real_transcripts,4,assistant,How do you tend to spend free time?
public_09,development_test,syn_92bc461db5199d18402828ef1512b58c,30,authored_templates_not_real_transcripts,5,user,I enjoy having plans with people.
public_09,development_test,syn_92bc461db5199d18402828ef1512b58c,30,authored_templates_not_real_transcripts,6,assistant,What kinds of conversation do you enjoy?
public_09,development_test,syn_92bc461db5199d18402828ef1512b58c,30,authored_templates_not_real_transcripts,7,user,I like hearing the stories behind things.
public_09,development_test,syn_9fa7dea552910d4a7e578e38347deaf4,30,authored_templates_not_real_transcripts,0,assistant,What pace feels comfortable?
public_09,development_test,syn_9fa7dea552910d4a7e578e38347deaf4,30,authored_templates_not_real_transcripts,1,user,A steady pace suits me.
public_09,development_test,syn_f2e79f8642e5542b23972d216bee6c9a,30,authored_templates_not_real_transcripts,0,assistant,What pace feels comfortable?
public_09,development_test,syn_f2e79f8642e5542b23972d216bee6c9a,30,authored_templates_not_real_transcripts,1,user,A steady pace suits me.
public_09,development_test,syn_50ea39299a1dd7bb8168828cf1cf5f09,30,authored_templates_not_real_transcripts,0,assistant,What pace feels comfortable?
public_09,development_test,syn_50ea39299a1dd7bb8168828cf1cf5f09,30,authored_templates_not_real_transcripts,1,user,A steady pace suits me.
public_09,development_test,syn_ca393031cc9c77939d82390aa8fa8cdc,30,authored_templates_not_real_transcripts,0,assistant,What are you hoping to find?
public_09,development_test,syn_ca393031cc9c77939d82390aa8fa8cdc,30,authored_templates_not_real_transcripts,1,user,I am still working out what I want.
public_09,development_test,syn_ca393031cc9c77939d82390aa8fa8cdc,30,authored_templates_not_real_transcripts,2,assistant,What pace feels comfortable?
public_09,development_test,syn_ca393031cc9c77939d82390aa8fa8cdc,30,authored_templates_not_real_transcripts,3,user,A steady pace suits me.
public_09,development_test,syn_ca393031cc9c77939d82390aa8fa8cdc,30,authored_templates_not_real_transcripts,4,assistant,How do you tend to spend free time?
public_09,development_test,syn_ca393031cc9c77939d82390aa8fa8cdc,30,authored_templates_not_real_transcripts,5,user,I like a mixture of quiet time and seeing people.
public_09,development_test,syn_ca393031cc9c77939d82390aa8fa8cdc,30,authored_templates_not_real_transcripts,6,assistant,What kinds of conversation do you enjoy?
public_09,development_test,syn_ca393031cc9c77939d82390aa8fa8cdc,30,authored_templates_not_real_transcripts,7,user,I enjoy talking about ideas.
public_09,development_test,syn_e6877263afb61e122bf9e421645d7e22,30,authored_templates_not_real_transcripts,0,assistant,What pace feels comfortable?
public_09,development_test,syn_e6877263afb61e122bf9e421645d7e22,30,authored_templates_not_real_transcripts,1,user,I prefer to get to know someone gradually.
public_09,development_test,syn_fe848a0f29f2f6689a79b64a9bd16b2a,30,authored_templates_not_real_transcripts,0,assistant,What are you hoping to find?
public_09,development_test,syn_fe848a0f29f2f6689a79b64a9bd16b2a,30,authored_templates_not_real_transcripts,1,user,I am still working out what I want.
public_09,development_test,syn_fe848a0f29f2f6689a79b64a9bd16b2a,30,authored_templates_not_real_transcripts,2,assistant,What pace feels comfortable?
public_09,development_test,syn_fe848a0f29f2f6689a79b64a9bd16b2a,30,authored_templates_not_real_transcripts,3,user,I am comfortable meeting fairly soon.
public_09,development_test,syn_fe848a0f29f2f6689a79b64a9bd16b2a,30,authored_templates_not_real_transcripts,4,assistant,How do you tend to spend free time?
public_09,development_test,syn_fe848a0f29f2f6689a79b64a9bd16b2a,30,authored_templates_not_real_transcripts,5,user,I usually prefer a quiet evening.
public_09,development_test,syn_fe848a0f29f2f6689a79b64a9bd16b2a,30,authored_templates_not_real_transcripts,6,assistant,What kinds of conversation do you enjoy?
public_09,development_test,syn_fe848a0f29f2f6689a79b64a9bd16b2a,30,authored_templates_not_real_transcripts,7,user,I enjoy talking about ideas.
public_09,development_test,syn_aed3ea7e30e283ce82b4f69158763acd,30,authored_templates_not_real_transcripts,0,assistant,What are you hoping to find?
public_09,development_test,syn_aed3ea7e30e283ce82b4f69158763acd,30,authored_templates_not_real_transcripts,1,user,I would like to build a lasting relationship.
public_09,development_test,syn_aed3ea7e30e283ce82b4f69158763acd,30,authored_templates_not_real_transcripts,2,assistant,What pace feels comfortable?
public_09,development_test,syn_aed3ea7e30e283ce82b4f69158763acd,30,authored_templates_not_real_transcripts,3,user,A steady pace suits me.
public_09,development_test,syn_aed3ea7e30e283ce82b4f69158763acd,30,authored_templates_not_real_transcripts,4,assistant,How do you tend to spend free time?
public_09,development_test,syn_aed3ea7e30e283ce82b4f69158763acd,30,authored_templates_not_real_transcripts,5,user,I enjoy having plans with people.
public_09,development_test,syn_aed3ea7e30e283ce82b4f69158763acd,30,authored_templates_not_real_transcripts,6,assistant,What kinds of conversation do you enjoy?
public_09,development_test,syn_aed3ea7e30e283ce82b4f69158763acd,30,authored_templates_not_real_transcripts,7,user,I enjoy working through practical questions.
public_09,development_test,syn_d8bc26b013d3c09839c15aeb5f6b8cb2,30,authored_templates_not_real_transcripts,0,assistant,What are you hoping to find?
public_09,development_test,syn_d8bc26b013d3c09839c15aeb5f6b8cb2,30,authored_templates_not_real_transcripts,1,user,I would like to build a lasting relationship.
public_09,development_test,syn_d8bc26b013d3c09839c15aeb5f6b8cb2,30,authored_templates_not_real_transcripts,2,assistant,What pace feels comfortable?
public_09,development_test,syn_d8bc26b013d3c09839c15aeb5f6b8cb2,30,authored_templates_not_real_transcripts,3,user,I am comfortable meeting fairly soon.
public_09,development_test,syn_d8bc26b013d3c09839c15aeb5f6b8cb2,30,authored_templates_not_real_transcripts,4,assistant,How do you tend to spend free time?
public_09,development_test,syn_d8bc26b013d3c09839c15aeb5f6b8cb2,30,authored_templates_not_real_transcripts,5,user,I enjoy having plans with people.
public_09,development_test,syn_d8bc26b013d3c09839c15aeb5f6b8cb2,30,authored_templates_not_real_transcripts,6,assistant,What kinds of conversation do you enjoy?
public_09,development_test,syn_d8bc26b013d3c09839c15aeb5f6b8cb2,30,authored_templates_not_real_transcripts,7,user,I like a playful conversation.
public_09,development_test,syn_a18815494442272660d4a49dc9ebbe5b,30,authored_templates_not_real_transcripts,0,assistant,What are you hoping to find?
public_09,development_test,syn_a18815494442272660d4a49dc9ebbe5b,30,authored_templates_not_real_transcripts,1,user,I am still working out what I want.
public_09,development_test,syn_a18815494442272660d4a49dc9ebbe5b,30,authored_templates_not_real_transcripts,2,assistant,What pace feels comfortable?
public_09,development_test,syn_a18815494442272660d4a49dc9ebbe5b,30,authored_templates_not_real_transcripts,3,user,I prefer to get to know someone gradually.
public_09,development_test,syn_a18815494442272660d4a49dc9ebbe5b,30,authored_templates_not_real_transcripts,4,assistant,How do you tend to spend free time?
public_09,development_test,syn_a18815494442272660d4a49dc9ebbe5b,30,authored_templates_not_real_transcripts,5,user,I usually prefer a quiet evening.
public_09,development_test,syn_a18815494442272660d4a49dc9ebbe5b,30,authored_templates_not_real_transcripts,6,assistant,What kinds of conversation do you enjoy?
public_09,development_test,syn_a18815494442272660d4a49dc9ebbe5b,30,authored_templates_not_real_transcripts,7,user,I enjoy talking about ideas.
public_09,development_test,syn_7fead21b4bacec69a251e78421c2e96b,30,authored_templates_not_real_transcripts,0,assistant,What pace feels comfortable?
public_09,development_test,syn_7fead21b4bacec69a251e78421c2e96b,30,authored_templates_not_real_transcripts,1,user,A steady pace suits me.
public_09,development_test,syn_59905c9f292ee47d97bf1312a5fcaf13,30,authored_templates_not_real_transcripts,0,assistant,What are you hoping to find?
public_09,development_test,syn_59905c9f292ee47d97bf1312a5fcaf13,30,authored_templates_not_real_transcripts,1,user,I am still working out what I want.
public_09,development_test,syn_59905c9f292ee47d97bf1312a5fcaf13,30,authored_templates_not_real_transcripts,2,assistant,What pace feels comfortable?
public_09,development_test,syn_59905c9f292ee47d97bf1312a5fcaf13,30,authored_templates_not_real_transcripts,3,user,I prefer to get to know someone gradually.
public_09,development_test,syn_59905c9f292ee47d97bf1312a5fcaf13,30,authored_templates_not_real_transcripts,4,assistant,How do you tend to spend free time?
public_09,development_test,syn_59905c9f292ee47d97bf1312a5fcaf13,30,authored_templates_not_real_transcripts,5,user,I like a mixture of quiet time and seeing people.
public_09,development_test,syn_59905c9f292ee47d97bf1312a5fcaf13,30,authored_templates_not_real_transcripts,6,assistant,What kinds of conversation do you enjoy?
public_09,development_test,syn_59905c9f292ee47d97bf1312a5fcaf13,30,authored_templates_not_real_transcripts,7,user,I like hearing the stories behind things.
public_09,development_test,syn_e81c2b2e2a7abaa4d982c68ee0d9e649,30,authored_templates_not_real_transcripts,0,assistant,What are you hoping to find?
public_09,development_test,syn_e81c2b2e2a7abaa4d982c68ee0d9e649,30,authored_templates_not_real_transcripts,1,user,I would like to build a lasting relationship.
public_09,development_test,syn_e81c2b2e2a7abaa4d982c68ee0d9e649,30,authored_templates_not_real_transcripts,2,assistant,What pace feels comfortable?
public_09,development_test,syn_e81c2b2e2a7abaa4d982c68ee0d9e649,30,authored_templates_not_real_transcripts,3,user,I am comfortable meeting fairly soon.
public_09,development_test,syn_e81c2b2e2a7abaa4d982c68ee0d9e649,30,authored_templates_not_real_transcripts,4,assistant,How do you tend to spend free time?
public_09,development_test,syn_e81c2b2e2a7abaa4d982c68ee0d9e649,30,authored_templates_not_real_transcripts,5,user,I enjoy having plans with people.
public_09,development_test,syn_e81c2b2e2a7abaa4d982c68ee0d9e649,30,authored_templates_not_real_transcripts,6,assistant,What kinds of conversation do you enjoy?
public_09,development_test,syn_e81c2b2e2a7abaa4d982c68ee0d9e649,30,authored_templates_not_real_transcripts,7,user,I like a playful conversation.
public_09,development_test,syn_c522ab8effc0d0aea1b702381cbbd5e8,30,authored_templates_not_real_transcripts,0,assistant,What are you hoping to find?
public_09,development_test,syn_c522ab8effc0d0aea1b702381cbbd5e8,30,authored_templates_not_real_transcripts,1,user,I am still working out what I want.
public_09,development_test,syn_45e42e4c0c71b023b9c360f922081b70,30,authored_templates_not_real_transcripts,0,assistant,What kinds of conversation do you enjoy?
public_09,development_test,syn_45e42e4c0c71b023b9c360f922081b70,30,authored_templates_not_real_transcripts,1,user,I like a playful conversation.
public_09,development_test,syn_1fab3f903e7e09a11b8affb5bdc69d99,30,authored_templates_not_real_transcripts,0,assistant,What kinds of conversation do you enjoy?
public_09,development_test,syn_1fab3f903e7e09a11b8affb5bdc69d99,30,authored_templates_not_real_transcripts,1,user,I enjoy talking about ideas.
public_09,development_test,syn_74dd88b307dc5ec0cdb2258f78f8e0cc,30,authored_templates_not_real_transcripts,0,assistant,What are you hoping to find?
public_09,development_test,syn_74dd88b307dc5ec0cdb2258f78f8e0cc,30,authored_templates_not_real_transcripts,1,user,I am still working out what I want.
public_09,development_test,syn_74dd88b307dc5ec0cdb2258f78f8e0cc,30,authored_templates_not_real_transcripts,2,assistant,What pace feels comfortable?
public_09,development_test,syn_74dd88b307dc5ec0cdb2258f78f8e0cc,30,authored_templates_not_real_transcripts,3,user,I prefer to get to know someone gradually.
public_09,development_test,syn_74dd88b307dc5ec0cdb2258f78f8e0cc,30,authored_templates_not_real_transcripts,4,assistant,How do you tend to spend free time?
public_09,development_test,syn_74dd88b307dc5ec0cdb2258f78f8e0cc,30,authored_templates_not_real_transcripts,5,user,I enjoy having plans with people.
public_09,development_test,syn_74dd88b307dc5ec0cdb2258f78f8e0cc,30,authored_templates_not_real_transcripts,6,assistant,What kinds of conversation do you enjoy?
public_09,development_test,syn_74dd88b307dc5ec0cdb2258f78f8e0cc,30,authored_templates_not_real_transcripts,7,user,I like hearing the stories behind things.
public_09,development_test,syn_fc97c5ac8a004415b4bdfb8ae82fda7b,30,authored_templates_not_real_transcripts,0,assistant,What pace feels comfortable?
public_09,development_test,syn_fc97c5ac8a004415b4bdfb8ae82fda7b,30,authored_templates_not_real_transcripts,1,user,A steady pace suits me.
public_09,development_test,syn_bc0a0129a81304a8b5e02870858a57ac,30,authored_templates_not_real_transcripts,0,assistant,What are you hoping to find?
public_09,development_test,syn_bc0a0129a81304a8b5e02870858a57ac,30,authored_templates_not_real_transcripts,1,user,I am still working out what I want.
public_09,development_test,syn_bc0a0129a81304a8b5e02870858a57ac,30,authored_templates_not_real_transcripts,2,assistant,What pace feels comfortable?
public_09,development_test,syn_bc0a0129a81304a8b5e02870858a57ac,30,authored_templates_not_real_transcripts,3,user,I am comfortable meeting fairly soon.
public_09,development_test,syn_bc0a0129a81304a8b5e02870858a57ac,30,authored_templates_not_real_transcripts,4,assistant,How do you tend to spend free time?
public_09,development_test,syn_bc0a0129a81304a8b5e02870858a57ac,30,authored_templates_not_real_transcripts,5,user,I usually prefer a quiet evening.
public_09,development_test,syn_bc0a0129a81304a8b5e02870858a57ac,30,authored_templates_not_real_transcripts,6,assistant,What kinds of conversation do you enjoy?
public_09,development_test,syn_bc0a0129a81304a8b5e02870858a57ac,30,authored_templates_not_real_transcripts,7,user,I enjoy working through practical questions.
public_09,development_test,syn_72fa7f3a49551b8406189406fe067a80,30,authored_templates_not_real_transcripts,0,assistant,What pace feels comfortable?
public_09,development_test,syn_72fa7f3a49551b8406189406fe067a80,30,authored_templates_not_real_transcripts,1,user,A steady pace suits me.
public_09,development_test,syn_72fa7f3a49551b8406189406fe067a80,30,authored_templates_not_real_transcripts,2,assistant,What kinds of conversation do you enjoy?
public_09,development_test,syn_72fa7f3a49551b8406189406fe067a80,30,authored_templates_not_real_transcripts,3,user,I like a playful conversation.
public_09,development_test,syn_7ced31fcb0b3bd40a02865a74a6fcb92,30,authored_templates_not_real_transcripts,0,assistant,What pace feels comfortable?
public_09,development_test,syn_7ced31fcb0b3bd40a02865a74a6fcb92,30,authored_templates_not_real_transcripts,1,user,A steady pace suits me.
public_09,development_test,syn_8c39122a398b4fbbc69c4483b741a20a,30,authored_templates_not_real_transcripts,0,assistant,How do you tend to spend free time?
public_09,development_test,syn_8c39122a398b4fbbc69c4483b741a20a,30,authored_templates_not_real_transcripts,1,user,I like a mixture of quiet time and seeing people.
public_09,development_test,syn_b923a686ac867c0fccf2c9cc2cbde8c7,30,authored_templates_not_real_transcripts,0,assistant,What are you hoping to find?
public_09,development_test,syn_b923a686ac867c0fccf2c9cc2cbde8c7,30,authored_templates_not_real_transcripts,1,user,I would like to build a lasting relationship.
public_09,development_test,syn_b923a686ac867c0fccf2c9cc2cbde8c7,30,authored_templates_not_real_transcripts,2,assistant,What pace feels comfortable?
public_09,development_test,syn_b923a686ac867c0fccf2c9cc2cbde8c7,30,authored_templates_not_real_transcripts,3,user,I am comfortable meeting fairly soon.
public_09,development_test,syn_b923a686ac867c0fccf2c9cc2cbde8c7,30,authored_templates_not_real_transcripts,4,assistant,How do you tend to spend free time?
public_09,development_test,syn_b923a686ac867c0fccf2c9cc2cbde8c7,30,authored_templates_not_real_transcripts,5,user,I enjoy having plans with people.
public_09,development_test,syn_b923a686ac867c0fccf2c9cc2cbde8c7,30,authored_templates_not_real_transcripts,6,assistant,What kinds of conversation do you enjoy?
public_09,development_test,syn_b923a686ac867c0fccf2c9cc2cbde8c7,30,authored_templates_not_real_transcripts,7,user,I enjoy working through practical questions.
public_09,development_test,syn_46153b3e21490c0dcdddff4ea33fa5d1,30,authored_templates_not_real_transcripts,0,assistant,What are you hoping to find?
public_09,development_test,syn_46153b3e21490c0dcdddff4ea33fa5d1,30,authored_templates_not_real_transcripts,1,user,I would like to build a lasting relationship.
public_09,development_test,syn_46153b3e21490c0dcdddff4ea33fa5d1,30,authored_templates_not_real_transcripts,2,assistant,What pace feels comfortable?
public_09,development_test,syn_46153b3e21490c0dcdddff4ea33fa5d1,30,authored_templates_not_real_transcripts,3,user,I prefer to get to know someone gradually.
public_09,development_test,syn_46153b3e21490c0dcdddff4ea33fa5d1,30,authored_templates_not_real_transcripts,4,assistant,How do you tend to spend free time?
public_09,development_test,syn_46153b3e21490c0dcdddff4ea33fa5d1,30,authored_templates_not_real_transcripts,5,user,I like a mixture of quiet time and seeing people.
public_09,development_test,syn_46153b3e21490c0dcdddff4ea33fa5d1,30,authored_templates_not_real_transcripts,6,assistant,What kinds of conversation do you enjoy?
public_09,development_test,syn_46153b3e21490c0dcdddff4ea33fa5d1,30,authored_templates_not_real_transcripts,7,user,I like hearing the stories behind things.
public_09,development_test,syn_154fa2c92626e9e40e5ef8d9410be038,30,authored_templates_not_real_transcripts,0,assistant,What are you hoping to find?
public_09,development_test,syn_154fa2c92626e9e40e5ef8d9410be038,30,authored_templates_not_real_transcripts,1,user,I am still working out what I want.
public_09,development_test,syn_154fa2c92626e9e40e5ef8d9410be038,30,authored_templates_not_real_transcripts,2,assistant,What pace feels comfortable?
public_09,development_test,syn_154fa2c92626e9e40e5ef8d9410be038,30,authored_templates_not_real_transcripts,3,user,I prefer to get to know someone gradually.
public_09,development_test,syn_a005fdbc59c75076c16892b788a008e3,30,authored_templates_not_real_transcripts,0,assistant,What pace feels comfortable?
public_09,development_test,syn_a005fdbc59c75076c16892b788a008e3,30,authored_templates_not_real_transcripts,1,user,I prefer to get to know someone gradually.
public_09,development_test,syn_ba5b3cf28cc23e4a97fa0612a8050df5,30,authored_templates_not_real_transcripts,0,assistant,How do you tend to spend free time?
public_09,development_test,syn_ba5b3cf28cc23e4a97fa0612a8050df5,30,authored_templates_not_real_transcripts,1,user,I enjoy having plans with people.
public_09,development_test,syn_4f6aec2c794cd3961ebf9d3a11200acd,30,authored_templates_not_real_transcripts,0,assistant,What are you hoping to find?
public_09,development_test,syn_4f6aec2c794cd3961ebf9d3a11200acd,30,authored_templates_not_real_transcripts,1,user,I would like to build a lasting relationship.
public_09,development_test,syn_6a0a70e102a42456541ad3688e00967c,30,authored_templates_not_real_transcripts,0,assistant,What pace feels comfortable?
public_09,development_test,syn_6a0a70e102a42456541ad3688e00967c,30,authored_templates_not_real_transcripts,1,user,I am comfortable meeting fairly soon.
public_09,development_test,syn_01639d571d85dc2ea9a0bad313cbb6fa,30,authored_templates_not_real_transcripts,0,assistant,What are you hoping to find?
public_09,development_test,syn_01639d571d85dc2ea9a0bad313cbb6fa,30,authored_templates_not_real_transcripts,1,user,I am still working out what I want.
public_09,development_test,syn_01639d571d85dc2ea9a0bad313cbb6fa,30,authored_templates_not_real_transcripts,2,assistant,What pace feels comfortable?
public_09,development_test,syn_01639d571d85dc2ea9a0bad313cbb6fa,30,authored_templates_not_real_transcripts,3,user,A steady pace suits me.
public_09,development_test,syn_01639d571d85dc2ea9a0bad313cbb6fa,30,authored_templates_not_real_transcripts,4,assistant,How do you tend to spend free time?
public_09,development_test,syn_01639d571d85dc2ea9a0bad313cbb6fa,30,authored_templates_not_real_transcripts,5,user,I usually prefer a quiet evening.
public_09,development_test,syn_01639d571d85dc2ea9a0bad313cbb6fa,30,authored_templates_not_real_transcripts,6,assistant,What kinds of conversation do you enjoy?
public_09,development_test,syn_01639d571d85dc2ea9a0bad313cbb6fa,30,authored_templates_not_real_transcripts,7,user,I like hearing the stories behind things.
public_09,development_test,syn_7943db275fb55131bbdb6929da1bc57f,30,authored_templates_not_real_transcripts,0,assistant,What are you hoping to find?
public_09,development_test,syn_7943db275fb55131bbdb6929da1bc57f,30,authored_templates_not_real_transcripts,1,user,I am still working out what I want.
public_09,development_test,syn_7943db275fb55131bbdb6929da1bc57f,30,authored_templates_not_real_transcripts,2,assistant,What pace feels comfortable?
public_09,development_test,syn_7943db275fb55131bbdb6929da1bc57f,30,authored_templates_not_real_transcripts,3,user,I prefer to get to know someone gradually.
public_09,development_test,syn_7943db275fb55131bbdb6929da1bc57f,30,authored_templates_not_real_transcripts,4,assistant,How do you tend to spend free time?
public_09,development_test,syn_7943db275fb55131bbdb6929da1bc57f,30,authored_templates_not_real_transcripts,5,user,I usually prefer a quiet evening.
public_09,development_test,syn_7943db275fb55131bbdb6929da1bc57f,30,authored_templates_not_real_transcripts,6,assistant,What kinds of conversation do you enjoy?
public_09,development_test,syn_7943db275fb55131bbdb6929da1bc57f,30,authored_templates_not_real_transcripts,7,user,I like a playful conversation.
public_09,development_test,syn_395b967214926c08e0140e09fe6780da,30,authored_templates_not_real_transcripts,0,assistant,What are you hoping to find?
public_09,development_test,syn_395b967214926c08e0140e09fe6780da,30,authored_templates_not_real_transcripts,1,user,I am still working out what I want.
public_09,development_test,syn_395b967214926c08e0140e09fe6780da,30,authored_templates_not_real_transcripts,2,assistant,What pace feels comfortable?
public_09,development_test,syn_395b967214926c08e0140e09fe6780da,30,authored_templates_not_real_transcripts,3,user,I prefer to get to know someone gradually.
public_09,development_test,syn_395b967214926c08e0140e09fe6780da,30,authored_templates_not_real_transcripts,4,assistant,How do you tend to spend free time?
public_09,development_test,syn_395b967214926c08e0140e09fe6780da,30,authored_templates_not_real_transcripts,5,user,I usually prefer a quiet evening.
public_09,development_test,syn_395b967214926c08e0140e09fe6780da,30,authored_templates_not_real_transcripts,6,assistant,What kinds of conversation do you enjoy?
public_09,development_test,syn_395b967214926c08e0140e09fe6780da,30,authored_templates_not_real_transcripts,7,user,I like a playful conversation.
public_09,development_test,syn_899dc40289039e438025aa0395b0976f,30,authored_templates_not_real_transcripts,0,assistant,How do you tend to spend free time?
public_09,development_test,syn_899dc40289039e438025aa0395b0976f,30,authored_templates_not_real_transcripts,1,user,I enjoy having plans with people.
public_09,development_test,syn_7ea24ae1bc6dd1bf483a695694b4de60,30,authored_templates_not_real_transcripts,0,assistant,What kinds of conversation do you enjoy?
public_09,development_test,syn_7ea24ae1bc6dd1bf483a695694b4de60,30,authored_templates_not_real_transcripts,1,user,I enjoy working through practical questions.
public_09,development_test,syn_b4e4ce7c2881670a12de4cc507059e9e,30,authored_templates_not_real_transcripts,0,assistant,What are you hoping to find?
public_09,development_test,syn_b4e4ce7c2881670a12de4cc507059e9e,30,authored_templates_not_real_transcripts,1,user,I would like to build a lasting relationship.
public_09,development_test,syn_b4e4ce7c2881670a12de4cc507059e9e,30,authored_templates_not_real_transcripts,2,assistant,What pace feels comfortable?
public_09,development_test,syn_b4e4ce7c2881670a12de4cc507059e9e,30,authored_templates_not_real_transcripts,3,user,A steady pace suits me.
public_09,development_test,syn_b4e4ce7c2881670a12de4cc507059e9e,30,authored_templates_not_real_transcripts,4,assistant,How do you tend to spend free time?
public_09,development_test,syn_b4e4ce7c2881670a12de4cc507059e9e,30,authored_templates_not_real_transcripts,5,user,I usually prefer a quiet evening.
public_09,development_test,syn_b4e4ce7c2881670a12de4cc507059e9e,30,authored_templates_not_real_transcripts,6,assistant,What kinds of conversation do you enjoy?
public_09,development_test,syn_b4e4ce7c2881670a12de4cc507059e9e,30,authored_templates_not_real_transcripts,7,user,I like hearing the stories behind things.
public_09,development_test,syn_52bea84dd5f87d01e4cb9f99f1d15eeb,30,authored_templates_not_real_transcripts,0,assistant,What are you hoping to find?
public_09,development_test,syn_52bea84dd5f87d01e4cb9f99f1d15eeb,30,authored_templates_not_real_transcripts,1,user,I am still working out what I want.
public_09,development_test,syn_52bea84dd5f87d01e4cb9f99f1d15eeb,30,authored_templates_not_real_transcripts,2,assistant,What pace feels comfortable?
public_09,development_test,syn_52bea84dd5f87d01e4cb9f99f1d15eeb,30,authored_templates_not_real_transcripts,3,user,I am comfortable meeting fairly soon.
public_09,development_test,syn_52bea84dd5f87d01e4cb9f99f1d15eeb,30,authored_templates_not_real_transcripts,4,assistant,How do you tend to spend free time?
public_09,development_test,syn_52bea84dd5f87d01e4cb9f99f1d15eeb,30,authored_templates_not_real_transcripts,5,user,I enjoy having plans with people.
public_09,development_test,syn_52bea84dd5f87d01e4cb9f99f1d15eeb,30,authored_templates_not_real_transcripts,6,assistant,What kinds of conversation do you enjoy?
public_09,development_test,syn_52bea84dd5f87d01e4cb9f99f1d15eeb,30,authored_templates_not_real_transcripts,7,user,I enjoy talking about ideas.
public_09,development_test,syn_e42956bd3ad3d0ab962031c145e0e8f5,30,authored_templates_not_real_transcripts,0,assistant,What pace feels comfortable?
public_09,development_test,syn_e42956bd3ad3d0ab962031c145e0e8f5,30,authored_templates_not_real_transcripts,1,user,I am comfortable meeting fairly soon.
public_09,development_test,syn_4fe3ee745aa0a0513d715c1f5e333848,30,authored_templates_not_real_transcripts,0,assistant,What are you hoping to find?
public_09,development_test,syn_4fe3ee745aa0a0513d715c1f5e333848,30,authored_templates_not_real_transcripts,1,user,I am still working out what I want.
public_09,development_test,syn_03337154da48057c40de9e9d5daf2498,30,authored_templates_not_real_transcripts,0,assistant,What are you hoping to find?
public_09,development_test,syn_03337154da48057c40de9e9d5daf2498,30,authored_templates_not_real_transcripts,1,user,I am still working out what I want.
public_09,development_test,syn_03337154da48057c40de9e9d5daf2498,30,authored_templates_not_real_transcripts,2,assistant,What pace feels comfortable?
public_09,development_test,syn_03337154da48057c40de9e9d5daf2498,30,authored_templates_not_real_transcripts,3,user,I prefer to get to know someone gradually.
public_09,development_test,syn_03337154da48057c40de9e9d5daf2498,30,authored_templates_not_real_transcripts,4,assistant,How do you tend to spend free time?
public_09,development_test,syn_03337154da48057c40de9e9d5daf2498,30,authored_templates_not_real_transcripts,5,user,I enjoy having plans with people.
public_09,development_test,syn_03337154da48057c40de9e9d5daf2498,30,authored_templates_not_real_transcripts,6,assistant,What kinds of conversation do you enjoy?
public_09,development_test,syn_03337154da48057c40de9e9d5daf2498,30,authored_templates_not_real_transcripts,7,user,I like a playful conversation.
public_09,development_test,syn_938533b6ed1b3352a3eeee11e0e010f7,30,authored_templates_not_real_transcripts,0,assistant,How do you tend to spend free time?
public_09,development_test,syn_938533b6ed1b3352a3eeee11e0e010f7,30,authored_templates_not_real_transcripts,1,user,I enjoy having plans with people.
public_09,development_test,syn_938533b6ed1b3352a3eeee11e0e010f7,30,authored_templates_not_real_transcripts,2,assistant,What kinds of conversation do you enjoy?
public_09,development_test,syn_938533b6ed1b3352a3eeee11e0e010f7,30,authored_templates_not_real_transcripts,3,user,I enjoy talking about ideas.
public_09,development_test,syn_49aa062858abc6e6de8783ba7f24bef3,30,authored_templates_not_real_transcripts,0,assistant,What are you hoping to find?
public_09,development_test,syn_49aa062858abc6e6de8783ba7f24bef3,30,authored_templates_not_real_transcripts,1,user,I would like to build a lasting relationship.
public_09,development_test,syn_49aa062858abc6e6de8783ba7f24bef3,30,authored_templates_not_real_transcripts,2,assistant,What pace feels comfortable?
public_09,development_test,syn_49aa062858abc6e6de8783ba7f24bef3,30,authored_templates_not_real_transcripts,3,user,I am comfortable meeting fairly soon.
public_09,development_test,syn_49aa062858abc6e6de8783ba7f24bef3,30,authored_templates_not_real_transcripts,4,assistant,How do you tend to spend free time?
public_09,development_test,syn_49aa062858abc6e6de8783ba7f24bef3,30,authored_templates_not_real_transcripts,5,user,I enjoy having plans with people.
public_09,development_test,syn_49aa062858abc6e6de8783ba7f24bef3,30,authored_templates_not_real_transcripts,6,assistant,What kinds of conversation do you enjoy?
public_09,development_test,syn_49aa062858abc6e6de8783ba7f24bef3,30,authored_templates_not_real_transcripts,7,user,I enjoy talking about ideas.
public_09,development_test,syn_366a357dac719d4d13550d2f27a903ec,30,authored_templates_not_real_transcripts,0,assistant,What are you hoping to find?
public_09,development_test,syn_366a357dac719d4d13550d2f27a903ec,30,authored_templates_not_real_transcripts,1,user,I am still working out what I want.
public_09,development_test,syn_366a357dac719d4d13550d2f27a903ec,30,authored_templates_not_real_transcripts,2,assistant,What pace feels comfortable?
public_09,development_test,syn_366a357dac719d4d13550d2f27a903ec,30,authored_templates_not_real_transcripts,3,user,I am comfortable meeting fairly soon.
public_09,development_test,syn_366a357dac719d4d13550d2f27a903ec,30,authored_templates_not_real_transcripts,4,assistant,How do you tend to spend free time?
public_09,development_test,syn_366a357dac719d4d13550d2f27a903ec,30,authored_templates_not_real_transcripts,5,user,I enjoy having plans with people.
public_09,development_test,syn_366a357dac719d4d13550d2f27a903ec,30,authored_templates_not_real_transcripts,6,assistant,What kinds of conversation do you enjoy?
public_09,development_test,syn_366a357dac719d4d13550d2f27a903ec,30,authored_templates_not_real_transcripts,7,user,I enjoy talking about ideas.
public_09,development_test,syn_2498b1dc356de003c3825324d212befd,30,authored_templates_not_real_transcripts,0,assistant,What are you hoping to find?
public_09,development_test,syn_2498b1dc356de003c3825324d212befd,30,authored_templates_not_real_transcripts,1,user,I am still working out what I want.
public_09,development_test,syn_2498b1dc356de003c3825324d212befd,30,authored_templates_not_real_transcripts,2,assistant,What pace feels comfortable?
public_09,development_test,syn_2498b1dc356de003c3825324d212befd,30,authored_templates_not_real_transcripts,3,user,A steady pace suits me.
public_09,development_test,syn_2498b1dc356de003c3825324d212befd,30,authored_templates_not_real_transcripts,4,assistant,How do you tend to spend free time?
public_09,development_test,syn_2498b1dc356de003c3825324d212befd,30,authored_templates_not_real_transcripts,5,user,I enjoy having plans with people.
public_09,development_test,syn_2498b1dc356de003c3825324d212befd,30,authored_templates_not_real_transcripts,6,assistant,What kinds of conversation do you enjoy?
public_09,development_test,syn_2498b1dc356de003c3825324d212befd,30,authored_templates_not_real_transcripts,7,user,I enjoy working through practical questions.
public_09,development_test,syn_664d91e54ac84101c9455adeb1f76e58,30,authored_templates_not_real_transcripts,0,assistant,What are you hoping to find?
public_09,development_test,syn_664d91e54ac84101c9455adeb1f76e58,30,authored_templates_not_real_transcripts,1,user,I would like to build a lasting relationship.
public_09,development_test,syn_664d91e54ac84101c9455adeb1f76e58,30,authored_templates_not_real_transcripts,2,assistant,What pace feels comfortable?
public_09,development_test,syn_664d91e54ac84101c9455adeb1f76e58,30,authored_templates_not_real_transcripts,3,user,I am comfortable meeting fairly soon.
public_09,development_test,syn_664d91e54ac84101c9455adeb1f76e58,30,authored_templates_not_real_transcripts,4,assistant,How do you tend to spend free time?
public_09,development_test,syn_664d91e54ac84101c9455adeb1f76e58,30,authored_templates_not_real_transcripts,5,user,I like a mixture of quiet time and seeing people.
public_09,development_test,syn_664d91e54ac84101c9455adeb1f76e58,30,authored_templates_not_real_transcripts,6,assistant,What kinds of conversation do you enjoy?
public_09,development_test,syn_664d91e54ac84101c9455adeb1f76e58,30,authored_templates_not_real_transcripts,7,user,I like a playful conversation.
public_09,development_test,syn_a9522305356dba8541a258a4a5ff316d,30,authored_templates_not_real_transcripts,0,assistant,What are you hoping to find?
public_09,development_test,syn_a9522305356dba8541a258a4a5ff316d,30,authored_templates_not_real_transcripts,1,user,I would like to build a lasting relationship.
public_09,development_test,syn_a9522305356dba8541a258a4a5ff316d,30,authored_templates_not_real_transcripts,2,assistant,What pace feels comfortable?
public_09,development_test,syn_a9522305356dba8541a258a4a5ff316d,30,authored_templates_not_real_transcripts,3,user,I am comfortable meeting fairly soon.
public_09,development_test,syn_a9522305356dba8541a258a4a5ff316d,30,authored_templates_not_real_transcripts,4,assistant,How do you tend to spend free time?
public_09,development_test,syn_a9522305356dba8541a258a4a5ff316d,30,authored_templates_not_real_transcripts,5,user,I like a mixture of quiet time and seeing people.
public_09,development_test,syn_a9522305356dba8541a258a4a5ff316d,30,authored_templates_not_real_transcripts,6,assistant,What kinds of conversation do you enjoy?
public_09,development_test,syn_a9522305356dba8541a258a4a5ff316d,30,authored_templates_not_real_transcripts,7,user,I enjoy talking about ideas.
public_09,development_test,syn_730902ccb1e8843f663686decde0103d,30,authored_templates_not_real_transcripts,0,assistant,What are you hoping to find?
public_09,development_test,syn_730902ccb1e8843f663686decde0103d,30,authored_templates_not_real_transcripts,1,user,I would like to build a lasting relationship.
public_09,development_test,syn_730902ccb1e8843f663686decde0103d,30,authored_templates_not_real_transcripts,2,assistant,What pace feels comfortable?
public_09,development_test,syn_730902ccb1e8843f663686decde0103d,30,authored_templates_not_real_transcripts,3,user,A steady pace suits me.
public_09,development_test,syn_730902ccb1e8843f663686decde0103d,30,authored_templates_not_real_transcripts,4,assistant,How do you tend to spend free time?
public_09,development_test,syn_730902ccb1e8843f663686decde0103d,30,authored_templates_not_real_transcripts,5,user,I usually prefer a quiet evening.
public_09,development_test,syn_730902ccb1e8843f663686decde0103d,30,authored_templates_not_real_transcripts,6,assistant,What kinds of conversation do you enjoy?
public_09,development_test,syn_730902ccb1e8843f663686decde0103d,30,authored_templates_not_real_transcripts,7,user,I like hearing the stories behind things.
public_09,development_test,syn_8dca0eb1396466d541b4cb63c7698d9e,30,authored_templates_not_real_transcripts,0,assistant,What kinds of conversation do you enjoy?
public_09,development_test,syn_8dca0eb1396466d541b4cb63c7698d9e,30,authored_templates_not_real_transcripts,1,user,I like a playful conversation.
public_09,development_test,syn_28da624569efb20e864cd88321526064,30,authored_templates_not_real_transcripts,0,assistant,What are you hoping to find?
public_09,development_test,syn_28da624569efb20e864cd88321526064,30,authored_templates_not_real_transcripts,1,user,I am still working out what I want.
public_09,development_test,syn_e2e181499dcf7908fdef35663b9adb7e,30,authored_templates_not_real_transcripts,0,assistant,What are you hoping to find?
public_09,development_test,syn_e2e181499dcf7908fdef35663b9adb7e,30,authored_templates_not_real_transcripts,1,user,I would like to build a lasting relationship.
public_09,development_test,syn_e2e181499dcf7908fdef35663b9adb7e,30,authored_templates_not_real_transcripts,2,assistant,What pace feels comfortable?
public_09,development_test,syn_e2e181499dcf7908fdef35663b9adb7e,30,authored_templates_not_real_transcripts,3,user,I prefer to get to know someone gradually.
public_09,development_test,syn_e2e181499dcf7908fdef35663b9adb7e,30,authored_templates_not_real_transcripts,4,assistant,How do you tend to spend free time?
public_09,development_test,syn_e2e181499dcf7908fdef35663b9adb7e,30,authored_templates_not_real_transcripts,5,user,I usually prefer a quiet evening.
public_09,development_test,syn_e2e181499dcf7908fdef35663b9adb7e,30,authored_templates_not_real_transcripts,6,assistant,What kinds of conversation do you enjoy?
public_09,development_test,syn_e2e181499dcf7908fdef35663b9adb7e,30,authored_templates_not_real_transcripts,7,user,I like a playful conversation.
public_09,development_test,syn_6a6823ceee9dd6b79387201ffb471503,30,authored_templates_not_real_transcripts,0,assistant,What are you hoping to find?
public_09,development_test,syn_6a6823ceee9dd6b79387201ffb471503,30,authored_templates_not_real_transcripts,1,user,I am still working out what I want.
public_09,development_test,syn_6a6823ceee9dd6b79387201ffb471503,30,authored_templates_not_real_transcripts,2,assistant,What pace feels comfortable?
public_09,development_test,syn_6a6823ceee9dd6b79387201ffb471503,30,authored_templates_not_real_transcripts,3,user,I prefer to get to know someone gradually.
public_09,development_test,syn_6a6823ceee9dd6b79387201ffb471503,30,authored_templates_not_real_transcripts,4,assistant,How do you tend to spend free time?
public_09,development_test,syn_6a6823ceee9dd6b79387201ffb471503,30,authored_templates_not_real_transcripts,5,user,I usually prefer a quiet evening.
public_09,development_test,syn_6a6823ceee9dd6b79387201ffb471503,30,authored_templates_not_real_transcripts,6,assistant,What kinds of conversation do you enjoy?
public_09,development_test,syn_6a6823ceee9dd6b79387201ffb471503,30,authored_templates_not_real_transcripts,7,user,I like a playful conversation.
public_09,development_test,syn_8e937cd663d14a374d74504b2167f196,30,authored_templates_not_real_transcripts,0,assistant,How do you tend to spend free time?
public_09,development_test,syn_8e937cd663d14a374d74504b2167f196,30,authored_templates_not_real_transcripts,1,user,I like a mixture of quiet time and seeing people.
public_09,development_test,syn_8b671418e39d54beeba99d9a5d38fe6d,30,authored_templates_not_real_transcripts,0,assistant,What are you hoping to find?
public_09,development_test,syn_8b671418e39d54beeba99d9a5d38fe6d,30,authored_templates_not_real_transcripts,1,user,I am still working out what I want.
public_09,development_test,syn_8b671418e39d54beeba99d9a5d38fe6d,30,authored_templates_not_real_transcripts,2,assistant,What pace feels comfortable?
public_09,development_test,syn_8b671418e39d54beeba99d9a5d38fe6d,30,authored_templates_not_real_transcripts,3,user,I prefer to get to know someone gradually.
public_09,development_test,syn_8b671418e39d54beeba99d9a5d38fe6d,30,authored_templates_not_real_transcripts,4,assistant,How do you tend to spend free time?
public_09,development_test,syn_8b671418e39d54beeba99d9a5d38fe6d,30,authored_templates_not_real_transcripts,5,user,I usually prefer a quiet evening.
public_09,development_test,syn_8b671418e39d54beeba99d9a5d38fe6d,30,authored_templates_not_real_transcripts,6,assistant,What kinds of conversation do you enjoy?
public_09,development_test,syn_8b671418e39d54beeba99d9a5d38fe6d,30,authored_templates_not_real_transcripts,7,user,I like hearing the stories behind things.
public_09,development_test,syn_c0a3d94528ea4032ce611009fcbac175,30,authored_templates_not_real_transcripts,0,assistant,How do you tend to spend free time?
public_09,development_test,syn_c0a3d94528ea4032ce611009fcbac175,30,authored_templates_not_real_transcripts,1,user,I enjoy having plans with people.
public_09,development_test,syn_5a23a537897a87e452157802beeeb09e,30,authored_templates_not_real_transcripts,0,assistant,What are you hoping to find?
public_09,development_test,syn_5a23a537897a87e452157802beeeb09e,30,authored_templates_not_real_transcripts,1,user,I am still working out what I want.
public_09,development_test,syn_a6ac730a7422dc42e543fc3d84f9da31,30,authored_templates_not_real_transcripts,0,assistant,What are you hoping to find?
public_09,development_test,syn_a6ac730a7422dc42e543fc3d84f9da31,30,authored_templates_not_real_transcripts,1,user,I am still working out what I want.
public_09,development_test,syn_a6ac730a7422dc42e543fc3d84f9da31,30,authored_templates_not_real_transcripts,2,assistant,What pace feels comfortable?
public_09,development_test,syn_a6ac730a7422dc42e543fc3d84f9da31,30,authored_templates_not_real_transcripts,3,user,A steady pace suits me.
public_09,development_test,syn_a6ac730a7422dc42e543fc3d84f9da31,30,authored_templates_not_real_transcripts,4,assistant,How do you tend to spend free time?
public_09,development_test,syn_a6ac730a7422dc42e543fc3d84f9da31,30,authored_templates_not_real_transcripts,5,user,I like a mixture of quiet time and seeing people.
public_09,development_test,syn_a6ac730a7422dc42e543fc3d84f9da31,30,authored_templates_not_real_transcripts,6,assistant,What kinds of conversation do you enjoy?
public_09,development_test,syn_a6ac730a7422dc42e543fc3d84f9da31,30,authored_templates_not_real_transcripts,7,user,I enjoy working through practical questions.
public_09,development_test,syn_9765e449ae215cfcc69e599f86ffbd9f,30,authored_templates_not_real_transcripts,0,assistant,What are you hoping to find?
public_09,development_test,syn_9765e449ae215cfcc69e599f86ffbd9f,30,authored_templates_not_real_transcripts,1,user,I am still working out what I want.
public_09,development_test,syn_d6b73be38eda52db3025a5b96af5b58e,30,authored_templates_not_real_transcripts,0,assistant,What are you hoping to find?
public_09,development_test,syn_d6b73be38eda52db3025a5b96af5b58e,30,authored_templates_not_real_transcripts,1,user,I would like to build a lasting relationship.
public_09,development_test,syn_d6b73be38eda52db3025a5b96af5b58e,30,authored_templates_not_real_transcripts,2,assistant,What pace feels comfortable?
public_09,development_test,syn_d6b73be38eda52db3025a5b96af5b58e,30,authored_templates_not_real_transcripts,3,user,I am comfortable meeting fairly soon.
public_09,development_test,syn_d6b73be38eda52db3025a5b96af5b58e,30,authored_templates_not_real_transcripts,4,assistant,How do you tend to spend free time?
public_09,development_test,syn_d6b73be38eda52db3025a5b96af5b58e,30,authored_templates_not_real_transcripts,5,user,I like a mixture of quiet time and seeing people.
public_09,development_test,syn_d6b73be38eda52db3025a5b96af5b58e,30,authored_templates_not_real_transcripts,6,assistant,What kinds of conversation do you enjoy?
public_09,development_test,syn_d6b73be38eda52db3025a5b96af5b58e,30,authored_templates_not_real_transcripts,7,user,I enjoy talking about ideas.
public_09,development_test,syn_bf058d621c18e8c309413475a63439c0,30,authored_templates_not_real_transcripts,0,assistant,What are you hoping to find?
public_09,development_test,syn_bf058d621c18e8c309413475a63439c0,30,authored_templates_not_real_transcripts,1,user,I would like to build a lasting relationship.
public_09,development_test,syn_bf058d621c18e8c309413475a63439c0,30,authored_templates_not_real_transcripts,2,assistant,What pace feels comfortable?
public_09,development_test,syn_bf058d621c18e8c309413475a63439c0,30,authored_templates_not_real_transcripts,3,user,I prefer to get to know someone gradually.
public_09,development_test,syn_bf058d621c18e8c309413475a63439c0,30,authored_templates_not_real_transcripts,4,assistant,How do you tend to spend free time?
public_09,development_test,syn_bf058d621c18e8c309413475a63439c0,30,authored_templates_not_real_transcripts,5,user,I enjoy having plans with people.
public_09,development_test,syn_bf058d621c18e8c309413475a63439c0,30,authored_templates_not_real_transcripts,6,assistant,What kinds of conversation do you enjoy?
public_09,development_test,syn_bf058d621c18e8c309413475a63439c0,30,authored_templates_not_real_transcripts,7,user,I like a playful conversation.
public_09,development_test,syn_5101ee98621b0a0aa0efcc363c546da1,30,authored_templates_not_real_transcripts,0,assistant,What are you hoping to find?
public_09,development_test,syn_5101ee98621b0a0aa0efcc363c546da1,30,authored_templates_not_real_transcripts,1,user,I would like to build a lasting relationship.
public_09,development_test,syn_5101ee98621b0a0aa0efcc363c546da1,30,authored_templates_not_real_transcripts,2,assistant,What pace feels comfortable?
public_09,development_test,syn_5101ee98621b0a0aa0efcc363c546da1,30,authored_templates_not_real_transcripts,3,user,A steady pace suits me.
public_09,development_test,syn_5101ee98621b0a0aa0efcc363c546da1,30,authored_templates_not_real_transcripts,4,assistant,How do you tend to spend free time?
public_09,development_test,syn_5101ee98621b0a0aa0efcc363c546da1,30,authored_templates_not_real_transcripts,5,user,I usually prefer a quiet evening.
public_09,development_test,syn_5101ee98621b0a0aa0efcc363c546da1,30,authored_templates_not_real_transcripts,6,assistant,What kinds of conversation do you enjoy?
public_09,development_test,syn_5101ee98621b0a0aa0efcc363c546da1,30,authored_templates_not_real_transcripts,7,user,I like a playful conversation.
public_10,development_test,syn_33218a5ec81d850bee668de6aac93a05,30,authored_templates_not_real_transcripts,0,assistant,What are you hoping to find?
public_10,development_test,syn_33218a5ec81d850bee668de6aac93a05,30,authored_templates_not_real_transcripts,1,user,I would like to build a lasting relationship.
public_10,development_test,syn_33218a5ec81d850bee668de6aac93a05,30,authored_templates_not_real_transcripts,2,assistant,What pace feels comfortable?
public_10,development_test,syn_33218a5ec81d850bee668de6aac93a05,30,authored_templates_not_real_transcripts,3,user,I am comfortable meeting fairly soon.
public_10,development_test,syn_33218a5ec81d850bee668de6aac93a05,30,authored_templates_not_real_transcripts,4,assistant,How do you tend to spend free time?
public_10,development_test,syn_33218a5ec81d850bee668de6aac93a05,30,authored_templates_not_real_transcripts,5,user,I like a mixture of quiet time and seeing people.
public_10,development_test,syn_33218a5ec81d850bee668de6aac93a05,30,authored_templates_not_real_transcripts,6,assistant,What kinds of conversation do you enjoy?
public_10,development_test,syn_33218a5ec81d850bee668de6aac93a05,30,authored_templates_not_real_transcripts,7,user,I like a playful conversation.
public_10,development_test,syn_7cf80d12307757f457a3f2d25c83355b,30,authored_templates_not_real_transcripts,0,assistant,What are you hoping to find?
public_10,development_test,syn_7cf80d12307757f457a3f2d25c83355b,30,authored_templates_not_real_transcripts,1,user,I would like to build a lasting relationship.
public_10,development_test,syn_5e3892cea1f5f732208948e2e10b78cc,30,authored_templates_not_real_transcripts,0,assistant,What pace feels comfortable?
public_10,development_test,syn_5e3892cea1f5f732208948e2e10b78cc,30,authored_templates_not_real_transcripts,1,user,A steady pace suits me.
public_10,development_test,syn_a83803235dd25c672bd97b546bbd67fd,30,authored_templates_not_real_transcripts,0,assistant,What are you hoping to find?
public_10,development_test,syn_a83803235dd25c672bd97b546bbd67fd,30,authored_templates_not_real_transcripts,1,user,I would like to build a lasting relationship.
public_10,development_test,syn_a83803235dd25c672bd97b546bbd67fd,30,authored_templates_not_real_transcripts,2,assistant,What pace feels comfortable?
public_10,development_test,syn_a83803235dd25c672bd97b546bbd67fd,30,authored_templates_not_real_transcripts,3,user,A steady pace suits me.
public_10,development_test,syn_a83803235dd25c672bd97b546bbd67fd,30,authored_templates_not_real_transcripts,4,assistant,How do you tend to spend free time?
public_10,development_test,syn_a83803235dd25c672bd97b546bbd67fd,30,authored_templates_not_real_transcripts,5,user,I enjoy having plans with people.
public_10,development_test,syn_a83803235dd25c672bd97b546bbd67fd,30,authored_templates_not_real_transcripts,6,assistant,What kinds of conversation do you enjoy?
public_10,development_test,syn_a83803235dd25c672bd97b546bbd67fd,30,authored_templates_not_real_transcripts,7,user,I like a playful conversation.
public_10,development_test,syn_e14ddd58360524cf5be95fd690a53373,30,authored_templates_not_real_transcripts,0,assistant,What are you hoping to find?
public_10,development_test,syn_e14ddd58360524cf5be95fd690a53373,30,authored_templates_not_real_transcripts,1,user,I am still working out what I want.
public_10,development_test,syn_e14ddd58360524cf5be95fd690a53373,30,authored_templates_not_real_transcripts,2,assistant,What pace feels comfortable?
public_10,development_test,syn_e14ddd58360524cf5be95fd690a53373,30,authored_templates_not_real_transcripts,3,user,I prefer to get to know someone gradually.
public_10,development_test,syn_e14ddd58360524cf5be95fd690a53373,30,authored_templates_not_real_transcripts,4,assistant,How do you tend to spend free time?
public_10,development_test,syn_e14ddd58360524cf5be95fd690a53373,30,authored_templates_not_real_transcripts,5,user,I enjoy having plans with people.
public_10,development_test,syn_e14ddd58360524cf5be95fd690a53373,30,authored_templates_not_real_transcripts,6,assistant,What kinds of conversation do you enjoy?
public_10,development_test,syn_e14ddd58360524cf5be95fd690a53373,30,authored_templates_not_real_transcripts,7,user,I enjoy working through practical questions.
public_10,development_test,syn_4d4039deb870661a489ded51c2e01c2d,30,authored_templates_not_real_transcripts,0,assistant,What are you hoping to find?
public_10,development_test,syn_4d4039deb870661a489ded51c2e01c2d,30,authored_templates_not_real_transcripts,1,user,I am still working out what I want.
public_10,development_test,syn_4d4039deb870661a489ded51c2e01c2d,30,authored_templates_not_real_transcripts,2,assistant,What pace feels comfortable?
public_10,development_test,syn_4d4039deb870661a489ded51c2e01c2d,30,authored_templates_not_real_transcripts,3,user,I am comfortable meeting fairly soon.
public_10,development_test,syn_4d4039deb870661a489ded51c2e01c2d,30,authored_templates_not_real_transcripts,4,assistant,How do you tend to spend free time?
public_10,development_test,syn_4d4039deb870661a489ded51c2e01c2d,30,authored_templates_not_real_transcripts,5,user,I usually prefer a quiet evening.
public_10,development_test,syn_4d4039deb870661a489ded51c2e01c2d,30,authored_templates_not_real_transcripts,6,assistant,What kinds of conversation do you enjoy?
public_10,development_test,syn_4d4039deb870661a489ded51c2e01c2d,30,authored_templates_not_real_transcripts,7,user,I like a playful conversation.
public_10,development_test,syn_b92c1b66c29e9bbda64a8a27d704a49e,30,authored_templates_not_real_transcripts,0,assistant,How do you tend to spend free time?
public_10,development_test,syn_b92c1b66c29e9bbda64a8a27d704a49e,30,authored_templates_not_real_transcripts,1,user,I enjoy having plans with people.
public_10,development_test,syn_3026c699639e3e6348676dcc6d650cc9,30,authored_templates_not_real_transcripts,0,assistant,What are you hoping to find?
public_10,development_test,syn_3026c699639e3e6348676dcc6d650cc9,30,authored_templates_not_real_transcripts,1,user,I am still working out what I want.
public_10,development_test,syn_3026c699639e3e6348676dcc6d650cc9,30,authored_templates_not_real_transcripts,2,assistant,What pace feels comfortable?
public_10,development_test,syn_3026c699639e3e6348676dcc6d650cc9,30,authored_templates_not_real_transcripts,3,user,I prefer to get to know someone gradually.
public_10,development_test,syn_3026c699639e3e6348676dcc6d650cc9,30,authored_templates_not_real_transcripts,4,assistant,How do you tend to spend free time?
public_10,development_test,syn_3026c699639e3e6348676dcc6d650cc9,30,authored_templates_not_real_transcripts,5,user,I like a mixture of quiet time and seeing people.
public_10,development_test,syn_3026c699639e3e6348676dcc6d650cc9,30,authored_templates_not_real_transcripts,6,assistant,What kinds of conversation do you enjoy?
public_10,development_test,syn_3026c699639e3e6348676dcc6d650cc9,30,authored_templates_not_real_transcripts,7,user,I like a playful conversation.
public_10,development_test,syn_5048648d52310fb5f4ff8ba37ee12b09,30,authored_templates_not_real_transcripts,0,assistant,How do you tend to spend free time?
public_10,development_test,syn_5048648d52310fb5f4ff8ba37ee12b09,30,authored_templates_not_real_transcripts,1,user,I enjoy having plans with people.
public_10,development_test,syn_5048648d52310fb5f4ff8ba37ee12b09,30,authored_templates_not_real_transcripts,2,assistant,What kinds of conversation do you enjoy?
public_10,development_test,syn_5048648d52310fb5f4ff8ba37ee12b09,30,authored_templates_not_real_transcripts,3,user,I enjoy talking about ideas.
public_10,development_test,syn_e47ce1bf335b859bc695eba30b036973,30,authored_templates_not_real_transcripts,0,assistant,What kinds of conversation do you enjoy?
public_10,development_test,syn_e47ce1bf335b859bc695eba30b036973,30,authored_templates_not_real_transcripts,1,user,I enjoy talking about ideas.
public_10,development_test,syn_26a54382c3b5c6a9a6a5b67ca4f6994d,30,authored_templates_not_real_transcripts,0,assistant,What are you hoping to find?
public_10,development_test,syn_26a54382c3b5c6a9a6a5b67ca4f6994d,30,authored_templates_not_real_transcripts,1,user,I am still working out what I want.
public_10,development_test,syn_26a54382c3b5c6a9a6a5b67ca4f6994d,30,authored_templates_not_real_transcripts,2,assistant,What pace feels comfortable?
public_10,development_test,syn_26a54382c3b5c6a9a6a5b67ca4f6994d,30,authored_templates_not_real_transcripts,3,user,A steady pace suits me.
public_10,development_test,syn_26a54382c3b5c6a9a6a5b67ca4f6994d,30,authored_templates_not_real_transcripts,4,assistant,How do you tend to spend free time?
public_10,development_test,syn_26a54382c3b5c6a9a6a5b67ca4f6994d,30,authored_templates_not_real_transcripts,5,user,I like a mixture of quiet time and seeing people.
public_10,development_test,syn_26a54382c3b5c6a9a6a5b67ca4f6994d,30,authored_templates_not_real_transcripts,6,assistant,What kinds of conversation do you enjoy?
public_10,development_test,syn_26a54382c3b5c6a9a6a5b67ca4f6994d,30,authored_templates_not_real_transcripts,7,user,I enjoy talking about ideas.
public_10,development_test,syn_1ae90b5251f4cae9847d631ba7450603,30,authored_templates_not_real_transcripts,0,assistant,What kinds of conversation do you enjoy?
public_10,development_test,syn_1ae90b5251f4cae9847d631ba7450603,30,authored_templates_not_real_transcripts,1,user,I like hearing the stories behind things.
public_10,development_test,syn_7efa12fe4b70a83719b5b4c79fa77d0e,30,authored_templates_not_real_transcripts,0,assistant,What are you hoping to find?
public_10,development_test,syn_7efa12fe4b70a83719b5b4c79fa77d0e,30,authored_templates_not_real_transcripts,1,user,I am still working out what I want.
public_10,development_test,syn_7efa12fe4b70a83719b5b4c79fa77d0e,30,authored_templates_not_real_transcripts,2,assistant,What pace feels comfortable?
public_10,development_test,syn_7efa12fe4b70a83719b5b4c79fa77d0e,30,authored_templates_not_real_transcripts,3,user,A steady pace suits me.
public_10,development_test,syn_7efa12fe4b70a83719b5b4c79fa77d0e,30,authored_templates_not_real_transcripts,4,assistant,How do you tend to spend free time?
public_10,development_test,syn_7efa12fe4b70a83719b5b4c79fa77d0e,30,authored_templates_not_real_transcripts,5,user,I enjoy having plans with people.
public_10,development_test,syn_7efa12fe4b70a83719b5b4c79fa77d0e,30,authored_templates_not_real_transcripts,6,assistant,What kinds of conversation do you enjoy?
public_10,development_test,syn_7efa12fe4b70a83719b5b4c79fa77d0e,30,authored_templates_not_real_transcripts,7,user,I enjoy talking about ideas.
public_10,development_test,syn_704d3e2bcba55cfb49456292d8b04e04,30,authored_templates_not_real_transcripts,0,assistant,What are you hoping to find?
public_10,development_test,syn_704d3e2bcba55cfb49456292d8b04e04,30,authored_templates_not_real_transcripts,1,user,I would like to build a lasting relationship.
public_10,development_test,syn_704d3e2bcba55cfb49456292d8b04e04,30,authored_templates_not_real_transcripts,2,assistant,What pace feels comfortable?
public_10,development_test,syn_704d3e2bcba55cfb49456292d8b04e04,30,authored_templates_not_real_transcripts,3,user,I prefer to get to know someone gradually.
public_10,development_test,syn_704d3e2bcba55cfb49456292d8b04e04,30,authored_templates_not_real_transcripts,4,assistant,How do you tend to spend free time?
public_10,development_test,syn_704d3e2bcba55cfb49456292d8b04e04,30,authored_templates_not_real_transcripts,5,user,I like a mixture of quiet time and seeing people.
public_10,development_test,syn_704d3e2bcba55cfb49456292d8b04e04,30,authored_templates_not_real_transcripts,6,assistant,What kinds of conversation do you enjoy?
public_10,development_test,syn_704d3e2bcba55cfb49456292d8b04e04,30,authored_templates_not_real_transcripts,7,user,I enjoy talking about ideas.
public_10,development_test,syn_f9f79b3f0cde56e68df3f1c4200670f3,30,authored_templates_not_real_transcripts,0,assistant,What are you hoping to find?
public_10,development_test,syn_f9f79b3f0cde56e68df3f1c4200670f3,30,authored_templates_not_real_transcripts,1,user,I would like to build a lasting relationship.
public_10,development_test,syn_f9f79b3f0cde56e68df3f1c4200670f3,30,authored_templates_not_real_transcripts,2,assistant,What pace feels comfortable?
public_10,development_test,syn_f9f79b3f0cde56e68df3f1c4200670f3,30,authored_templates_not_real_transcripts,3,user,A steady pace suits me.
public_10,development_test,syn_f9f79b3f0cde56e68df3f1c4200670f3,30,authored_templates_not_real_transcripts,4,assistant,How do you tend to spend free time?
public_10,development_test,syn_f9f79b3f0cde56e68df3f1c4200670f3,30,authored_templates_not_real_transcripts,5,user,I like a mixture of quiet time and seeing people.
public_10,development_test,syn_f9f79b3f0cde56e68df3f1c4200670f3,30,authored_templates_not_real_transcripts,6,assistant,What kinds of conversation do you enjoy?
public_10,development_test,syn_f9f79b3f0cde56e68df3f1c4200670f3,30,authored_templates_not_real_transcripts,7,user,I enjoy working through practical questions.
public_10,development_test,syn_60757875c23e938767f7c422caa6e51f,30,authored_templates_not_real_transcripts,0,assistant,What pace feels comfortable?
public_10,development_test,syn_60757875c23e938767f7c422caa6e51f,30,authored_templates_not_real_transcripts,1,user,A steady pace suits me.
public_10,development_test,syn_5e17c5d71314502e7e82be534f0b00ef,30,authored_templates_not_real_transcripts,0,assistant,What pace feels comfortable?
public_10,development_test,syn_5e17c5d71314502e7e82be534f0b00ef,30,authored_templates_not_real_transcripts,1,user,A steady pace suits me.
public_10,development_test,syn_f53c9fb43874da5040cb430163ee338e,30,authored_templates_not_real_transcripts,0,assistant,What are you hoping to find?
public_10,development_test,syn_f53c9fb43874da5040cb430163ee338e,30,authored_templates_not_real_transcripts,1,user,I would like to build a lasting relationship.
public_10,development_test,syn_f53c9fb43874da5040cb430163ee338e,30,authored_templates_not_real_transcripts,2,assistant,What pace feels comfortable?
public_10,development_test,syn_f53c9fb43874da5040cb430163ee338e,30,authored_templates_not_real_transcripts,3,user,I am comfortable meeting fairly soon.
public_10,development_test,syn_f53c9fb43874da5040cb430163ee338e,30,authored_templates_not_real_transcripts,4,assistant,How do you tend to spend free time?
public_10,development_test,syn_f53c9fb43874da5040cb430163ee338e,30,authored_templates_not_real_transcripts,5,user,I enjoy having plans with people.
public_10,development_test,syn_f53c9fb43874da5040cb430163ee338e,30,authored_templates_not_real_transcripts,6,assistant,What kinds of conversation do you enjoy?
public_10,development_test,syn_f53c9fb43874da5040cb430163ee338e,30,authored_templates_not_real_transcripts,7,user,I like a playful conversation.
public_10,development_test,syn_05f00377de67a76742eaf9a18294b9a7,30,authored_templates_not_real_transcripts,0,assistant,What are you hoping to find?
public_10,development_test,syn_05f00377de67a76742eaf9a18294b9a7,30,authored_templates_not_real_transcripts,1,user,I would like to build a lasting relationship.
public_10,development_test,syn_05f00377de67a76742eaf9a18294b9a7,30,authored_templates_not_real_transcripts,2,assistant,What pace feels comfortable?
public_10,development_test,syn_05f00377de67a76742eaf9a18294b9a7,30,authored_templates_not_real_transcripts,3,user,I prefer to get to know someone gradually.
public_10,development_test,syn_05f00377de67a76742eaf9a18294b9a7,30,authored_templates_not_real_transcripts,4,assistant,How do you tend to spend free time?
public_10,development_test,syn_05f00377de67a76742eaf9a18294b9a7,30,authored_templates_not_real_transcripts,5,user,I enjoy having plans with people.
public_10,development_test,syn_05f00377de67a76742eaf9a18294b9a7,30,authored_templates_not_real_transcripts,6,assistant,What kinds of conversation do you enjoy?
public_10,development_test,syn_05f00377de67a76742eaf9a18294b9a7,30,authored_templates_not_real_transcripts,7,user,I enjoy talking about ideas.
public_10,development_test,syn_0f4034ae56ee969b3bce8239dea9bf28,30,authored_templates_not_real_transcripts,0,assistant,What are you hoping to find?
public_10,development_test,syn_0f4034ae56ee969b3bce8239dea9bf28,30,authored_templates_not_real_transcripts,1,user,I would like to build a lasting relationship.
public_10,development_test,syn_0f4034ae56ee969b3bce8239dea9bf28,30,authored_templates_not_real_transcripts,2,assistant,What pace feels comfortable?
public_10,development_test,syn_0f4034ae56ee969b3bce8239dea9bf28,30,authored_templates_not_real_transcripts,3,user,A steady pace suits me.
public_10,development_test,syn_0f4034ae56ee969b3bce8239dea9bf28,30,authored_templates_not_real_transcripts,4,assistant,How do you tend to spend free time?
public_10,development_test,syn_0f4034ae56ee969b3bce8239dea9bf28,30,authored_templates_not_real_transcripts,5,user,I like a mixture of quiet time and seeing people.
public_10,development_test,syn_0f4034ae56ee969b3bce8239dea9bf28,30,authored_templates_not_real_transcripts,6,assistant,What kinds of conversation do you enjoy?
public_10,development_test,syn_0f4034ae56ee969b3bce8239dea9bf28,30,authored_templates_not_real_transcripts,7,user,I like hearing the stories behind things.
public_10,development_test,syn_8004e1549c802a6b7a454f9afffc1479,30,authored_templates_not_real_transcripts,0,assistant,What are you hoping to find?
public_10,development_test,syn_8004e1549c802a6b7a454f9afffc1479,30,authored_templates_not_real_transcripts,1,user,I am still working out what I want.
public_10,development_test,syn_8004e1549c802a6b7a454f9afffc1479,30,authored_templates_not_real_transcripts,2,assistant,What pace feels comfortable?
public_10,development_test,syn_8004e1549c802a6b7a454f9afffc1479,30,authored_templates_not_real_transcripts,3,user,I am comfortable meeting fairly soon.
public_10,development_test,syn_8004e1549c802a6b7a454f9afffc1479,30,authored_templates_not_real_transcripts,4,assistant,How do you tend to spend free time?
public_10,development_test,syn_8004e1549c802a6b7a454f9afffc1479,30,authored_templates_not_real_transcripts,5,user,I enjoy having plans with people.
public_10,development_test,syn_8004e1549c802a6b7a454f9afffc1479,30,authored_templates_not_real_transcripts,6,assistant,What kinds of conversation do you enjoy?
public_10,development_test,syn_8004e1549c802a6b7a454f9afffc1479,30,authored_templates_not_real_transcripts,7,user,I like hearing the stories behind things.
public_10,development_test,syn_5a4cdc8315009ab8a343faa7d65bd421,30,authored_templates_not_real_transcripts,0,assistant,What are you hoping to find?
public_10,development_test,syn_5a4cdc8315009ab8a343faa7d65bd421,30,authored_templates_not_real_transcripts,1,user,I am still working out what I want.
public_10,development_test,syn_5a4cdc8315009ab8a343faa7d65bd421,30,authored_templates_not_real_transcripts,2,assistant,What pace feels comfortable?
public_10,development_test,syn_5a4cdc8315009ab8a343faa7d65bd421,30,authored_templates_not_real_transcripts,3,user,A steady pace suits me.
public_10,development_test,syn_5a4cdc8315009ab8a343faa7d65bd421,30,authored_templates_not_real_transcripts,4,assistant,How do you tend to spend free time?
public_10,development_test,syn_5a4cdc8315009ab8a343faa7d65bd421,30,authored_templates_not_real_transcripts,5,user,I like a mixture of quiet time and seeing people.
public_10,development_test,syn_5a4cdc8315009ab8a343faa7d65bd421,30,authored_templates_not_real_transcripts,6,assistant,What kinds of conversation do you enjoy?
public_10,development_test,syn_5a4cdc8315009ab8a343faa7d65bd421,30,authored_templates_not_real_transcripts,7,user,I like hearing the stories behind things.
public_10,development_test,syn_b75139c506f01742aaf6ba930016076d,30,authored_templates_not_real_transcripts,0,assistant,What are you hoping to find?
public_10,development_test,syn_b75139c506f01742aaf6ba930016076d,30,authored_templates_not_real_transcripts,1,user,I would like to build a lasting relationship.
public_10,development_test,syn_aa7882c4e36f1db12d7e3e8adfcc350c,30,authored_templates_not_real_transcripts,0,assistant,What are you hoping to find?
public_10,development_test,syn_aa7882c4e36f1db12d7e3e8adfcc350c,30,authored_templates_not_real_transcripts,1,user,I am still working out what I want.
public_10,development_test,syn_aa7882c4e36f1db12d7e3e8adfcc350c,30,authored_templates_not_real_transcripts,2,assistant,What pace feels comfortable?
public_10,development_test,syn_aa7882c4e36f1db12d7e3e8adfcc350c,30,authored_templates_not_real_transcripts,3,user,I am comfortable meeting fairly soon.
public_10,development_test,syn_aa7882c4e36f1db12d7e3e8adfcc350c,30,authored_templates_not_real_transcripts,4,assistant,How do you tend to spend free time?
public_10,development_test,syn_aa7882c4e36f1db12d7e3e8adfcc350c,30,authored_templates_not_real_transcripts,5,user,I enjoy having plans with people.
public_10,development_test,syn_aa7882c4e36f1db12d7e3e8adfcc350c,30,authored_templates_not_real_transcripts,6,assistant,What kinds of conversation do you enjoy?
public_10,development_test,syn_aa7882c4e36f1db12d7e3e8adfcc350c,30,authored_templates_not_real_transcripts,7,user,I enjoy working through practical questions.
public_10,development_test,syn_bc3b756a229dce27aa65eaa15483d390,30,authored_templates_not_real_transcripts,0,assistant,How do you tend to spend free time?
public_10,development_test,syn_bc3b756a229dce27aa65eaa15483d390,30,authored_templates_not_real_transcripts,1,user,I like a mixture of quiet time and seeing people.
public_10,development_test,syn_fb677458ed9ef553765b0355a8ca1d87,30,authored_templates_not_real_transcripts,0,assistant,What are you hoping to find?
public_10,development_test,syn_fb677458ed9ef553765b0355a8ca1d87,30,authored_templates_not_real_transcripts,1,user,I would like to build a lasting relationship.
public_10,development_test,syn_fb677458ed9ef553765b0355a8ca1d87,30,authored_templates_not_real_transcripts,2,assistant,What pace feels comfortable?
public_10,development_test,syn_fb677458ed9ef553765b0355a8ca1d87,30,authored_templates_not_real_transcripts,3,user,I am comfortable meeting fairly soon.
public_10,development_test,syn_fb677458ed9ef553765b0355a8ca1d87,30,authored_templates_not_real_transcripts,4,assistant,How do you tend to spend free time?
public_10,development_test,syn_fb677458ed9ef553765b0355a8ca1d87,30,authored_templates_not_real_transcripts,5,user,I enjoy having plans with people.
public_10,development_test,syn_fb677458ed9ef553765b0355a8ca1d87,30,authored_templates_not_real_transcripts,6,assistant,What kinds of conversation do you enjoy?
public_10,development_test,syn_fb677458ed9ef553765b0355a8ca1d87,30,authored_templates_not_real_transcripts,7,user,I like a playful conversation.
public_10,development_test,syn_5c200d85b82f7a1aceac2e52e8fb0c4a,30,authored_templates_not_real_transcripts,0,assistant,What are you hoping to find?
public_10,development_test,syn_5c200d85b82f7a1aceac2e52e8fb0c4a,30,authored_templates_not_real_transcripts,1,user,I am still working out what I want.
public_10,development_test,syn_5c200d85b82f7a1aceac2e52e8fb0c4a,30,authored_templates_not_real_transcripts,2,assistant,What pace feels comfortable?
public_10,development_test,syn_5c200d85b82f7a1aceac2e52e8fb0c4a,30,authored_templates_not_real_transcripts,3,user,I am comfortable meeting fairly soon.
public_10,development_test,syn_5c200d85b82f7a1aceac2e52e8fb0c4a,30,authored_templates_not_real_transcripts,4,assistant,How do you tend to spend free time?
public_10,development_test,syn_5c200d85b82f7a1aceac2e52e8fb0c4a,30,authored_templates_not_real_transcripts,5,user,I usually prefer a quiet evening.
public_10,development_test,syn_5c200d85b82f7a1aceac2e52e8fb0c4a,30,authored_templates_not_real_transcripts,6,assistant,What kinds of conversation do you enjoy?
public_10,development_test,syn_5c200d85b82f7a1aceac2e52e8fb0c4a,30,authored_templates_not_real_transcripts,7,user,I enjoy working through practical questions.
public_10,development_test,syn_23076ac948615ab25b15d7af197b3cb6,30,authored_templates_not_real_transcripts,0,assistant,What kinds of conversation do you enjoy?
public_10,development_test,syn_23076ac948615ab25b15d7af197b3cb6,30,authored_templates_not_real_transcripts,1,user,I like a playful conversation.
public_10,development_test,syn_aa1ac8f925b53c4b45cf32c4812cf7fa,30,authored_templates_not_real_transcripts,0,assistant,How do you tend to spend free time?
public_10,development_test,syn_aa1ac8f925b53c4b45cf32c4812cf7fa,30,authored_templates_not_real_transcripts,1,user,I usually prefer a quiet evening.
public_10,development_test,syn_aa1ac8f925b53c4b45cf32c4812cf7fa,30,authored_templates_not_real_transcripts,2,assistant,What kinds of conversation do you enjoy?
public_10,development_test,syn_aa1ac8f925b53c4b45cf32c4812cf7fa,30,authored_templates_not_real_transcripts,3,user,I like a playful conversation.
public_10,development_test,syn_9ab353464f583bd46641af0a05e39f27,30,authored_templates_not_real_transcripts,0,assistant,What are you hoping to find?
public_10,development_test,syn_9ab353464f583bd46641af0a05e39f27,30,authored_templates_not_real_transcripts,1,user,I am still working out what I want.
public_10,development_test,syn_9ab353464f583bd46641af0a05e39f27,30,authored_templates_not_real_transcripts,2,assistant,What pace feels comfortable?
public_10,development_test,syn_9ab353464f583bd46641af0a05e39f27,30,authored_templates_not_real_transcripts,3,user,I am comfortable meeting fairly soon.
public_10,development_test,syn_9ab353464f583bd46641af0a05e39f27,30,authored_templates_not_real_transcripts,4,assistant,How do you tend to spend free time?
public_10,development_test,syn_9ab353464f583bd46641af0a05e39f27,30,authored_templates_not_real_transcripts,5,user,I like a mixture of quiet time and seeing people.
public_10,development_test,syn_9ab353464f583bd46641af0a05e39f27,30,authored_templates_not_real_transcripts,6,assistant,What kinds of conversation do you enjoy?
public_10,development_test,syn_9ab353464f583bd46641af0a05e39f27,30,authored_templates_not_real_transcripts,7,user,I enjoy talking about ideas.
public_10,development_test,syn_f74fd02a69d26a14e5a77cb07ec0630f,30,authored_templates_not_real_transcripts,0,assistant,What are you hoping to find?
public_10,development_test,syn_f74fd02a69d26a14e5a77cb07ec0630f,30,authored_templates_not_real_transcripts,1,user,I would like to build a lasting relationship.
public_10,development_test,syn_f74fd02a69d26a14e5a77cb07ec0630f,30,authored_templates_not_real_transcripts,2,assistant,How do you tend to spend free time?
public_10,development_test,syn_f74fd02a69d26a14e5a77cb07ec0630f,30,authored_templates_not_real_transcripts,3,user,I like a mixture of quiet time and seeing people.
public_10,development_test,syn_2c41f4560363cf4a91985306f3e708c5,30,authored_templates_not_real_transcripts,0,assistant,What are you hoping to find?
public_10,development_test,syn_2c41f4560363cf4a91985306f3e708c5,30,authored_templates_not_real_transcripts,1,user,I am still working out what I want.
public_10,development_test,syn_2c41f4560363cf4a91985306f3e708c5,30,authored_templates_not_real_transcripts,2,assistant,What pace feels comfortable?
public_10,development_test,syn_2c41f4560363cf4a91985306f3e708c5,30,authored_templates_not_real_transcripts,3,user,I prefer to get to know someone gradually.
public_10,development_test,syn_2c41f4560363cf4a91985306f3e708c5,30,authored_templates_not_real_transcripts,4,assistant,How do you tend to spend free time?
public_10,development_test,syn_2c41f4560363cf4a91985306f3e708c5,30,authored_templates_not_real_transcripts,5,user,I usually prefer a quiet evening.
public_10,development_test,syn_2c41f4560363cf4a91985306f3e708c5,30,authored_templates_not_real_transcripts,6,assistant,What kinds of conversation do you enjoy?
public_10,development_test,syn_2c41f4560363cf4a91985306f3e708c5,30,authored_templates_not_real_transcripts,7,user,I like a playful conversation.
public_10,development_test,syn_6a8b7f19205f77e0079c06f343b179f9,30,authored_templates_not_real_transcripts,0,assistant,What are you hoping to find?
public_10,development_test,syn_6a8b7f19205f77e0079c06f343b179f9,30,authored_templates_not_real_transcripts,1,user,I would like to build a lasting relationship.
public_10,development_test,syn_6a8b7f19205f77e0079c06f343b179f9,30,authored_templates_not_real_transcripts,2,assistant,What pace feels comfortable?
public_10,development_test,syn_6a8b7f19205f77e0079c06f343b179f9,30,authored_templates_not_real_transcripts,3,user,I am comfortable meeting fairly soon.
public_10,development_test,syn_6a8b7f19205f77e0079c06f343b179f9,30,authored_templates_not_real_transcripts,4,assistant,How do you tend to spend free time?
public_10,development_test,syn_6a8b7f19205f77e0079c06f343b179f9,30,authored_templates_not_real_transcripts,5,user,I like a mixture of quiet time and seeing people.
public_10,development_test,syn_6a8b7f19205f77e0079c06f343b179f9,30,authored_templates_not_real_transcripts,6,assistant,What kinds of conversation do you enjoy?
public_10,development_test,syn_6a8b7f19205f77e0079c06f343b179f9,30,authored_templates_not_real_transcripts,7,user,I like hearing the stories behind things.
public_10,development_test,syn_275423fae18fbc0a9c9222d8e2386a84,30,authored_templates_not_real_transcripts,0,assistant,What are you hoping to find?
public_10,development_test,syn_275423fae18fbc0a9c9222d8e2386a84,30,authored_templates_not_real_transcripts,1,user,I am still working out what I want.
public_10,development_test,syn_402e1f6ef8e7f2165bf6b480c1dca3a7,30,authored_templates_not_real_transcripts,0,assistant,What kinds of conversation do you enjoy?
public_10,development_test,syn_402e1f6ef8e7f2165bf6b480c1dca3a7,30,authored_templates_not_real_transcripts,1,user,I like hearing the stories behind things.
public_10,development_test,syn_b2e6fbdb92304fcbba68da9f4b11a8d8,30,authored_templates_not_real_transcripts,0,assistant,What are you hoping to find?
public_10,development_test,syn_b2e6fbdb92304fcbba68da9f4b11a8d8,30,authored_templates_not_real_transcripts,1,user,I am still working out what I want.
public_10,development_test,syn_b2e6fbdb92304fcbba68da9f4b11a8d8,30,authored_templates_not_real_transcripts,2,assistant,What pace feels comfortable?
public_10,development_test,syn_b2e6fbdb92304fcbba68da9f4b11a8d8,30,authored_templates_not_real_transcripts,3,user,I am comfortable meeting fairly soon.
public_10,development_test,syn_b2e6fbdb92304fcbba68da9f4b11a8d8,30,authored_templates_not_real_transcripts,4,assistant,How do you tend to spend free time?
public_10,development_test,syn_b2e6fbdb92304fcbba68da9f4b11a8d8,30,authored_templates_not_real_transcripts,5,user,I enjoy having plans with people.
public_10,development_test,syn_b2e6fbdb92304fcbba68da9f4b11a8d8,30,authored_templates_not_real_transcripts,6,assistant,What kinds of conversation do you enjoy?
public_10,development_test,syn_b2e6fbdb92304fcbba68da9f4b11a8d8,30,authored_templates_not_real_transcripts,7,user,I enjoy working through practical questions.
public_10,development_test,syn_2ae6428fe8d0787376fe540dbd83a9e1,30,authored_templates_not_real_transcripts,0,assistant,What are you hoping to find?
public_10,development_test,syn_2ae6428fe8d0787376fe540dbd83a9e1,30,authored_templates_not_real_transcripts,1,user,I am still working out what I want.
public_10,development_test,syn_2ae6428fe8d0787376fe540dbd83a9e1,30,authored_templates_not_real_transcripts,2,assistant,What pace feels comfortable?
public_10,development_test,syn_2ae6428fe8d0787376fe540dbd83a9e1,30,authored_templates_not_real_transcripts,3,user,I am comfortable meeting fairly soon.
public_10,development_test,syn_2ae6428fe8d0787376fe540dbd83a9e1,30,authored_templates_not_real_transcripts,4,assistant,How do you tend to spend free time?
public_10,development_test,syn_2ae6428fe8d0787376fe540dbd83a9e1,30,authored_templates_not_real_transcripts,5,user,I like a mixture of quiet time and seeing people.
public_10,development_test,syn_2ae6428fe8d0787376fe540dbd83a9e1,30,authored_templates_not_real_transcripts,6,assistant,What kinds of conversation do you enjoy?
public_10,development_test,syn_2ae6428fe8d0787376fe540dbd83a9e1,30,authored_templates_not_real_transcripts,7,user,I like hearing the stories behind things.
public_10,development_test,syn_4550325028612805cbf17f2710057234,30,authored_templates_not_real_transcripts,0,assistant,What are you hoping to find?
public_10,development_test,syn_4550325028612805cbf17f2710057234,30,authored_templates_not_real_transcripts,1,user,I would like to build a lasting relationship.
public_10,development_test,syn_4550325028612805cbf17f2710057234,30,authored_templates_not_real_transcripts,2,assistant,What pace feels comfortable?
public_10,development_test,syn_4550325028612805cbf17f2710057234,30,authored_templates_not_real_transcripts,3,user,I prefer to get to know someone gradually.
public_10,development_test,syn_4550325028612805cbf17f2710057234,30,authored_templates_not_real_transcripts,4,assistant,How do you tend to spend free time?
public_10,development_test,syn_4550325028612805cbf17f2710057234,30,authored_templates_not_real_transcripts,5,user,I enjoy having plans with people.
public_10,development_test,syn_4550325028612805cbf17f2710057234,30,authored_templates_not_real_transcripts,6,assistant,What kinds of conversation do you enjoy?
public_10,development_test,syn_4550325028612805cbf17f2710057234,30,authored_templates_not_real_transcripts,7,user,I like a playful conversation.
public_10,development_test,syn_1d9fcedbba8fbe744c915639c8c02ff7,30,authored_templates_not_real_transcripts,0,assistant,What are you hoping to find?
public_10,development_test,syn_1d9fcedbba8fbe744c915639c8c02ff7,30,authored_templates_not_real_transcripts,1,user,I would like to build a lasting relationship.
public_10,development_test,syn_1d9fcedbba8fbe744c915639c8c02ff7,30,authored_templates_not_real_transcripts,2,assistant,What pace feels comfortable?
public_10,development_test,syn_1d9fcedbba8fbe744c915639c8c02ff7,30,authored_templates_not_real_transcripts,3,user,I am comfortable meeting fairly soon.
public_10,development_test,syn_1d9fcedbba8fbe744c915639c8c02ff7,30,authored_templates_not_real_transcripts,4,assistant,How do you tend to spend free time?
public_10,development_test,syn_1d9fcedbba8fbe744c915639c8c02ff7,30,authored_templates_not_real_transcripts,5,user,I usually prefer a quiet evening.
public_10,development_test,syn_1d9fcedbba8fbe744c915639c8c02ff7,30,authored_templates_not_real_transcripts,6,assistant,What kinds of conversation do you enjoy?
public_10,development_test,syn_1d9fcedbba8fbe744c915639c8c02ff7,30,authored_templates_not_real_transcripts,7,user,I like a playful conversation.
public_10,development_test,syn_a17752a2f68f8ad7d1a4988b602f4345,30,authored_templates_not_real_transcripts,0,assistant,What are you hoping to find?
public_10,development_test,syn_a17752a2f68f8ad7d1a4988b602f4345,30,authored_templates_not_real_transcripts,1,user,I am still working out what I want.
public_10,development_test,syn_a17752a2f68f8ad7d1a4988b602f4345,30,authored_templates_not_real_transcripts,2,assistant,What pace feels comfortable?
public_10,development_test,syn_a17752a2f68f8ad7d1a4988b602f4345,30,authored_templates_not_real_transcripts,3,user,I prefer to get to know someone gradually.
public_10,development_test,syn_a17752a2f68f8ad7d1a4988b602f4345,30,authored_templates_not_real_transcripts,4,assistant,How do you tend to spend free time?
public_10,development_test,syn_a17752a2f68f8ad7d1a4988b602f4345,30,authored_templates_not_real_transcripts,5,user,I like a mixture of quiet time and seeing people.
public_10,development_test,syn_a17752a2f68f8ad7d1a4988b602f4345,30,authored_templates_not_real_transcripts,6,assistant,What kinds of conversation do you enjoy?
public_10,development_test,syn_a17752a2f68f8ad7d1a4988b602f4345,30,authored_templates_not_real_transcripts,7,user,I like a playful conversation.
public_10,development_test,syn_a7af846b065cc7e2fa39c47ce27bf1bb,30,authored_templates_not_real_transcripts,0,assistant,What kinds of conversation do you enjoy?
public_10,development_test,syn_a7af846b065cc7e2fa39c47ce27bf1bb,30,authored_templates_not_real_transcripts,1,user,I enjoy working through practical questions.
public_10,development_test,syn_223fb12c0510f77a0c5c8b3948c2f699,30,authored_templates_not_real_transcripts,0,assistant,How do you tend to spend free time?
public_10,development_test,syn_223fb12c0510f77a0c5c8b3948c2f699,30,authored_templates_not_real_transcripts,1,user,I usually prefer a quiet evening.
public_10,development_test,syn_4aa4934080f1de02fbd69dc8d647aaca,30,authored_templates_not_real_transcripts,0,assistant,What kinds of conversation do you enjoy?
public_10,development_test,syn_4aa4934080f1de02fbd69dc8d647aaca,30,authored_templates_not_real_transcripts,1,user,I like hearing the stories behind things.
public_10,development_test,syn_ebba1ff86420419865f1aabda4832735,30,authored_templates_not_real_transcripts,0,assistant,What are you hoping to find?
public_10,development_test,syn_ebba1ff86420419865f1aabda4832735,30,authored_templates_not_real_transcripts,1,user,I am still working out what I want.
public_10,development_test,syn_ebba1ff86420419865f1aabda4832735,30,authored_templates_not_real_transcripts,2,assistant,What pace feels comfortable?
public_10,development_test,syn_ebba1ff86420419865f1aabda4832735,30,authored_templates_not_real_transcripts,3,user,I am comfortable meeting fairly soon.
public_10,development_test,syn_ebba1ff86420419865f1aabda4832735,30,authored_templates_not_real_transcripts,4,assistant,How do you tend to spend free time?
public_10,development_test,syn_ebba1ff86420419865f1aabda4832735,30,authored_templates_not_real_transcripts,5,user,I usually prefer a quiet evening.
public_10,development_test,syn_ebba1ff86420419865f1aabda4832735,30,authored_templates_not_real_transcripts,6,assistant,What kinds of conversation do you enjoy?
public_10,development_test,syn_ebba1ff86420419865f1aabda4832735,30,authored_templates_not_real_transcripts,7,user,I like hearing the stories behind things.
public_10,development_test,syn_3f3d811aacd2dfcbac52781c6b7b9056,30,authored_templates_not_real_transcripts,0,assistant,What are you hoping to find?
public_10,development_test,syn_3f3d811aacd2dfcbac52781c6b7b9056,30,authored_templates_not_real_transcripts,1,user,I am still working out what I want.
public_10,development_test,syn_3f3d811aacd2dfcbac52781c6b7b9056,30,authored_templates_not_real_transcripts,2,assistant,What pace feels comfortable?
public_10,development_test,syn_3f3d811aacd2dfcbac52781c6b7b9056,30,authored_templates_not_real_transcripts,3,user,I prefer to get to know someone gradually.
public_10,development_test,syn_3f3d811aacd2dfcbac52781c6b7b9056,30,authored_templates_not_real_transcripts,4,assistant,How do you tend to spend free time?
public_10,development_test,syn_3f3d811aacd2dfcbac52781c6b7b9056,30,authored_templates_not_real_transcripts,5,user,I usually prefer a quiet evening.
public_10,development_test,syn_3f3d811aacd2dfcbac52781c6b7b9056,30,authored_templates_not_real_transcripts,6,assistant,What kinds of conversation do you enjoy?
public_10,development_test,syn_3f3d811aacd2dfcbac52781c6b7b9056,30,authored_templates_not_real_transcripts,7,user,I enjoy working through practical questions.
public_10,development_test,syn_bae0b521949ab7300489364e4053ab94,30,authored_templates_not_real_transcripts,0,assistant,What are you hoping to find?
public_10,development_test,syn_bae0b521949ab7300489364e4053ab94,30,authored_templates_not_real_transcripts,1,user,I am still working out what I want.
public_10,development_test,syn_12df47841c9a6503a3ac59119e457aef,30,authored_templates_not_real_transcripts,0,assistant,How do you tend to spend free time?
public_10,development_test,syn_12df47841c9a6503a3ac59119e457aef,30,authored_templates_not_real_transcripts,1,user,I like a mixture of quiet time and seeing people.
public_10,development_test,syn_9ef9393cf2e1a047ab7e988fc46c1d79,30,authored_templates_not_real_transcripts,0,assistant,What pace feels comfortable?
public_10,development_test,syn_9ef9393cf2e1a047ab7e988fc46c1d79,30,authored_templates_not_real_transcripts,1,user,I prefer to get to know someone gradually.
public_10,development_test,syn_57d4a991c445dc4c4a464ab62df052d0,30,authored_templates_not_real_transcripts,0,assistant,What are you hoping to find?
public_10,development_test,syn_57d4a991c445dc4c4a464ab62df052d0,30,authored_templates_not_real_transcripts,1,user,I am still working out what I want.
public_10,development_test,syn_57d4a991c445dc4c4a464ab62df052d0,30,authored_templates_not_real_transcripts,2,assistant,What pace feels comfortable?
public_10,development_test,syn_57d4a991c445dc4c4a464ab62df052d0,30,authored_templates_not_real_transcripts,3,user,A steady pace suits me.
public_10,development_test,syn_57d4a991c445dc4c4a464ab62df052d0,30,authored_templates_not_real_transcripts,4,assistant,How do you tend to spend free time?
public_10,development_test,syn_57d4a991c445dc4c4a464ab62df052d0,30,authored_templates_not_real_transcripts,5,user,I enjoy having plans with people.
public_10,development_test,syn_57d4a991c445dc4c4a464ab62df052d0,30,authored_templates_not_real_transcripts,6,assistant,What kinds of conversation do you enjoy?
public_10,development_test,syn_57d4a991c445dc4c4a464ab62df052d0,30,authored_templates_not_real_transcripts,7,user,I like a playful conversation.
public_10,development_test,syn_d436d8dad2150f8228880557db52e481,30,authored_templates_not_real_transcripts,0,assistant,How do you tend to spend free time?
public_10,development_test,syn_d436d8dad2150f8228880557db52e481,30,authored_templates_not_real_transcripts,1,user,I like a mixture of quiet time and seeing people.
public_10,development_test,syn_4118efebeb5bffb1d97c676086799fca,30,authored_templates_not_real_transcripts,0,assistant,What are you hoping to find?
public_10,development_test,syn_4118efebeb5bffb1d97c676086799fca,30,authored_templates_not_real_transcripts,1,user,I would like to build a lasting relationship.
public_10,development_test,syn_4118efebeb5bffb1d97c676086799fca,30,authored_templates_not_real_transcripts,2,assistant,What pace feels comfortable?
public_10,development_test,syn_4118efebeb5bffb1d97c676086799fca,30,authored_templates_not_real_transcripts,3,user,A steady pace suits me.
public_10,development_test,syn_4118efebeb5bffb1d97c676086799fca,30,authored_templates_not_real_transcripts,4,assistant,How do you tend to spend free time?
public_10,development_test,syn_4118efebeb5bffb1d97c676086799fca,30,authored_templates_not_real_transcripts,5,user,I like a mixture of quiet time and seeing people.
public_10,development_test,syn_4118efebeb5bffb1d97c676086799fca,30,authored_templates_not_real_transcripts,6,assistant,What kinds of conversation do you enjoy?
public_10,development_test,syn_4118efebeb5bffb1d97c676086799fca,30,authored_templates_not_real_transcripts,7,user,I like a playful conversation.
public_10,development_test,syn_5c98fc14f479c119dbc889c1d15e99d1,30,authored_templates_not_real_transcripts,0,assistant,What are you hoping to find?
public_10,development_test,syn_5c98fc14f479c119dbc889c1d15e99d1,30,authored_templates_not_real_transcripts,1,user,I would like to build a lasting relationship.
public_10,development_test,syn_5c98fc14f479c119dbc889c1d15e99d1,30,authored_templates_not_real_transcripts,2,assistant,What pace feels comfortable?
public_10,development_test,syn_5c98fc14f479c119dbc889c1d15e99d1,30,authored_templates_not_real_transcripts,3,user,I am comfortable meeting fairly soon.
public_10,development_test,syn_5c98fc14f479c119dbc889c1d15e99d1,30,authored_templates_not_real_transcripts,4,assistant,How do you tend to spend free time?
public_10,development_test,syn_5c98fc14f479c119dbc889c1d15e99d1,30,authored_templates_not_real_transcripts,5,user,I enjoy having plans with people.
public_10,development_test,syn_5c98fc14f479c119dbc889c1d15e99d1,30,authored_templates_not_real_transcripts,6,assistant,What kinds of conversation do you enjoy?
public_10,development_test,syn_5c98fc14f479c119dbc889c1d15e99d1,30,authored_templates_not_real_transcripts,7,user,I like hearing the stories behind things.
public_10,development_test,syn_fe63aea00d57f05275dfa1b39efa721e,30,authored_templates_not_real_transcripts,0,assistant,What are you hoping to find?
public_10,development_test,syn_fe63aea00d57f05275dfa1b39efa721e,30,authored_templates_not_real_transcripts,1,user,I would like to build a lasting relationship.
public_10,development_test,syn_fe63aea00d57f05275dfa1b39efa721e,30,authored_templates_not_real_transcripts,2,assistant,What pace feels comfortable?
public_10,development_test,syn_fe63aea00d57f05275dfa1b39efa721e,30,authored_templates_not_real_transcripts,3,user,A steady pace suits me.
public_10,development_test,syn_fe63aea00d57f05275dfa1b39efa721e,30,authored_templates_not_real_transcripts,4,assistant,How do you tend to spend free time?
public_10,development_test,syn_fe63aea00d57f05275dfa1b39efa721e,30,authored_templates_not_real_transcripts,5,user,I usually prefer a quiet evening.
public_10,development_test,syn_fe63aea00d57f05275dfa1b39efa721e,30,authored_templates_not_real_transcripts,6,assistant,What kinds of conversation do you enjoy?
public_10,development_test,syn_fe63aea00d57f05275dfa1b39efa721e,30,authored_templates_not_real_transcripts,7,user,I like a playful conversation.
public_10,development_test,syn_5c0011d34a04ccd00b0c8aee5c425c3d,30,authored_templates_not_real_transcripts,0,assistant,What are you hoping to find?
public_10,development_test,syn_5c0011d34a04ccd00b0c8aee5c425c3d,30,authored_templates_not_real_transcripts,1,user,I would like to build a lasting relationship.
public_10,development_test,syn_5c0011d34a04ccd00b0c8aee5c425c3d,30,authored_templates_not_real_transcripts,2,assistant,What pace feels comfortable?
public_10,development_test,syn_5c0011d34a04ccd00b0c8aee5c425c3d,30,authored_templates_not_real_transcripts,3,user,I prefer to get to know someone gradually.
public_10,development_test,syn_5c0011d34a04ccd00b0c8aee5c425c3d,30,authored_templates_not_real_transcripts,4,assistant,How do you tend to spend free time?
public_10,development_test,syn_5c0011d34a04ccd00b0c8aee5c425c3d,30,authored_templates_not_real_transcripts,5,user,I like a mixture of quiet time and seeing people.
public_10,development_test,syn_5c0011d34a04ccd00b0c8aee5c425c3d,30,authored_templates_not_real_transcripts,6,assistant,What kinds of conversation do you enjoy?
public_10,development_test,syn_5c0011d34a04ccd00b0c8aee5c425c3d,30,authored_templates_not_real_transcripts,7,user,I like a playful conversation.
public_10,development_test,syn_f9226f603076fe6965d21526c1b71669,30,authored_templates_not_real_transcripts,0,assistant,What are you hoping to find?
public_10,development_test,syn_f9226f603076fe6965d21526c1b71669,30,authored_templates_not_real_transcripts,1,user,I am still working out what I want.
public_10,development_test,syn_f9226f603076fe6965d21526c1b71669,30,authored_templates_not_real_transcripts,2,assistant,What pace feels comfortable?
public_10,development_test,syn_f9226f603076fe6965d21526c1b71669,30,authored_templates_not_real_transcripts,3,user,I prefer to get to know someone gradually.
public_10,development_test,syn_f9226f603076fe6965d21526c1b71669,30,authored_templates_not_real_transcripts,4,assistant,How do you tend to spend free time?
public_10,development_test,syn_f9226f603076fe6965d21526c1b71669,30,authored_templates_not_real_transcripts,5,user,I like a mixture of quiet time and seeing people.
public_10,development_test,syn_f9226f603076fe6965d21526c1b71669,30,authored_templates_not_real_transcripts,6,assistant,What kinds of conversation do you enjoy?
public_10,development_test,syn_f9226f603076fe6965d21526c1b71669,30,authored_templates_not_real_transcripts,7,user,I like a playful conversation.
public_10,development_test,syn_480efc98a6f5a3e0686688b752a13cc1,30,authored_templates_not_real_transcripts,0,assistant,What are you hoping to find?
public_10,development_test,syn_480efc98a6f5a3e0686688b752a13cc1,30,authored_templates_not_real_transcripts,1,user,I would like to build a lasting relationship.
public_10,development_test,syn_480efc98a6f5a3e0686688b752a13cc1,30,authored_templates_not_real_transcripts,2,assistant,What pace feels comfortable?
public_10,development_test,syn_480efc98a6f5a3e0686688b752a13cc1,30,authored_templates_not_real_transcripts,3,user,I prefer to get to know someone gradually.
public_10,development_test,syn_480efc98a6f5a3e0686688b752a13cc1,30,authored_templates_not_real_transcripts,4,assistant,How do you tend to spend free time?
public_10,development_test,syn_480efc98a6f5a3e0686688b752a13cc1,30,authored_templates_not_real_transcripts,5,user,I like a mixture of quiet time and seeing people.
public_10,development_test,syn_480efc98a6f5a3e0686688b752a13cc1,30,authored_templates_not_real_transcripts,6,assistant,What kinds of conversation do you enjoy?
public_10,development_test,syn_480efc98a6f5a3e0686688b752a13cc1,30,authored_templates_not_real_transcripts,7,user,I like hearing the stories behind things.
public_10,development_test,syn_2bd0bc113015a61a34579ec7d3cfa18f,30,authored_templates_not_real_transcripts,0,assistant,What are you hoping to find?
public_10,development_test,syn_2bd0bc113015a61a34579ec7d3cfa18f,30,authored_templates_not_real_transcripts,1,user,I would like to build a lasting relationship.
public_10,development_test,syn_2bd0bc113015a61a34579ec7d3cfa18f,30,authored_templates_not_real_transcripts,2,assistant,What pace feels comfortable?
public_10,development_test,syn_2bd0bc113015a61a34579ec7d3cfa18f,30,authored_templates_not_real_transcripts,3,user,A steady pace suits me.
public_10,development_test,syn_2bd0bc113015a61a34579ec7d3cfa18f,30,authored_templates_not_real_transcripts,4,assistant,How do you tend to spend free time?
public_10,development_test,syn_2bd0bc113015a61a34579ec7d3cfa18f,30,authored_templates_not_real_transcripts,5,user,I usually prefer a quiet evening.
public_10,development_test,syn_2bd0bc113015a61a34579ec7d3cfa18f,30,authored_templates_not_real_transcripts,6,assistant,What kinds of conversation do you enjoy?
public_10,development_test,syn_2bd0bc113015a61a34579ec7d3cfa18f,30,authored_templates_not_real_transcripts,7,user,I like hearing the stories behind things.
public_10,development_test,syn_e75c0907f7e92d36cef546a896000d88,30,authored_templates_not_real_transcripts,0,assistant,What are you hoping to find?
public_10,development_test,syn_e75c0907f7e92d36cef546a896000d88,30,authored_templates_not_real_transcripts,1,user,I am still working out what I want.
public_10,development_test,syn_48d0a5d097759c8be67c96449ac7ecf8,30,authored_templates_not_real_transcripts,0,assistant,What pace feels comfortable?
public_10,development_test,syn_48d0a5d097759c8be67c96449ac7ecf8,30,authored_templates_not_real_transcripts,1,user,I prefer to get to know someone gradually.
public_10,development_test,syn_36a6a073237ca17cc85d34b97234c35c,30,authored_templates_not_real_transcripts,0,assistant,What pace feels comfortable?
public_10,development_test,syn_36a6a073237ca17cc85d34b97234c35c,30,authored_templates_not_real_transcripts,1,user,I am comfortable meeting fairly soon.
public_10,development_test,syn_07a1ba169c947274fbda87ce93066956,30,authored_templates_not_real_transcripts,0,assistant,What are you hoping to find?
public_10,development_test,syn_07a1ba169c947274fbda87ce93066956,30,authored_templates_not_real_transcripts,1,user,I would like to build a lasting relationship.
public_10,development_test,syn_07a1ba169c947274fbda87ce93066956,30,authored_templates_not_real_transcripts,2,assistant,What pace feels comfortable?
public_10,development_test,syn_07a1ba169c947274fbda87ce93066956,30,authored_templates_not_real_transcripts,3,user,I prefer to get to know someone gradually.
public_10,development_test,syn_07a1ba169c947274fbda87ce93066956,30,authored_templates_not_real_transcripts,4,assistant,How do you tend to spend free time?
public_10,development_test,syn_07a1ba169c947274fbda87ce93066956,30,authored_templates_not_real_transcripts,5,user,I enjoy having plans with people.
public_10,development_test,syn_07a1ba169c947274fbda87ce93066956,30,authored_templates_not_real_transcripts,6,assistant,What kinds of conversation do you enjoy?
public_10,development_test,syn_07a1ba169c947274fbda87ce93066956,30,authored_templates_not_real_transcripts,7,user,I like hearing the stories behind things.
public_10,development_test,syn_7a7e25f64855898d5edb6c68e6c8c787,30,authored_templates_not_real_transcripts,0,assistant,What are you hoping to find?
public_10,development_test,syn_7a7e25f64855898d5edb6c68e6c8c787,30,authored_templates_not_real_transcripts,1,user,I would like to build a lasting relationship.
public_10,development_test,syn_7a7e25f64855898d5edb6c68e6c8c787,30,authored_templates_not_real_transcripts,2,assistant,What pace feels comfortable?
public_10,development_test,syn_7a7e25f64855898d5edb6c68e6c8c787,30,authored_templates_not_real_transcripts,3,user,A steady pace suits me.
public_10,development_test,syn_7a7e25f64855898d5edb6c68e6c8c787,30,authored_templates_not_real_transcripts,4,assistant,How do you tend to spend free time?
public_10,development_test,syn_7a7e25f64855898d5edb6c68e6c8c787,30,authored_templates_not_real_transcripts,5,user,I enjoy having plans with people.
public_10,development_test,syn_7a7e25f64855898d5edb6c68e6c8c787,30,authored_templates_not_real_transcripts,6,assistant,What kinds of conversation do you enjoy?
public_10,development_test,syn_7a7e25f64855898d5edb6c68e6c8c787,30,authored_templates_not_real_transcripts,7,user,I enjoy working through practical questions.
public_10,development_test,syn_30cbdb52ceb8c0af45b8ea5718903480,30,authored_templates_not_real_transcripts,0,assistant,What are you hoping to find?
public_10,development_test,syn_30cbdb52ceb8c0af45b8ea5718903480,30,authored_templates_not_real_transcripts,1,user,I am still working out what I want.
public_10,development_test,syn_30cbdb52ceb8c0af45b8ea5718903480,30,authored_templates_not_real_transcripts,2,assistant,What pace feels comfortable?
public_10,development_test,syn_30cbdb52ceb8c0af45b8ea5718903480,30,authored_templates_not_real_transcripts,3,user,I am comfortable meeting fairly soon.
public_10,development_test,syn_30cbdb52ceb8c0af45b8ea5718903480,30,authored_templates_not_real_transcripts,4,assistant,How do you tend to spend free time?
public_10,development_test,syn_30cbdb52ceb8c0af45b8ea5718903480,30,authored_templates_not_real_transcripts,5,user,I enjoy having plans with people.
public_10,development_test,syn_30cbdb52ceb8c0af45b8ea5718903480,30,authored_templates_not_real_transcripts,6,assistant,What kinds of conversation do you enjoy?
public_10,development_test,syn_30cbdb52ceb8c0af45b8ea5718903480,30,authored_templates_not_real_transcripts,7,user,I like hearing the stories behind things.
public_10,development_test,syn_2fa3bb3f1432bf2ac5d44a90e57ee3a2,30,authored_templates_not_real_transcripts,0,assistant,What pace feels comfortable?
public_10,development_test,syn_2fa3bb3f1432bf2ac5d44a90e57ee3a2,30,authored_templates_not_real_transcripts,1,user,I prefer to get to know someone gradually.
public_10,development_test,syn_2fa3bb3f1432bf2ac5d44a90e57ee3a2,30,authored_templates_not_real_transcripts,2,assistant,What kinds of conversation do you enjoy?
public_10,development_test,syn_2fa3bb3f1432bf2ac5d44a90e57ee3a2,30,authored_templates_not_real_transcripts,3,user,I enjoy talking about ideas.
public_10,development_test,syn_5f14e9567ba0f208b00430bb476fc6fc,30,authored_templates_not_real_transcripts,0,assistant,What are you hoping to find?
public_10,development_test,syn_5f14e9567ba0f208b00430bb476fc6fc,30,authored_templates_not_real_transcripts,1,user,I am still working out what I want.
public_10,development_test,syn_5f14e9567ba0f208b00430bb476fc6fc,30,authored_templates_not_real_transcripts,2,assistant,What pace feels comfortable?
public_10,development_test,syn_5f14e9567ba0f208b00430bb476fc6fc,30,authored_templates_not_real_transcripts,3,user,I am comfortable meeting fairly soon.
public_10,development_test,syn_5f14e9567ba0f208b00430bb476fc6fc,30,authored_templates_not_real_transcripts,4,assistant,How do you tend to spend free time?
public_10,development_test,syn_5f14e9567ba0f208b00430bb476fc6fc,30,authored_templates_not_real_transcripts,5,user,I like a mixture of quiet time and seeing people.
public_10,development_test,syn_5f14e9567ba0f208b00430bb476fc6fc,30,authored_templates_not_real_transcripts,6,assistant,What kinds of conversation do you enjoy?
public_10,development_test,syn_5f14e9567ba0f208b00430bb476fc6fc,30,authored_templates_not_real_transcripts,7,user,I like hearing the stories behind things.
public_10,development_test,syn_8453c71753b5d08235500b6abd62b2de,30,authored_templates_not_real_transcripts,0,assistant,What are you hoping to find?
public_10,development_test,syn_8453c71753b5d08235500b6abd62b2de,30,authored_templates_not_real_transcripts,1,user,I am still working out what I want.
public_10,development_test,syn_8453c71753b5d08235500b6abd62b2de,30,authored_templates_not_real_transcripts,2,assistant,What pace feels comfortable?
public_10,development_test,syn_8453c71753b5d08235500b6abd62b2de,30,authored_templates_not_real_transcripts,3,user,I prefer to get to know someone gradually.
public_10,development_test,syn_8453c71753b5d08235500b6abd62b2de,30,authored_templates_not_real_transcripts,4,assistant,How do you tend to spend free time?
public_10,development_test,syn_8453c71753b5d08235500b6abd62b2de,30,authored_templates_not_real_transcripts,5,user,I like a mixture of quiet time and seeing people.
public_10,development_test,syn_8453c71753b5d08235500b6abd62b2de,30,authored_templates_not_real_transcripts,6,assistant,What kinds of conversation do you enjoy?
public_10,development_test,syn_8453c71753b5d08235500b6abd62b2de,30,authored_templates_not_real_transcripts,7,user,I like a playful conversation.
public_10,development_test,syn_ecbf5233371e2318fb6924c4f6c75877,30,authored_templates_not_real_transcripts,0,assistant,What are you hoping to find?
public_10,development_test,syn_ecbf5233371e2318fb6924c4f6c75877,30,authored_templates_not_real_transcripts,1,user,I would like to build a lasting relationship.
public_10,development_test,syn_ecbf5233371e2318fb6924c4f6c75877,30,authored_templates_not_real_transcripts,2,assistant,What pace feels comfortable?
public_10,development_test,syn_ecbf5233371e2318fb6924c4f6c75877,30,authored_templates_not_real_transcripts,3,user,I prefer to get to know someone gradually.
public_10,development_test,syn_ecbf5233371e2318fb6924c4f6c75877,30,authored_templates_not_real_transcripts,4,assistant,How do you tend to spend free time?
public_10,development_test,syn_ecbf5233371e2318fb6924c4f6c75877,30,authored_templates_not_real_transcripts,5,user,I usually prefer a quiet evening.
public_10,development_test,syn_ecbf5233371e2318fb6924c4f6c75877,30,authored_templates_not_real_transcripts,6,assistant,What kinds of conversation do you enjoy?
public_10,development_test,syn_ecbf5233371e2318fb6924c4f6c75877,30,authored_templates_not_real_transcripts,7,user,I enjoy working through practical questions.
public_10,development_test,syn_9c04233684bb4911a9fe43de26c22baa,30,authored_templates_not_real_transcripts,0,assistant,What are you hoping to find?
public_10,development_test,syn_9c04233684bb4911a9fe43de26c22baa,30,authored_templates_not_real_transcripts,1,user,I would like to build a lasting relationship.
public_10,development_test,syn_9c04233684bb4911a9fe43de26c22baa,30,authored_templates_not_real_transcripts,2,assistant,What pace feels comfortable?
public_10,development_test,syn_9c04233684bb4911a9fe43de26c22baa,30,authored_templates_not_real_transcripts,3,user,I am comfortable meeting fairly soon.
public_10,development_test,syn_9c04233684bb4911a9fe43de26c22baa,30,authored_templates_not_real_transcripts,4,assistant,How do you tend to spend free time?
public_10,development_test,syn_9c04233684bb4911a9fe43de26c22baa,30,authored_templates_not_real_transcripts,5,user,I like a mixture of quiet time and seeing people.
public_10,development_test,syn_9c04233684bb4911a9fe43de26c22baa,30,authored_templates_not_real_transcripts,6,assistant,What kinds of conversation do you enjoy?
public_10,development_test,syn_9c04233684bb4911a9fe43de26c22baa,30,authored_templates_not_real_transcripts,7,user,I enjoy working through practical questions.
public_10,development_test,syn_55ea2f581d064b6526f3ee537e175442,30,authored_templates_not_real_transcripts,0,assistant,What are you hoping to find?
public_10,development_test,syn_55ea2f581d064b6526f3ee537e175442,30,authored_templates_not_real_transcripts,1,user,I would like to build a lasting relationship.
public_10,development_test,syn_55ea2f581d064b6526f3ee537e175442,30,authored_templates_not_real_transcripts,2,assistant,What pace feels comfortable?
public_10,development_test,syn_55ea2f581d064b6526f3ee537e175442,30,authored_templates_not_real_transcripts,3,user,A steady pace suits me.
public_10,development_test,syn_55ea2f581d064b6526f3ee537e175442,30,authored_templates_not_real_transcripts,4,assistant,How do you tend to spend free time?
public_10,development_test,syn_55ea2f581d064b6526f3ee537e175442,30,authored_templates_not_real_transcripts,5,user,I enjoy having plans with people.
public_10,development_test,syn_55ea2f581d064b6526f3ee537e175442,30,authored_templates_not_real_transcripts,6,assistant,What kinds of conversation do you enjoy?
public_10,development_test,syn_55ea2f581d064b6526f3ee537e175442,30,authored_templates_not_real_transcripts,7,user,I enjoy working through practical questions.
public_10,development_test,syn_a2636682040b5f9e5612d711743d5a8e,30,authored_templates_not_real_transcripts,0,assistant,What are you hoping to find?
public_10,development_test,syn_a2636682040b5f9e5612d711743d5a8e,30,authored_templates_not_real_transcripts,1,user,I am still working out what I want.
public_10,development_test,syn_a2636682040b5f9e5612d711743d5a8e,30,authored_templates_not_real_transcripts,2,assistant,What pace feels comfortable?
public_10,development_test,syn_a2636682040b5f9e5612d711743d5a8e,30,authored_templates_not_real_transcripts,3,user,I am comfortable meeting fairly soon.
public_10,development_test,syn_a2636682040b5f9e5612d711743d5a8e,30,authored_templates_not_real_transcripts,4,assistant,How do you tend to spend free time?
public_10,development_test,syn_a2636682040b5f9e5612d711743d5a8e,30,authored_templates_not_real_transcripts,5,user,I usually prefer a quiet evening.
public_10,development_test,syn_a2636682040b5f9e5612d711743d5a8e,30,authored_templates_not_real_transcripts,6,assistant,What kinds of conversation do you enjoy?
public_10,development_test,syn_a2636682040b5f9e5612d711743d5a8e,30,authored_templates_not_real_transcripts,7,user,I like hearing the stories behind things.
public_10,development_test,syn_e00eac39f3492d9a1bc3155713bf7da6,30,authored_templates_not_real_transcripts,0,assistant,What are you hoping to find?
public_10,development_test,syn_e00eac39f3492d9a1bc3155713bf7da6,30,authored_templates_not_real_transcripts,1,user,I would like to build a lasting relationship.
public_10,development_test,syn_e00eac39f3492d9a1bc3155713bf7da6,30,authored_templates_not_real_transcripts,2,assistant,What pace feels comfortable?
public_10,development_test,syn_e00eac39f3492d9a1bc3155713bf7da6,30,authored_templates_not_real_transcripts,3,user,I am comfortable meeting fairly soon.
public_10,development_test,syn_e00eac39f3492d9a1bc3155713bf7da6,30,authored_templates_not_real_transcripts,4,assistant,How do you tend to spend free time?
public_10,development_test,syn_e00eac39f3492d9a1bc3155713bf7da6,30,authored_templates_not_real_transcripts,5,user,I like a mixture of quiet time and seeing people.
public_10,development_test,syn_e00eac39f3492d9a1bc3155713bf7da6,30,authored_templates_not_real_transcripts,6,assistant,What kinds of conversation do you enjoy?
public_10,development_test,syn_e00eac39f3492d9a1bc3155713bf7da6,30,authored_templates_not_real_transcripts,7,user,I enjoy talking about ideas.
public_10,development_test,syn_6ccd6d178a306578b2d80336ed08202f,30,authored_templates_not_real_transcripts,0,assistant,What are you hoping to find?
public_10,development_test,syn_6ccd6d178a306578b2d80336ed08202f,30,authored_templates_not_real_transcripts,1,user,I would like to build a lasting relationship.
public_10,development_test,syn_6ccd6d178a306578b2d80336ed08202f,30,authored_templates_not_real_transcripts,2,assistant,What pace feels comfortable?
public_10,development_test,syn_6ccd6d178a306578b2d80336ed08202f,30,authored_templates_not_real_transcripts,3,user,A steady pace suits me.
public_10,development_test,syn_6ccd6d178a306578b2d80336ed08202f,30,authored_templates_not_real_transcripts,4,assistant,How do you tend to spend free time?
public_10,development_test,syn_6ccd6d178a306578b2d80336ed08202f,30,authored_templates_not_real_transcripts,5,user,I enjoy having plans with people.
public_10,development_test,syn_6ccd6d178a306578b2d80336ed08202f,30,authored_templates_not_real_transcripts,6,assistant,What kinds of conversation do you enjoy?
public_10,development_test,syn_6ccd6d178a306578b2d80336ed08202f,30,authored_templates_not_real_transcripts,7,user,I like hearing the stories behind things.
public_10,development_test,syn_f5911cd20ca09a7867500d58234736b5,30,authored_templates_not_real_transcripts,0,assistant,What are you hoping to find?
public_10,development_test,syn_f5911cd20ca09a7867500d58234736b5,30,authored_templates_not_real_transcripts,1,user,I am still working out what I want.
public_10,development_test,syn_f5911cd20ca09a7867500d58234736b5,30,authored_templates_not_real_transcripts,2,assistant,What pace feels comfortable?
public_10,development_test,syn_f5911cd20ca09a7867500d58234736b5,30,authored_templates_not_real_transcripts,3,user,I prefer to get to know someone gradually.
public_10,development_test,syn_f5911cd20ca09a7867500d58234736b5,30,authored_templates_not_real_transcripts,4,assistant,How do you tend to spend free time?
public_10,development_test,syn_f5911cd20ca09a7867500d58234736b5,30,authored_templates_not_real_transcripts,5,user,I like a mixture of quiet time and seeing people.
public_10,development_test,syn_f5911cd20ca09a7867500d58234736b5,30,authored_templates_not_real_transcripts,6,assistant,What kinds of conversation do you enjoy?
public_10,development_test,syn_f5911cd20ca09a7867500d58234736b5,30,authored_templates_not_real_transcripts,7,user,I enjoy talking about ideas.
public_10,development_test,syn_39f48c4c50343606770faa51e54c63fa,30,authored_templates_not_real_transcripts,0,assistant,What are you hoping to find?
public_10,development_test,syn_39f48c4c50343606770faa51e54c63fa,30,authored_templates_not_real_transcripts,1,user,I would like to build a lasting relationship.
public_10,development_test,syn_39f48c4c50343606770faa51e54c63fa,30,authored_templates_not_real_transcripts,2,assistant,What pace feels comfortable?
public_10,development_test,syn_39f48c4c50343606770faa51e54c63fa,30,authored_templates_not_real_transcripts,3,user,A steady pace suits me.
public_10,development_test,syn_39f48c4c50343606770faa51e54c63fa,30,authored_templates_not_real_transcripts,4,assistant,What kinds of conversation do you enjoy?
public_10,development_test,syn_39f48c4c50343606770faa51e54c63fa,30,authored_templates_not_real_transcripts,5,user,I like a playful conversation.
public_10,development_test,syn_29292426db6a2cb750008aeaa3393bb3,30,authored_templates_not_real_transcripts,0,assistant,What are you hoping to find?
public_10,development_test,syn_29292426db6a2cb750008aeaa3393bb3,30,authored_templates_not_real_transcripts,1,user,I would like to build a lasting relationship.
public_10,development_test,syn_29292426db6a2cb750008aeaa3393bb3,30,authored_templates_not_real_transcripts,2,assistant,What pace feels comfortable?
public_10,development_test,syn_29292426db6a2cb750008aeaa3393bb3,30,authored_templates_not_real_transcripts,3,user,I prefer to get to know someone gradually.
public_10,development_test,syn_29292426db6a2cb750008aeaa3393bb3,30,authored_templates_not_real_transcripts,4,assistant,How do you tend to spend free time?
public_10,development_test,syn_29292426db6a2cb750008aeaa3393bb3,30,authored_templates_not_real_transcripts,5,user,I like a mixture of quiet time and seeing people.
public_10,development_test,syn_29292426db6a2cb750008aeaa3393bb3,30,authored_templates_not_real_transcripts,6,assistant,What kinds of conversation do you enjoy?
public_10,development_test,syn_29292426db6a2cb750008aeaa3393bb3,30,authored_templates_not_real_transcripts,7,user,I like hearing the stories behind things.
public_10,development_test,syn_11c7a35957579b543aebc553ec143dfb,30,authored_templates_not_real_transcripts,0,assistant,What are you hoping to find?
public_10,development_test,syn_11c7a35957579b543aebc553ec143dfb,30,authored_templates_not_real_transcripts,1,user,I would like to build a lasting relationship.
public_10,development_test,syn_11c7a35957579b543aebc553ec143dfb,30,authored_templates_not_real_transcripts,2,assistant,What pace feels comfortable?
public_10,development_test,syn_11c7a35957579b543aebc553ec143dfb,30,authored_templates_not_real_transcripts,3,user,A steady pace suits me.
public_10,development_test,syn_11c7a35957579b543aebc553ec143dfb,30,authored_templates_not_real_transcripts,4,assistant,How do you tend to spend free time?
public_10,development_test,syn_11c7a35957579b543aebc553ec143dfb,30,authored_templates_not_real_transcripts,5,user,I like a mixture of quiet time and seeing people.
public_10,development_test,syn_11c7a35957579b543aebc553ec143dfb,30,authored_templates_not_real_transcripts,6,assistant,What kinds of conversation do you enjoy?
public_10,development_test,syn_11c7a35957579b543aebc553ec143dfb,30,authored_templates_not_real_transcripts,7,user,I like hearing the stories behind things.
public_10,development_test,syn_8b6e6a2e60068dc1b4a06cab61c1021d,30,authored_templates_not_real_transcripts,0,assistant,What are you hoping to find?
public_10,development_test,syn_8b6e6a2e60068dc1b4a06cab61c1021d,30,authored_templates_not_real_transcripts,1,user,I would like to build a lasting relationship.
public_10,development_test,syn_8b6e6a2e60068dc1b4a06cab61c1021d,30,authored_templates_not_real_transcripts,2,assistant,What pace feels comfortable?
public_10,development_test,syn_8b6e6a2e60068dc1b4a06cab61c1021d,30,authored_templates_not_real_transcripts,3,user,A steady pace suits me.
public_10,development_test,syn_8b6e6a2e60068dc1b4a06cab61c1021d,30,authored_templates_not_real_transcripts,4,assistant,How do you tend to spend free time?
public_10,development_test,syn_8b6e6a2e60068dc1b4a06cab61c1021d,30,authored_templates_not_real_transcripts,5,user,I enjoy having plans with people.
public_10,development_test,syn_8b6e6a2e60068dc1b4a06cab61c1021d,30,authored_templates_not_real_transcripts,6,assistant,What kinds of conversation do you enjoy?
public_10,development_test,syn_8b6e6a2e60068dc1b4a06cab61c1021d,30,authored_templates_not_real_transcripts,7,user,I like hearing the stories behind things.
public_10,development_test,syn_c9292a2a26e099230dc042d5f8390e0a,30,authored_templates_not_real_transcripts,0,assistant,What kinds of conversation do you enjoy?
public_10,development_test,syn_c9292a2a26e099230dc042d5f8390e0a,30,authored_templates_not_real_transcripts,1,user,I like hearing the stories behind things.
public_10,development_test,syn_a327976b3056ca22ce449dbd70481d21,30,authored_templates_not_real_transcripts,0,assistant,What are you hoping to find?
public_10,development_test,syn_a327976b3056ca22ce449dbd70481d21,30,authored_templates_not_real_transcripts,1,user,I would like to build a lasting relationship.
public_10,development_test,syn_a327976b3056ca22ce449dbd70481d21,30,authored_templates_not_real_transcripts,2,assistant,What pace feels comfortable?
public_10,development_test,syn_a327976b3056ca22ce449dbd70481d21,30,authored_templates_not_real_transcripts,3,user,I am comfortable meeting fairly soon.
public_10,development_test,syn_a327976b3056ca22ce449dbd70481d21,30,authored_templates_not_real_transcripts,4,assistant,How do you tend to spend free time?
public_10,development_test,syn_a327976b3056ca22ce449dbd70481d21,30,authored_templates_not_real_transcripts,5,user,I enjoy having plans with people.
public_10,development_test,syn_a327976b3056ca22ce449dbd70481d21,30,authored_templates_not_real_transcripts,6,assistant,What kinds of conversation do you enjoy?
public_10,development_test,syn_a327976b3056ca22ce449dbd70481d21,30,authored_templates_not_real_transcripts,7,user,I enjoy talking about ideas.
public_10,development_test,syn_1fa0f9be55fad34f21fa1c78bcc75823,30,authored_templates_not_real_transcripts,0,assistant,What are you hoping to find?
public_10,development_test,syn_1fa0f9be55fad34f21fa1c78bcc75823,30,authored_templates_not_real_transcripts,1,user,I am still working out what I want.
public_10,development_test,syn_1fa0f9be55fad34f21fa1c78bcc75823,30,authored_templates_not_real_transcripts,2,assistant,What pace feels comfortable?
public_10,development_test,syn_1fa0f9be55fad34f21fa1c78bcc75823,30,authored_templates_not_real_transcripts,3,user,I prefer to get to know someone gradually.
public_10,development_test,syn_1fa0f9be55fad34f21fa1c78bcc75823,30,authored_templates_not_real_transcripts,4,assistant,How do you tend to spend free time?
public_10,development_test,syn_1fa0f9be55fad34f21fa1c78bcc75823,30,authored_templates_not_real_transcripts,5,user,I enjoy having plans with people.
public_10,development_test,syn_1fa0f9be55fad34f21fa1c78bcc75823,30,authored_templates_not_real_transcripts,6,assistant,What kinds of conversation do you enjoy?
public_10,development_test,syn_1fa0f9be55fad34f21fa1c78bcc75823,30,authored_templates_not_real_transcripts,7,user,I like hearing the stories behind things.
public_10,development_test,syn_5d8505b9dd97fa00371e8e794059ee01,30,authored_templates_not_real_transcripts,0,assistant,What pace feels comfortable?
public_10,development_test,syn_5d8505b9dd97fa00371e8e794059ee01,30,authored_templates_not_real_transcripts,1,user,I am comfortable meeting fairly soon.
public_10,development_test,syn_da41a5cde5eaf8c1c09cb0eb1122d4a1,30,authored_templates_not_real_transcripts,0,assistant,What pace feels comfortable?
public_10,development_test,syn_da41a5cde5eaf8c1c09cb0eb1122d4a1,30,authored_templates_not_real_transcripts,1,user,A steady pace suits me.
public_10,development_test,syn_da41a5cde5eaf8c1c09cb0eb1122d4a1,30,authored_templates_not_real_transcripts,2,assistant,How do you tend to spend free time?
public_10,development_test,syn_da41a5cde5eaf8c1c09cb0eb1122d4a1,30,authored_templates_not_real_transcripts,3,user,I like a mixture of quiet time and seeing people.
public_10,development_test,syn_67a91d5639d408ed487ea1f496cac894,30,authored_templates_not_real_transcripts,0,assistant,What are you hoping to find?
public_10,development_test,syn_67a91d5639d408ed487ea1f496cac894,30,authored_templates_not_real_transcripts,1,user,I would like to build a lasting relationship.
public_10,development_test,syn_67a91d5639d408ed487ea1f496cac894,30,authored_templates_not_real_transcripts,2,assistant,What pace feels comfortable?
public_10,development_test,syn_67a91d5639d408ed487ea1f496cac894,30,authored_templates_not_real_transcripts,3,user,I prefer to get to know someone gradually.
public_10,development_test,syn_67a91d5639d408ed487ea1f496cac894,30,authored_templates_not_real_transcripts,4,assistant,How do you tend to spend free time?
public_10,development_test,syn_67a91d5639d408ed487ea1f496cac894,30,authored_templates_not_real_transcripts,5,user,I like a mixture of quiet time and seeing people.
public_10,development_test,syn_67a91d5639d408ed487ea1f496cac894,30,authored_templates_not_real_transcripts,6,assistant,What kinds of conversation do you enjoy?
public_10,development_test,syn_67a91d5639d408ed487ea1f496cac894,30,authored_templates_not_real_transcripts,7,user,I like a playful conversation.
public_10,development_test,syn_676957ba298a618f64668d76d471200a,30,authored_templates_not_real_transcripts,0,assistant,What kinds of conversation do you enjoy?
public_10,development_test,syn_676957ba298a618f64668d76d471200a,30,authored_templates_not_real_transcripts,1,user,I like hearing the stories behind things.
public_10,development_test,syn_75e820cf99f61563f5018dfc9b311e30,30,authored_templates_not_real_transcripts,0,assistant,What are you hoping to find?
public_10,development_test,syn_75e820cf99f61563f5018dfc9b311e30,30,authored_templates_not_real_transcripts,1,user,I would like to build a lasting relationship.
public_10,development_test,syn_75e820cf99f61563f5018dfc9b311e30,30,authored_templates_not_real_transcripts,2,assistant,What pace feels comfortable?
public_10,development_test,syn_75e820cf99f61563f5018dfc9b311e30,30,authored_templates_not_real_transcripts,3,user,I prefer to get to know someone gradually.
public_10,development_test,syn_75e820cf99f61563f5018dfc9b311e30,30,authored_templates_not_real_transcripts,4,assistant,How do you tend to spend free time?
public_10,development_test,syn_75e820cf99f61563f5018dfc9b311e30,30,authored_templates_not_real_transcripts,5,user,I usually prefer a quiet evening.
public_10,development_test,syn_75e820cf99f61563f5018dfc9b311e30,30,authored_templates_not_real_transcripts,6,assistant,What kinds of conversation do you enjoy?
public_10,development_test,syn_75e820cf99f61563f5018dfc9b311e30,30,authored_templates_not_real_transcripts,7,user,I enjoy working through practical questions.
public_10,development_test,syn_33d19e02fc67fbd0b4f97fcb25698bc2,30,authored_templates_not_real_transcripts,0,assistant,What are you hoping to find?
public_10,development_test,syn_33d19e02fc67fbd0b4f97fcb25698bc2,30,authored_templates_not_real_transcripts,1,user,I am still working out what I want.
public_10,development_test,syn_33d19e02fc67fbd0b4f97fcb25698bc2,30,authored_templates_not_real_transcripts,2,assistant,What pace feels comfortable?
public_10,development_test,syn_33d19e02fc67fbd0b4f97fcb25698bc2,30,authored_templates_not_real_transcripts,3,user,I prefer to get to know someone gradually.
public_10,development_test,syn_33d19e02fc67fbd0b4f97fcb25698bc2,30,authored_templates_not_real_transcripts,4,assistant,How do you tend to spend free time?
public_10,development_test,syn_33d19e02fc67fbd0b4f97fcb25698bc2,30,authored_templates_not_real_transcripts,5,user,I enjoy having plans with people.
public_10,development_test,syn_33d19e02fc67fbd0b4f97fcb25698bc2,30,authored_templates_not_real_transcripts,6,assistant,What kinds of conversation do you enjoy?
public_10,development_test,syn_33d19e02fc67fbd0b4f97fcb25698bc2,30,authored_templates_not_real_transcripts,7,user,I like hearing the stories behind things.
public_10,development_test,syn_133b7d6277fa7a07fe469d2dfe6e7caa,30,authored_templates_not_real_transcripts,0,assistant,What are you hoping to find?
public_10,development_test,syn_133b7d6277fa7a07fe469d2dfe6e7caa,30,authored_templates_not_real_transcripts,1,user,I would like to build a lasting relationship.
public_10,development_test,syn_133b7d6277fa7a07fe469d2dfe6e7caa,30,authored_templates_not_real_transcripts,2,assistant,What pace feels comfortable?
public_10,development_test,syn_133b7d6277fa7a07fe469d2dfe6e7caa,30,authored_templates_not_real_transcripts,3,user,I am comfortable meeting fairly soon.
public_10,development_test,syn_133b7d6277fa7a07fe469d2dfe6e7caa,30,authored_templates_not_real_transcripts,4,assistant,How do you tend to spend free time?
public_10,development_test,syn_133b7d6277fa7a07fe469d2dfe6e7caa,30,authored_templates_not_real_transcripts,5,user,I like a mixture of quiet time and seeing people.
public_10,development_test,syn_133b7d6277fa7a07fe469d2dfe6e7caa,30,authored_templates_not_real_transcripts,6,assistant,What kinds of conversation do you enjoy?
public_10,development_test,syn_133b7d6277fa7a07fe469d2dfe6e7caa,30,authored_templates_not_real_transcripts,7,user,I enjoy working through practical questions.
public_10,development_test,syn_d1b1d461abe7007e57383b4938041126,30,authored_templates_not_real_transcripts,0,assistant,What pace feels comfortable?
public_10,development_test,syn_d1b1d461abe7007e57383b4938041126,30,authored_templates_not_real_transcripts,1,user,I prefer to get to know someone gradually.
public_10,development_test,syn_d1e90f3232a58a7b77f078812324f7ab,30,authored_templates_not_real_transcripts,0,assistant,What are you hoping to find?
public_10,development_test,syn_d1e90f3232a58a7b77f078812324f7ab,30,authored_templates_not_real_transcripts,1,user,I am still working out what I want.
public_10,development_test,syn_d1e90f3232a58a7b77f078812324f7ab,30,authored_templates_not_real_transcripts,2,assistant,What pace feels comfortable?
public_10,development_test,syn_d1e90f3232a58a7b77f078812324f7ab,30,authored_templates_not_real_transcripts,3,user,A steady pace suits me.
public_10,development_test,syn_d1e90f3232a58a7b77f078812324f7ab,30,authored_templates_not_real_transcripts,4,assistant,How do you tend to spend free time?
public_10,development_test,syn_d1e90f3232a58a7b77f078812324f7ab,30,authored_templates_not_real_transcripts,5,user,I usually prefer a quiet evening.
public_10,development_test,syn_d1e90f3232a58a7b77f078812324f7ab,30,authored_templates_not_real_transcripts,6,assistant,What kinds of conversation do you enjoy?
public_10,development_test,syn_d1e90f3232a58a7b77f078812324f7ab,30,authored_templates_not_real_transcripts,7,user,I enjoy talking about ideas.
public_10,development_test,syn_71f3eb1ca39613e5c06707f0fe673d52,30,authored_templates_not_real_transcripts,0,assistant,What are you hoping to find?
public_10,development_test,syn_71f3eb1ca39613e5c06707f0fe673d52,30,authored_templates_not_real_transcripts,1,user,I am still working out what I want.
public_10,development_test,syn_71f3eb1ca39613e5c06707f0fe673d52,30,authored_templates_not_real_transcripts,2,assistant,What pace feels comfortable?
public_10,development_test,syn_71f3eb1ca39613e5c06707f0fe673d52,30,authored_templates_not_real_transcripts,3,user,A steady pace suits me.
public_10,development_test,syn_71f3eb1ca39613e5c06707f0fe673d52,30,authored_templates_not_real_transcripts,4,assistant,How do you tend to spend free time?
public_10,development_test,syn_71f3eb1ca39613e5c06707f0fe673d52,30,authored_templates_not_real_transcripts,5,user,I enjoy having plans with people.
public_10,development_test,syn_71f3eb1ca39613e5c06707f0fe673d52,30,authored_templates_not_real_transcripts,6,assistant,What kinds of conversation do you enjoy?
public_10,development_test,syn_71f3eb1ca39613e5c06707f0fe673d52,30,authored_templates_not_real_transcripts,7,user,I enjoy working through practical questions.
public_10,development_test,syn_4beb33acf336b4e6d6664a39e7b0ce54,30,authored_templates_not_real_transcripts,0,assistant,What are you hoping to find?
public_10,development_test,syn_4beb33acf336b4e6d6664a39e7b0ce54,30,authored_templates_not_real_transcripts,1,user,I am still working out what I want.
public_10,development_test,syn_4beb33acf336b4e6d6664a39e7b0ce54,30,authored_templates_not_real_transcripts,2,assistant,How do you tend to spend free time?
public_10,development_test,syn_4beb33acf336b4e6d6664a39e7b0ce54,30,authored_templates_not_real_transcripts,3,user,I usually prefer a quiet evening.
public_10,development_test,syn_4beb33acf336b4e6d6664a39e7b0ce54,30,authored_templates_not_real_transcripts,4,assistant,What kinds of conversation do you enjoy?
public_10,development_test,syn_4beb33acf336b4e6d6664a39e7b0ce54,30,authored_templates_not_real_transcripts,5,user,I enjoy talking about ideas.
public_10,development_test,syn_2798c3da2830cc86a884bfe472ad9217,30,authored_templates_not_real_transcripts,0,assistant,What are you hoping to find?
public_10,development_test,syn_2798c3da2830cc86a884bfe472ad9217,30,authored_templates_not_real_transcripts,1,user,I am still working out what I want.
public_10,development_test,syn_2798c3da2830cc86a884bfe472ad9217,30,authored_templates_not_real_transcripts,2,assistant,What pace feels comfortable?
public_10,development_test,syn_2798c3da2830cc86a884bfe472ad9217,30,authored_templates_not_real_transcripts,3,user,I am comfortable meeting fairly soon.
public_10,development_test,syn_2798c3da2830cc86a884bfe472ad9217,30,authored_templates_not_real_transcripts,4,assistant,How do you tend to spend free time?
public_10,development_test,syn_2798c3da2830cc86a884bfe472ad9217,30,authored_templates_not_real_transcripts,5,user,I enjoy having plans with people.
public_10,development_test,syn_2798c3da2830cc86a884bfe472ad9217,30,authored_templates_not_real_transcripts,6,assistant,What kinds of conversation do you enjoy?
public_10,development_test,syn_2798c3da2830cc86a884bfe472ad9217,30,authored_templates_not_real_transcripts,7,user,I enjoy talking about ideas.
public_10,development_test,syn_1777a5d6481dff0deb99c72e985aafe4,30,authored_templates_not_real_transcripts,0,assistant,How do you tend to spend free time?
public_10,development_test,syn_1777a5d6481dff0deb99c72e985aafe4,30,authored_templates_not_real_transcripts,1,user,I like a mixture of quiet time and seeing people.
public_10,development_test,syn_8dd6339d4267512f971ae9c93ba79a33,30,authored_templates_not_real_transcripts,0,assistant,What are you hoping to find?
public_10,development_test,syn_8dd6339d4267512f971ae9c93ba79a33,30,authored_templates_not_real_transcripts,1,user,I would like to build a lasting relationship.
public_10,development_test,syn_8dd6339d4267512f971ae9c93ba79a33,30,authored_templates_not_real_transcripts,2,assistant,What pace feels comfortable?
public_10,development_test,syn_8dd6339d4267512f971ae9c93ba79a33,30,authored_templates_not_real_transcripts,3,user,I prefer to get to know someone gradually.
public_10,development_test,syn_8dd6339d4267512f971ae9c93ba79a33,30,authored_templates_not_real_transcripts,4,assistant,How do you tend to spend free time?
public_10,development_test,syn_8dd6339d4267512f971ae9c93ba79a33,30,authored_templates_not_real_transcripts,5,user,I enjoy having plans with people.
public_10,development_test,syn_8dd6339d4267512f971ae9c93ba79a33,30,authored_templates_not_real_transcripts,6,assistant,What kinds of conversation do you enjoy?
public_10,development_test,syn_8dd6339d4267512f971ae9c93ba79a33,30,authored_templates_not_real_transcripts,7,user,I enjoy talking about ideas.
public_10,development_test,syn_729222386a96d9cd060ccc35e82aac58,30,authored_templates_not_real_transcripts,0,assistant,How do you tend to spend free time?
public_10,development_test,syn_729222386a96d9cd060ccc35e82aac58,30,authored_templates_not_real_transcripts,1,user,I usually prefer a quiet evening.
public_10,development_test,syn_729222386a96d9cd060ccc35e82aac58,30,authored_templates_not_real_transcripts,2,assistant,What kinds of conversation do you enjoy?
public_10,development_test,syn_729222386a96d9cd060ccc35e82aac58,30,authored_templates_not_real_transcripts,3,user,I enjoy working through practical questions.
public_10,development_test,syn_66255522722aa051ac6137da9b20691d,30,authored_templates_not_real_transcripts,0,assistant,What pace feels comfortable?
public_10,development_test,syn_66255522722aa051ac6137da9b20691d,30,authored_templates_not_real_transcripts,1,user,I prefer to get to know someone gradually.
public_10,development_test,syn_66255522722aa051ac6137da9b20691d,30,authored_templates_not_real_transcripts,2,assistant,What kinds of conversation do you enjoy?
public_10,development_test,syn_66255522722aa051ac6137da9b20691d,30,authored_templates_not_real_transcripts,3,user,I enjoy working through practical questions.
public_10,development_test,syn_0142765f71da4f470ea933199686004e,30,authored_templates_not_real_transcripts,0,assistant,What are you hoping to find?
public_10,development_test,syn_0142765f71da4f470ea933199686004e,30,authored_templates_not_real_transcripts,1,user,I would like to build a lasting relationship.
public_10,development_test,syn_0142765f71da4f470ea933199686004e,30,authored_templates_not_real_transcripts,2,assistant,What pace feels comfortable?
public_10,development_test,syn_0142765f71da4f470ea933199686004e,30,authored_templates_not_real_transcripts,3,user,I prefer to get to know someone gradually.
public_10,development_test,syn_0142765f71da4f470ea933199686004e,30,authored_templates_not_real_transcripts,4,assistant,How do you tend to spend free time?
public_10,development_test,syn_0142765f71da4f470ea933199686004e,30,authored_templates_not_real_transcripts,5,user,I like a mixture of quiet time and seeing people.
public_10,development_test,syn_0142765f71da4f470ea933199686004e,30,authored_templates_not_real_transcripts,6,assistant,What kinds of conversation do you enjoy?
public_10,development_test,syn_0142765f71da4f470ea933199686004e,30,authored_templates_not_real_transcripts,7,user,I enjoy working through practical questions.
public_10,development_test,syn_5e0fe34fa98c02da4e5076d19176f511,30,authored_templates_not_real_transcripts,0,assistant,What pace feels comfortable?
public_10,development_test,syn_5e0fe34fa98c02da4e5076d19176f511,30,authored_templates_not_real_transcripts,1,user,I am comfortable meeting fairly soon.
public_10,development_test,syn_1f8e3f9702c676dafe5c845fe15f0840,30,authored_templates_not_real_transcripts,0,assistant,How do you tend to spend free time?
public_10,development_test,syn_1f8e3f9702c676dafe5c845fe15f0840,30,authored_templates_not_real_transcripts,1,user,I like a mixture of quiet time and seeing people.
public_10,development_test,syn_71ab4eb8e49081b34c2d7519496eb3aa,30,authored_templates_not_real_transcripts,0,assistant,What are you hoping to find?
public_10,development_test,syn_71ab4eb8e49081b34c2d7519496eb3aa,30,authored_templates_not_real_transcripts,1,user,I would like to build a lasting relationship.
public_10,development_test,syn_71ab4eb8e49081b34c2d7519496eb3aa,30,authored_templates_not_real_transcripts,2,assistant,What pace feels comfortable?
public_10,development_test,syn_71ab4eb8e49081b34c2d7519496eb3aa,30,authored_templates_not_real_transcripts,3,user,I am comfortable meeting fairly soon.
public_10,development_test,syn_71ab4eb8e49081b34c2d7519496eb3aa,30,authored_templates_not_real_transcripts,4,assistant,How do you tend to spend free time?
public_10,development_test,syn_71ab4eb8e49081b34c2d7519496eb3aa,30,authored_templates_not_real_transcripts,5,user,I enjoy having plans with people.
public_10,development_test,syn_71ab4eb8e49081b34c2d7519496eb3aa,30,authored_templates_not_real_transcripts,6,assistant,What kinds of conversation do you enjoy?
public_10,development_test,syn_71ab4eb8e49081b34c2d7519496eb3aa,30,authored_templates_not_real_transcripts,7,user,I enjoy working through practical questions.
public_10,development_test,syn_ff96f04ff055b6fab1a8b1c33200455c,30,authored_templates_not_real_transcripts,0,assistant,What kinds of conversation do you enjoy?
public_10,development_test,syn_ff96f04ff055b6fab1a8b1c33200455c,30,authored_templates_not_real_transcripts,1,user,I like a playful conversation.
public_10,development_test,syn_f73b5f096863c056887b1f80232bee2b,30,authored_templates_not_real_transcripts,0,assistant,What are you hoping to find?
public_10,development_test,syn_f73b5f096863c056887b1f80232bee2b,30,authored_templates_not_real_transcripts,1,user,I am still working out what I want.
public_10,development_test,syn_f73b5f096863c056887b1f80232bee2b,30,authored_templates_not_real_transcripts,2,assistant,What pace feels comfortable?
public_10,development_test,syn_f73b5f096863c056887b1f80232bee2b,30,authored_templates_not_real_transcripts,3,user,A steady pace suits me.
public_10,development_test,syn_f73b5f096863c056887b1f80232bee2b,30,authored_templates_not_real_transcripts,4,assistant,How do you tend to spend free time?
public_10,development_test,syn_f73b5f096863c056887b1f80232bee2b,30,authored_templates_not_real_transcripts,5,user,I like a mixture of quiet time and seeing people.
public_10,development_test,syn_f73b5f096863c056887b1f80232bee2b,30,authored_templates_not_real_transcripts,6,assistant,What kinds of conversation do you enjoy?
public_10,development_test,syn_f73b5f096863c056887b1f80232bee2b,30,authored_templates_not_real_transcripts,7,user,I like a playful conversation.
public_10,development_test,syn_3a8e74edb4ef3993c154e71e175a52c4,30,authored_templates_not_real_transcripts,0,assistant,How do you tend to spend free time?
public_10,development_test,syn_3a8e74edb4ef3993c154e71e175a52c4,30,authored_templates_not_real_transcripts,1,user,I usually prefer a quiet evening.
public_10,development_test,syn_8628fbde31af1d8f64d6d8a8ed6127ab,30,authored_templates_not_real_transcripts,0,assistant,What are you hoping to find?
public_10,development_test,syn_8628fbde31af1d8f64d6d8a8ed6127ab,30,authored_templates_not_real_transcripts,1,user,I would like to build a lasting relationship.
public_10,development_test,syn_54a86d0c5beadfe33cc3cdbff8de301b,30,authored_templates_not_real_transcripts,0,assistant,What are you hoping to find?
public_10,development_test,syn_54a86d0c5beadfe33cc3cdbff8de301b,30,authored_templates_not_real_transcripts,1,user,I am still working out what I want.
public_10,development_test,syn_2cf4a622e93de4862bf406fbe9968660,30,authored_templates_not_real_transcripts,0,assistant,What are you hoping to find?
public_10,development_test,syn_2cf4a622e93de4862bf406fbe9968660,30,authored_templates_not_real_transcripts,1,user,I am still working out what I want.
public_10,development_test,syn_2cf4a622e93de4862bf406fbe9968660,30,authored_templates_not_real_transcripts,2,assistant,What pace feels comfortable?
public_10,development_test,syn_2cf4a622e93de4862bf406fbe9968660,30,authored_templates_not_real_transcripts,3,user,A steady pace suits me.
public_10,development_test,syn_2cf4a622e93de4862bf406fbe9968660,30,authored_templates_not_real_transcripts,4,assistant,How do you tend to spend free time?
public_10,development_test,syn_2cf4a622e93de4862bf406fbe9968660,30,authored_templates_not_real_transcripts,5,user,I usually prefer a quiet evening.
public_10,development_test,syn_2cf4a622e93de4862bf406fbe9968660,30,authored_templates_not_real_transcripts,6,assistant,What kinds of conversation do you enjoy?
public_10,development_test,syn_2cf4a622e93de4862bf406fbe9968660,30,authored_templates_not_real_transcripts,7,user,I enjoy working through practical questions.
public_10,development_test,syn_6fae297670a62d433323bf1c97f56f9b,30,authored_templates_not_real_transcripts,0,assistant,What are you hoping to find?
public_10,development_test,syn_6fae297670a62d433323bf1c97f56f9b,30,authored_templates_not_real_transcripts,1,user,I would like to build a lasting relationship.
public_10,development_test,syn_8e1ee09df978c54386bee0deebbbb0db,30,authored_templates_not_real_transcripts,0,assistant,What are you hoping to find?
public_10,development_test,syn_8e1ee09df978c54386bee0deebbbb0db,30,authored_templates_not_real_transcripts,1,user,I am still working out what I want.
public_10,development_test,syn_e879fdb468c601dec946f7430efe3a02,30,authored_templates_not_real_transcripts,0,assistant,How do you tend to spend free time?
public_10,development_test,syn_e879fdb468c601dec946f7430efe3a02,30,authored_templates_not_real_transcripts,1,user,I like a mixture of quiet time and seeing people.
public_10,development_test,syn_a2eb656ba08d83bd383536f1df7c20dc,30,authored_templates_not_real_transcripts,0,assistant,What are you hoping to find?
public_10,development_test,syn_a2eb656ba08d83bd383536f1df7c20dc,30,authored_templates_not_real_transcripts,1,user,I am still working out what I want.
public_10,development_test,syn_a2eb656ba08d83bd383536f1df7c20dc,30,authored_templates_not_real_transcripts,2,assistant,What pace feels comfortable?
public_10,development_test,syn_a2eb656ba08d83bd383536f1df7c20dc,30,authored_templates_not_real_transcripts,3,user,I am comfortable meeting fairly soon.
public_10,development_test,syn_a2eb656ba08d83bd383536f1df7c20dc,30,authored_templates_not_real_transcripts,4,assistant,How do you tend to spend free time?
public_10,development_test,syn_a2eb656ba08d83bd383536f1df7c20dc,30,authored_templates_not_real_transcripts,5,user,I like a mixture of quiet time and seeing people.
public_10,development_test,syn_a2eb656ba08d83bd383536f1df7c20dc,30,authored_templates_not_real_transcripts,6,assistant,What kinds of conversation do you enjoy?
public_10,development_test,syn_a2eb656ba08d83bd383536f1df7c20dc,30,authored_templates_not_real_transcripts,7,user,I like hearing the stories behind things.
public_10,development_test,syn_67d0313d4b2b08fb9a36787ef26de85d,30,authored_templates_not_real_transcripts,0,assistant,What pace feels comfortable?
public_10,development_test,syn_67d0313d4b2b08fb9a36787ef26de85d,30,authored_templates_not_real_transcripts,1,user,A steady pace suits me.
public_10,development_test,syn_b875287926cc310b79c882e91dcb2892,30,authored_templates_not_real_transcripts,0,assistant,What are you hoping to find?
public_10,development_test,syn_b875287926cc310b79c882e91dcb2892,30,authored_templates_not_real_transcripts,1,user,I would like to build a lasting relationship.
public_10,development_test,syn_a10a0f33bed613eab3c39579cfb95fd7,30,authored_templates_not_real_transcripts,0,assistant,What are you hoping to find?
public_10,development_test,syn_a10a0f33bed613eab3c39579cfb95fd7,30,authored_templates_not_real_transcripts,1,user,I would like to build a lasting relationship.
public_10,development_test,syn_a10a0f33bed613eab3c39579cfb95fd7,30,authored_templates_not_real_transcripts,2,assistant,What pace feels comfortable?
public_10,development_test,syn_a10a0f33bed613eab3c39579cfb95fd7,30,authored_templates_not_real_transcripts,3,user,A steady pace suits me.
public_10,development_test,syn_a10a0f33bed613eab3c39579cfb95fd7,30,authored_templates_not_real_transcripts,4,assistant,How do you tend to spend free time?
public_10,development_test,syn_a10a0f33bed613eab3c39579cfb95fd7,30,authored_templates_not_real_transcripts,5,user,I like a mixture of quiet time and seeing people.
public_10,development_test,syn_a10a0f33bed613eab3c39579cfb95fd7,30,authored_templates_not_real_transcripts,6,assistant,What kinds of conversation do you enjoy?
public_10,development_test,syn_a10a0f33bed613eab3c39579cfb95fd7,30,authored_templates_not_real_transcripts,7,user,I like a playful conversation.
public_10,development_test,syn_08c8959211b0ecd44286ad82daec2c78,30,authored_templates_not_real_transcripts,0,assistant,What are you hoping to find?
public_10,development_test,syn_08c8959211b0ecd44286ad82daec2c78,30,authored_templates_not_real_transcripts,1,user,I am still working out what I want.
public_10,development_test,syn_08c8959211b0ecd44286ad82daec2c78,30,authored_templates_not_real_transcripts,2,assistant,What pace feels comfortable?
public_10,development_test,syn_08c8959211b0ecd44286ad82daec2c78,30,authored_templates_not_real_transcripts,3,user,I am comfortable meeting fairly soon.
public_10,development_test,syn_08c8959211b0ecd44286ad82daec2c78,30,authored_templates_not_real_transcripts,4,assistant,How do you tend to spend free time?
public_10,development_test,syn_08c8959211b0ecd44286ad82daec2c78,30,authored_templates_not_real_transcripts,5,user,I usually prefer a quiet evening.
public_10,development_test,syn_08c8959211b0ecd44286ad82daec2c78,30,authored_templates_not_real_transcripts,6,assistant,What kinds of conversation do you enjoy?
public_10,development_test,syn_08c8959211b0ecd44286ad82daec2c78,30,authored_templates_not_real_transcripts,7,user,I enjoy talking about ideas.
public_10,development_test,syn_7895853c1ec76b8daa7d2fa8ea4aec1f,30,authored_templates_not_real_transcripts,0,assistant,What are you hoping to find?
public_10,development_test,syn_7895853c1ec76b8daa7d2fa8ea4aec1f,30,authored_templates_not_real_transcripts,1,user,I would like to build a lasting relationship.
public_10,development_test,syn_7895853c1ec76b8daa7d2fa8ea4aec1f,30,authored_templates_not_real_transcripts,2,assistant,What pace feels comfortable?
public_10,development_test,syn_7895853c1ec76b8daa7d2fa8ea4aec1f,30,authored_templates_not_real_transcripts,3,user,I prefer to get to know someone gradually.
public_10,development_test,syn_7895853c1ec76b8daa7d2fa8ea4aec1f,30,authored_templates_not_real_transcripts,4,assistant,How do you tend to spend free time?
public_10,development_test,syn_7895853c1ec76b8daa7d2fa8ea4aec1f,30,authored_templates_not_real_transcripts,5,user,I usually prefer a quiet evening.
public_10,development_test,syn_7895853c1ec76b8daa7d2fa8ea4aec1f,30,authored_templates_not_real_transcripts,6,assistant,What kinds of conversation do you enjoy?
public_10,development_test,syn_7895853c1ec76b8daa7d2fa8ea4aec1f,30,authored_templates_not_real_transcripts,7,user,I enjoy working through practical questions.
public_10,development_test,syn_b50b420bc580e1d9e03e64fd62d0a6f1,30,authored_templates_not_real_transcripts,0,assistant,What are you hoping to find?
public_10,development_test,syn_b50b420bc580e1d9e03e64fd62d0a6f1,30,authored_templates_not_real_transcripts,1,user,I would like to build a lasting relationship.
public_10,development_test,syn_b50b420bc580e1d9e03e64fd62d0a6f1,30,authored_templates_not_real_transcripts,2,assistant,What pace feels comfortable?
public_10,development_test,syn_b50b420bc580e1d9e03e64fd62d0a6f1,30,authored_templates_not_real_transcripts,3,user,I prefer to get to know someone gradually.
public_10,development_test,syn_b50b420bc580e1d9e03e64fd62d0a6f1,30,authored_templates_not_real_transcripts,4,assistant,How do you tend to spend free time?
public_10,development_test,syn_b50b420bc580e1d9e03e64fd62d0a6f1,30,authored_templates_not_real_transcripts,5,user,I usually prefer a quiet evening.
public_10,development_test,syn_b50b420bc580e1d9e03e64fd62d0a6f1,30,authored_templates_not_real_transcripts,6,assistant,What kinds of conversation do you enjoy?
public_10,development_test,syn_b50b420bc580e1d9e03e64fd62d0a6f1,30,authored_templates_not_real_transcripts,7,user,I like a playful conversation.
public_10,development_test,syn_76fd573a948b554f3ebee57b8874c057,30,authored_templates_not_real_transcripts,0,assistant,What are you hoping to find?
public_10,development_test,syn_76fd573a948b554f3ebee57b8874c057,30,authored_templates_not_real_transcripts,1,user,I would like to build a lasting relationship.
public_10,development_test,syn_76fd573a948b554f3ebee57b8874c057,30,authored_templates_not_real_transcripts,2,assistant,What pace feels comfortable?
public_10,development_test,syn_76fd573a948b554f3ebee57b8874c057,30,authored_templates_not_real_transcripts,3,user,I am comfortable meeting fairly soon.
public_10,development_test,syn_76fd573a948b554f3ebee57b8874c057,30,authored_templates_not_real_transcripts,4,assistant,How do you tend to spend free time?
public_10,development_test,syn_76fd573a948b554f3ebee57b8874c057,30,authored_templates_not_real_transcripts,5,user,I enjoy having plans with people.
public_10,development_test,syn_76fd573a948b554f3ebee57b8874c057,30,authored_templates_not_real_transcripts,6,assistant,What kinds of conversation do you enjoy?
public_10,development_test,syn_76fd573a948b554f3ebee57b8874c057,30,authored_templates_not_real_transcripts,7,user,I enjoy talking about ideas.
public_10,development_test,syn_a1f3cc689e221310e04e723f5f28cf61,30,authored_templates_not_real_transcripts,0,assistant,What are you hoping to find?
public_10,development_test,syn_a1f3cc689e221310e04e723f5f28cf61,30,authored_templates_not_real_transcripts,1,user,I am still working out what I want.
public_10,development_test,syn_a1f3cc689e221310e04e723f5f28cf61,30,authored_templates_not_real_transcripts,2,assistant,What pace feels comfortable?
public_10,development_test,syn_a1f3cc689e221310e04e723f5f28cf61,30,authored_templates_not_real_transcripts,3,user,I am comfortable meeting fairly soon.
public_10,development_test,syn_a1f3cc689e221310e04e723f5f28cf61,30,authored_templates_not_real_transcripts,4,assistant,How do you tend to spend free time?
public_10,development_test,syn_a1f3cc689e221310e04e723f5f28cf61,30,authored_templates_not_real_transcripts,5,user,I usually prefer a quiet evening.
public_10,development_test,syn_a1f3cc689e221310e04e723f5f28cf61,30,authored_templates_not_real_transcripts,6,assistant,What kinds of conversation do you enjoy?
public_10,development_test,syn_a1f3cc689e221310e04e723f5f28cf61,30,authored_templates_not_real_transcripts,7,user,I like hearing the stories behind things.
public_10,development_test,syn_62667db0d73ae065db7f35384382566c,30,authored_templates_not_real_transcripts,0,assistant,What are you hoping to find?
public_10,development_test,syn_62667db0d73ae065db7f35384382566c,30,authored_templates_not_real_transcripts,1,user,I would like to build a lasting relationship.
public_10,development_test,syn_62667db0d73ae065db7f35384382566c,30,authored_templates_not_real_transcripts,2,assistant,What pace feels comfortable?
public_10,development_test,syn_62667db0d73ae065db7f35384382566c,30,authored_templates_not_real_transcripts,3,user,A steady pace suits me.
public_10,development_test,syn_62667db0d73ae065db7f35384382566c,30,authored_templates_not_real_transcripts,4,assistant,How do you tend to spend free time?
public_10,development_test,syn_62667db0d73ae065db7f35384382566c,30,authored_templates_not_real_transcripts,5,user,I usually prefer a quiet evening.
public_10,development_test,syn_62667db0d73ae065db7f35384382566c,30,authored_templates_not_real_transcripts,6,assistant,What kinds of conversation do you enjoy?
public_10,development_test,syn_62667db0d73ae065db7f35384382566c,30,authored_templates_not_real_transcripts,7,user,I enjoy working through practical questions.
public_10,development_test,syn_632b179cf923e45e6cb89a20046e7725,30,authored_templates_not_real_transcripts,0,assistant,What are you hoping to find?
public_10,development_test,syn_632b179cf923e45e6cb89a20046e7725,30,authored_templates_not_real_transcripts,1,user,I am still working out what I want.
