pool_id,split,introduction_id,member_id,event,value,missing_reason,occurred_day,observed_day
public_01,train,intro_083a830326a97fe359abb875,syn_0b5739186226003ae4ee382252b03e24,introduction_response,,no_response,,7
public_01,train,intro_083a830326a97fe359abb875,syn_c8173f9ff896f70b35273e7528e0a64f,introduction_response,yes,,1,1
public_01,train,intro_8fb379eaea078145d1c70d2b,syn_1590c7c7e61f068af7c1b8fe352500bc,introduction_response,yes,,2,2
public_01,train,intro_8fb379eaea078145d1c70d2b,syn_ff08099ce3f31cccc83bab0bdfe3f334,introduction_response,,no_response,,7
public_01,train,intro_6f758ec667d65a015402ba8c,syn_1e8bad18a1c14d863cef63a9970d8344,introduction_response,yes,,3,3
public_01,train,intro_6f758ec667d65a015402ba8c,syn_6cfb88f980ceab7343e2bdd152490fdd,introduction_response,no,,4,4
public_01,train,intro_23bbec89d79888f92770e909,syn_6214069ad878006480ec8a15e3ea4d73,introduction_response,,no_response,,7
public_01,train,intro_23bbec89d79888f92770e909,syn_f147f878931a307b02955c4cc72badc4,introduction_response,no,,6,6
public_01,train,intro_86436df12917012276d1140e,syn_c430220c3b380c7f5245206579ef8b20,introduction_response,,no_response,,7
public_01,train,intro_86436df12917012276d1140e,syn_ee6abfe4319122c923a1a5aad57e66d6,introduction_response,no,,4,4
public_01,train,intro_d8be8d9c4abaae3bcc02823f,syn_337d765b9764b8a2ee932deabdac71bc,introduction_response,no,,4,4
public_01,train,intro_d8be8d9c4abaae3bcc02823f,syn_6f243cc46db344937a9a55d12b2ee6ba,introduction_response,no,,3,3
public_01,train,intro_14b94556d457dec26b2ecb0f,syn_c6c9ae5038330a59cbdfa233e5fdeca4,introduction_response,,no_response,,8
public_01,train,intro_14b94556d457dec26b2ecb0f,syn_da0425280e817cf099af8abcdd9116bf,introduction_response,yes,,7,7
public_01,train,intro_349164af8b02145ea04a3e1f,syn_6cc64e64e56700dd377616f3e4e856ed,introduction_response,yes,,4,4
public_01,train,intro_349164af8b02145ea04a3e1f,syn_e3e31d95321cfce40ef6448a8dd3461e,introduction_response,yes,,4,4
public_01,train,intro_349164af8b02145ea04a3e1f,,date_happened,False,,9,9
public_01,train,intro_0a9e04a0b0ef4571bdae6ad9,syn_382d179a81216a999064306113e8d5ce,introduction_response,,no_response,,12
public_01,train,intro_0a9e04a0b0ef4571bdae6ad9,syn_ce55981e45ac6f27b30673e97f790453,introduction_response,yes,,7,7
public_01,train,intro_fbfd25d3b47139420bab68d7,syn_4bae37c3b69c792c35e1731394f0f149,introduction_response,,no_response,,12
public_01,train,intro_fbfd25d3b47139420bab68d7,syn_cb5ccb4d0ef4b2baee21637f3c7c12bb,introduction_response,,no_response,,12
public_01,train,intro_98500a5302be745e38d01451,syn_2c58ea5d2ea2e4555f06d987546aaf99,introduction_response,,no_response,,13
public_01,train,intro_98500a5302be745e38d01451,syn_6017efd3cd8e375efdd4db43ec2dc45b,introduction_response,yes,,10,10
public_01,train,intro_ca97e3577b509076f3068a19,syn_15c58533d97d59cd8fa8f6889005853b,introduction_response,,no_response,,14
public_01,train,intro_ca97e3577b509076f3068a19,syn_2ace6829562f1903e1273758af37a3b0,introduction_response,yes,,11,11
public_01,train,intro_c98f35c0bcc08ed4af558962,syn_3069ccc1a6f38d323719e2cbc6f59227,introduction_response,no,,11,11
public_01,train,intro_c98f35c0bcc08ed4af558962,syn_4604a63804f7f7a1e9080fbb4433cece,introduction_response,yes,,13,13
public_01,train,intro_e1fceb7f149976ca1258eac7,syn_1590c7c7e61f068af7c1b8fe352500bc,introduction_response,no,,12,12
public_01,train,intro_e1fceb7f149976ca1258eac7,syn_cfd27ca6495326d0508ba804ba64f5ca,introduction_response,no,,15,15
public_01,train,intro_4ec8de7f0b6f0747b9e940e8,syn_1e8bad18a1c14d863cef63a9970d8344,introduction_response,no,,13,13
public_01,train,intro_4ec8de7f0b6f0747b9e940e8,syn_69f65ca7fbcaa6bd4af36a54d5392e15,introduction_response,yes,,15,15
public_01,train,intro_9825e2bda395203d9bca48fb,syn_325f28583186d8a6c4075a559cc6b7fb,introduction_response,yes,,12,12
public_01,train,intro_9825e2bda395203d9bca48fb,syn_73bade12cb37db49977a98fa82bc3625,introduction_response,yes,,12,12
public_01,train,intro_9825e2bda395203d9bca48fb,,date_happened,True,,19,19
public_01,train,intro_9825e2bda395203d9bca48fb,syn_325f28583186d8a6c4075a559cc6b7fb,second_meeting_intention,yes,,24,24
public_01,train,intro_9825e2bda395203d9bca48fb,syn_73bade12cb37db49977a98fa82bc3625,second_meeting_intention,no,,21,21
public_01,train,intro_c747b22222d480cb56cbdce2,syn_6214069ad878006480ec8a15e3ea4d73,introduction_response,,no_response,,15
public_01,train,intro_c747b22222d480cb56cbdce2,syn_aad7734833bf13651bfa0ea1773077e3,introduction_response,yes,,15,15
public_01,train,intro_2c06a5ed48b18b8b222f1b2e,syn_8ce7b7a126e840e21f92c19cbec28b18,introduction_response,no,,11,11
public_01,train,intro_2c06a5ed48b18b8b222f1b2e,syn_a9c181161ee8f96a7dda3ab35860d64a,introduction_response,,no_response,,15
public_01,train,intro_6c2efbc8d2f8be6fc7246179,syn_95978ca6beef92cdc4b127a48f00725c,introduction_response,,no_response,,15
public_01,train,intro_6c2efbc8d2f8be6fc7246179,syn_ff08099ce3f31cccc83bab0bdfe3f334,introduction_response,yes,,10,10
public_01,train,intro_f0423bfce67ab25c561cab87,syn_b4622763ed1476794c24ad8f6e66b7a6,introduction_response,yes,,13,13
public_01,train,intro_f0423bfce67ab25c561cab87,syn_c430220c3b380c7f5245206579ef8b20,introduction_response,,no_response,,15
public_01,train,intro_dec5eac30fa4e6cf4e7cc0c6,syn_2cb5d144832cd66b91adb378e774cb37,introduction_response,,no_response,,16
public_01,train,intro_dec5eac30fa4e6cf4e7cc0c6,syn_da0425280e817cf099af8abcdd9116bf,introduction_response,yes,,10,10
public_01,train,intro_22cc856f5029e6b9cb0204a3,syn_337d765b9764b8a2ee932deabdac71bc,introduction_response,yes,,11,11
public_01,train,intro_22cc856f5029e6b9cb0204a3,syn_ee6abfe4319122c923a1a5aad57e66d6,introduction_response,yes,,14,14
public_01,train,intro_22cc856f5029e6b9cb0204a3,,date_happened,True,,20,20
public_01,train,intro_22cc856f5029e6b9cb0204a3,syn_337d765b9764b8a2ee932deabdac71bc,second_meeting_intention,,no_response,,25
public_01,train,intro_22cc856f5029e6b9cb0204a3,syn_ee6abfe4319122c923a1a5aad57e66d6,second_meeting_intention,yes,,23,23
public_01,train,intro_a848825508c8fb77c1d5de7f,syn_3c8584c1f25243303edf1fcc0a7848b8,introduction_response,no,,16,16
public_01,train,intro_a848825508c8fb77c1d5de7f,syn_6cfb88f980ceab7343e2bdd152490fdd,introduction_response,yes,,10,10
public_01,train,intro_3126716f216bbea8abd38a57,syn_3e94cf4755a04dc34451e7870d909bfb,introduction_response,yes,,13,13
public_01,train,intro_3126716f216bbea8abd38a57,syn_c6c9ae5038330a59cbdfa233e5fdeca4,introduction_response,no,,11,11
public_01,train,intro_02332a65f4ed8ed1a3be9b94,syn_55f5be77b53c2ba09e4b6e525c1db2e4,introduction_response,no,,12,12
public_01,train,intro_02332a65f4ed8ed1a3be9b94,syn_9932dfb7889c4acac1c6b78ec2b3fbe2,introduction_response,no,,14,14
public_01,train,intro_1a11843d4ce0e52cd5afcf7c,syn_6f243cc46db344937a9a55d12b2ee6ba,introduction_response,no,,13,13
public_01,train,intro_1a11843d4ce0e52cd5afcf7c,syn_d3927dfb4ba1444e5c3b6e48d99aac7c,introduction_response,,no_response,,16
public_01,train,intro_79440187718f2df1fcb3672e,syn_6774330328f6d2ac379ccb6fa733c323,introduction_response,no,,17,17
public_01,train,intro_79440187718f2df1fcb3672e,syn_97c9450dbb229dd5ed181a5065471e8c,introduction_response,no,,19,19
public_01,train,intro_b705ca52e53937618bb781e6,syn_237461d129e6228988f17c3d6b7d82b5,introduction_response,yes,,14,14
public_01,train,intro_b705ca52e53937618bb781e6,syn_5a2a81135dd5330ac19618741db86306,introduction_response,yes,,17,17
public_01,train,intro_b705ca52e53937618bb781e6,,date_happened,True,,30,30
public_01,train,intro_70af3bd4898f5765fcee46e4,syn_4bae37c3b69c792c35e1731394f0f149,introduction_response,no,,20,20
public_01,train,intro_70af3bd4898f5765fcee46e4,syn_c8173f9ff896f70b35273e7528e0a64f,introduction_response,no,,16,16
public_01,train,intro_68b0ffaab377e03a8dbf491b,syn_017980b80fe495ad006acf9b65a6fcc3,introduction_response,yes,,21,21
public_01,train,intro_68b0ffaab377e03a8dbf491b,syn_41c413cc05ebffa5a48edf51e8b5f41c,introduction_response,,no_response,,22
public_01,train,intro_27aaadf4d3fec0c66b09ca89,syn_15c58533d97d59cd8fa8f6889005853b,introduction_response,no,,22,22
public_01,train,intro_27aaadf4d3fec0c66b09ca89,syn_382d179a81216a999064306113e8d5ce,introduction_response,no,,17,17
public_01,train,intro_663ef686fdeadc583a3e669b,syn_3069ccc1a6f38d323719e2cbc6f59227,introduction_response,no,,18,18
public_01,train,intro_663ef686fdeadc583a3e669b,syn_6cc64e64e56700dd377616f3e4e856ed,introduction_response,,no_response,,22
public_01,train,intro_4a96d4b0fd2d17b2989c900f,syn_34c9159d0d07971f677bbb253b5bbcf0,introduction_response,no,,16,16
public_01,train,intro_4a96d4b0fd2d17b2989c900f,syn_e79da0d36035d273f913520318d5706f,introduction_response,yes,,17,17
public_01,train,intro_5d612c3f8accd70b07f194d6,syn_4604a63804f7f7a1e9080fbb4433cece,introduction_response,,no_response,,22
public_01,train,intro_5d612c3f8accd70b07f194d6,syn_bd58a8686e319b00ca603fc2518d8660,introduction_response,yes,,22,22
public_01,train,intro_4e9bd529a138fa63a26fadfd,syn_8844134060c74553e4679322c94b6946,introduction_response,yes,,18,18
public_01,train,intro_4e9bd529a138fa63a26fadfd,syn_bdf9fe7bc35e403f389e503e92728035,introduction_response,yes,,17,17
public_01,train,intro_4e9bd529a138fa63a26fadfd,,date_happened,True,,24,24
public_01,train,intro_4e9bd529a138fa63a26fadfd,syn_8844134060c74553e4679322c94b6946,second_meeting_intention,no,,29,29
public_01,train,intro_4e9bd529a138fa63a26fadfd,syn_bdf9fe7bc35e403f389e503e92728035,second_meeting_intention,yes,,27,27
public_01,train,intro_e4780dd4963d683f4975cd17,syn_1590c7c7e61f068af7c1b8fe352500bc,introduction_response,no,,23,23
public_01,train,intro_e4780dd4963d683f4975cd17,syn_fb32b8618bad355de272dc79ff6569b7,introduction_response,yes,,20,20
public_01,train,intro_5b6739d919a1569a9de914c3,syn_f10a21c702c75eb4b59db90ff12c282f,introduction_response,,no_response,,23
public_01,train,intro_5b6739d919a1569a9de914c3,syn_ff08099ce3f31cccc83bab0bdfe3f334,introduction_response,no,,21,21
public_01,train,intro_75c18e0f85f79ea93ed74a09,syn_2c58ea5d2ea2e4555f06d987546aaf99,introduction_response,no,,23,23
public_01,train,intro_75c18e0f85f79ea93ed74a09,syn_6f243cc46db344937a9a55d12b2ee6ba,introduction_response,,no_response,,24
public_01,train,intro_abe5123b09f88874f7f3f950,syn_3c8584c1f25243303edf1fcc0a7848b8,introduction_response,no,,23,23
public_01,train,intro_abe5123b09f88874f7f3f950,syn_ce55981e45ac6f27b30673e97f790453,introduction_response,yes,,22,22
public_01,train,intro_a9c1c8c9afe62bd3438044e6,syn_3e94cf4755a04dc34451e7870d909bfb,introduction_response,no,,20,20
public_01,train,intro_a9c1c8c9afe62bd3438044e6,syn_51c3093687ec35fc141741284be4579c,introduction_response,,no_response,,24
public_01,train,intro_02f4d327cde36f37a9ede4bc,syn_55f5be77b53c2ba09e4b6e525c1db2e4,introduction_response,no,,22,22
public_01,train,intro_02f4d327cde36f37a9ede4bc,syn_6cfb88f980ceab7343e2bdd152490fdd,introduction_response,no,,21,21
public_01,train,intro_11bd330819aeeabafa74ef8c,syn_c430220c3b380c7f5245206579ef8b20,introduction_response,no,,21,21
public_01,train,intro_11bd330819aeeabafa74ef8c,syn_dac6ff4452913f2419cdedcc570879e7,introduction_response,,no_response,,26
public_01,train,intro_336978d3687e116b6f297370,syn_c8173f9ff896f70b35273e7528e0a64f,introduction_response,no,,27,27
public_01,train,intro_336978d3687e116b6f297370,syn_cb5ccb4d0ef4b2baee21637f3c7c12bb,introduction_response,,no_response,,28
public_01,train,intro_0d48d69e04ff78ea5c1c135f,syn_017980b80fe495ad006acf9b65a6fcc3,introduction_response,yes,,26,26
public_01,train,intro_0d48d69e04ff78ea5c1c135f,syn_97c9450dbb229dd5ed181a5065471e8c,introduction_response,no,,29,29
public_01,train,intro_25d210787ff5e097c8773ff2,syn_15c58533d97d59cd8fa8f6889005853b,introduction_response,no,,29,29
public_01,train,intro_25d210787ff5e097c8773ff2,syn_6214069ad878006480ec8a15e3ea4d73,introduction_response,no,,28,28
public_01,train,intro_fa91a40c70ee87a0fee69b27,syn_3069ccc1a6f38d323719e2cbc6f59227,introduction_response,yes,,29,29
public_01,train,intro_fa91a40c70ee87a0fee69b27,syn_bd58a8686e319b00ca603fc2518d8660,introduction_response,no,,27,27
public_01,train,intro_82e72989316140a0dee42920,syn_382d179a81216a999064306113e8d5ce,introduction_response,yes,,26,26
public_01,train,intro_82e72989316140a0dee42920,syn_d3927dfb4ba1444e5c3b6e48d99aac7c,introduction_response,no,,26,26
public_01,train,intro_339f3b01510a7f010dd18503,syn_3b757727e68e22909b699b106b31fe72,introduction_response,,no_response,,30
public_01,train,intro_339f3b01510a7f010dd18503,syn_e79da0d36035d273f913520318d5706f,introduction_response,yes,,26,26
public_01,train,intro_27ae70e1ba74e10899f27791,syn_41c413cc05ebffa5a48edf51e8b5f41c,introduction_response,,no_response,,30
public_01,train,intro_27ae70e1ba74e10899f27791,syn_49e3e49b02ef389261d13172be7c8611,introduction_response,no,,27,27
public_01,train,intro_9c5f69f6db8a64513c36139d,syn_4604a63804f7f7a1e9080fbb4433cece,introduction_response,yes,,28,28
public_01,train,intro_9c5f69f6db8a64513c36139d,syn_9932dfb7889c4acac1c6b78ec2b3fbe2,introduction_response,yes,,29,29
public_01,train,intro_e827828cf4d4959866ea104f,syn_6cc64e64e56700dd377616f3e4e856ed,introduction_response,yes,,24,24
public_01,train,intro_e827828cf4d4959866ea104f,syn_8b5f2158d456b7290f94410e2e1ea019,introduction_response,no,,28,28
public_01,train,intro_85fe3a8f4d679f8dc795b0df,syn_ff08099ce3f31cccc83bab0bdfe3f334,introduction_response,yes,,29,29
public_01,train,intro_08a940137b90924904d331fb,syn_325f28583186d8a6c4075a559cc6b7fb,introduction_response,no,,27,27
public_01,train,intro_08a940137b90924904d331fb,syn_69f65ca7fbcaa6bd4af36a54d5392e15,introduction_response,no,,30,30
public_01,train,intro_01c2859e3c1d5f3014910368,syn_3c8584c1f25243303edf1fcc0a7848b8,introduction_response,yes,,28,28
public_01,train,intro_01c2859e3c1d5f3014910368,syn_73bade12cb37db49977a98fa82bc3625,introduction_response,yes,,28,28
public_01,train,intro_e7cde4157afda95861d2ce1f,syn_51c3093687ec35fc141741284be4579c,introduction_response,yes,,30,30
public_01,train,intro_e7cde4157afda95861d2ce1f,syn_da0425280e817cf099af8abcdd9116bf,introduction_response,no,,27,27
public_01,train,intro_072a7d2a8b6f75ad138436be,syn_6cfb88f980ceab7343e2bdd152490fdd,introduction_response,yes,,28,28
public_01,train,intro_072a7d2a8b6f75ad138436be,syn_f2c9c85da65191c936890b9a52ca3841,introduction_response,yes,,27,27
public_01,train,intro_cc8dd674d72c8288d8682ece,syn_dac6ff4452913f2419cdedcc570879e7,introduction_response,no,,28,28
public_02,train,intro_d1a51aea6897806f0e0295a1,syn_2056609e060881f2404b3e6d30d72b1b,introduction_response,,no_response,,7
public_02,train,intro_d1a51aea6897806f0e0295a1,syn_c85c5f4b0c079ca8e30677ea1c7ee178,introduction_response,,no_response,,7
public_02,train,intro_0ee320acbf01c3364d5b27db,syn_28ae0f5a99431e9f34ff74eff6472675,introduction_response,yes,,4,4
public_02,train,intro_0ee320acbf01c3364d5b27db,syn_4b57337d2f0c61d365d36a51553229ee,introduction_response,yes,,4,4
public_02,train,intro_0ee320acbf01c3364d5b27db,,date_happened,True,,12,12
public_02,train,intro_0ee320acbf01c3364d5b27db,syn_28ae0f5a99431e9f34ff74eff6472675,second_meeting_intention,yes,,14,14
public_02,train,intro_0ee320acbf01c3364d5b27db,syn_4b57337d2f0c61d365d36a51553229ee,second_meeting_intention,no,,14,14
public_02,train,intro_4aa78b1027339c9c0206f986,syn_5901d252ec94242330ca03c8dfdc084c,introduction_response,no,,3,3
public_02,train,intro_4aa78b1027339c9c0206f986,syn_9a6819069e54f8e26098a5a7064afa51,introduction_response,no,,5,5
public_02,train,intro_28a1101489fcd89e45d416ad,syn_88a2837332f6912a8c262589243c20e2,introduction_response,yes,,1,1
public_02,train,intro_28a1101489fcd89e45d416ad,syn_912d6fbf5229053275eb8ba2e10fc211,introduction_response,yes,,5,5
public_02,train,intro_28a1101489fcd89e45d416ad,,date_happened,False,,16,16
public_02,train,intro_d4b93335a6a7deec9070ad60,syn_a2f02a2600f647a9e2042b830b841fad,introduction_response,yes,,2,2
public_02,train,intro_d4b93335a6a7deec9070ad60,syn_a739d0a9c49e0d3691316cb05117c32c,introduction_response,yes,,2,2
public_02,train,intro_d4b93335a6a7deec9070ad60,,date_happened,True,,9,9
public_02,train,intro_d4b93335a6a7deec9070ad60,syn_a2f02a2600f647a9e2042b830b841fad,second_meeting_intention,yes,,14,14
public_02,train,intro_d4b93335a6a7deec9070ad60,syn_a739d0a9c49e0d3691316cb05117c32c,second_meeting_intention,,no_response,,14
public_02,train,intro_ea3f89c66d646913b5d0b9ef,syn_a6e1e3157ea05a77655d69145cb9340c,introduction_response,no,,1,1
public_02,train,intro_ea3f89c66d646913b5d0b9ef,syn_ad946c4e2d51c4381a00d6a3a07c8f5c,introduction_response,yes,,7,7
public_02,train,intro_41bf89eaea235b90c345f6b9,syn_514d26a6c970dbaed9dfb5971b92fd98,introduction_response,yes,,5,5
public_02,train,intro_41bf89eaea235b90c345f6b9,syn_6edbeb8274e40517866227d17ad53adf,introduction_response,no,,4,4
public_02,train,intro_d6c60162981be25b1eca92b0,syn_964b47ce9e65d08b24ac9115da831a47,introduction_response,yes,,2,2
public_02,train,intro_d6c60162981be25b1eca92b0,syn_ec903125e9aaa8d948d4e78ea201cb07,introduction_response,,no_response,,8
public_02,train,intro_9a80bc7c943a2f955a6c1ae8,syn_9780271663b2599273144f180e877968,introduction_response,yes,,8,8
public_02,train,intro_9a80bc7c943a2f955a6c1ae8,syn_df2351b216e9b989fdcdb980be123864,introduction_response,,no_response,,8
public_02,train,intro_d605aa0d878961370cb0eefb,syn_d16420689fdde7c0d35d130797ca9e5f,introduction_response,no,,7,7
public_02,train,intro_d605aa0d878961370cb0eefb,syn_f08a7eab3954c329d97b8ca6d495c410,introduction_response,no,,7,7
public_02,train,intro_f257508af42be75cb77aebb3,syn_13516bb80dd39f3ce4ef943eca9d421e,introduction_response,yes,,9,9
public_02,train,intro_f257508af42be75cb77aebb3,syn_9598431518aa2a2f2e66ed889c7368f4,introduction_response,yes,,8,8
public_02,train,intro_f257508af42be75cb77aebb3,,date_happened,True,,20,20
public_02,train,intro_f257508af42be75cb77aebb3,syn_13516bb80dd39f3ce4ef943eca9d421e,second_meeting_intention,yes,,22,22
public_02,train,intro_f257508af42be75cb77aebb3,syn_9598431518aa2a2f2e66ed889c7368f4,second_meeting_intention,yes,,25,25
public_02,train,intro_f257508af42be75cb77aebb3,,pause_after_mutual_interest,True,,25,25
public_02,train,intro_7b9f110b53a63d5834174fd4,syn_32297fb064c264489c9e4039876f24ba,introduction_response,yes,,10,10
public_02,train,intro_7b9f110b53a63d5834174fd4,syn_e77fb3ea136541875ef0d0ed5153426c,introduction_response,no,,8,8
public_02,train,intro_1f941e7afd4db72b9040c5a1,syn_469fe83e4a99f3d77981a1c1f7ea5386,introduction_response,no,,4,4
public_02,train,intro_1f941e7afd4db72b9040c5a1,syn_fe315b98117e4d81e77e76cdab5582b5,introduction_response,yes,,4,4
public_02,train,intro_1c830d25261195944b143d4d,syn_9330dd62ae5cb5c88131d62847ed361f,introduction_response,,no_response,,10
public_02,train,intro_1c830d25261195944b143d4d,syn_9e3068d8d35b9eefda160e3de29ef47f,introduction_response,,no_response,,10
public_02,train,intro_c548991e971d3e5198729ba5,syn_3a86f4a1b6a07735508a880e428bee60,introduction_response,no,,7,7
public_02,train,intro_c548991e971d3e5198729ba5,syn_576b0b21e0dbd7a6bfdf295c4ff7fad8,introduction_response,,no_response,,11
public_02,train,intro_f8f0e84f00fbb08cfe50c5ed,syn_7cc830bf46268a150ea841a6aeac8371,introduction_response,no,,8,8
public_02,train,intro_f8f0e84f00fbb08cfe50c5ed,syn_df55510630c387a8332959160eec8e4b,introduction_response,no,,10,10
public_02,train,intro_2c3637a8ca24ddee374ed3ae,syn_c58e8eb0c882695da0ed7627b3275fe8,introduction_response,no,,9,9
public_02,train,intro_2c3637a8ca24ddee374ed3ae,syn_dd56e893d452e71919601782ed0489cc,introduction_response,,no_response,,11
public_02,train,intro_58561954665108fb7b706ab0,syn_85bf11e712d179c418ccdfa063ffd5d7,introduction_response,no,,11,11
public_02,train,intro_58561954665108fb7b706ab0,syn_86a700b706a3f9d202eeee624e20ac53,introduction_response,no,,6,6
public_02,train,intro_b3bef2c66235b2eab475e322,syn_404a8f65134058ae9943744c7f54d33f,introduction_response,yes,,10,10
public_02,train,intro_b3bef2c66235b2eab475e322,syn_b4409bb8867ef48b4cd95b298a3702ee,introduction_response,yes,,10,10
public_02,train,intro_b3bef2c66235b2eab475e322,,date_happened,False,,12,12
public_02,train,intro_e8930b1f739f43648f568121,syn_5901d252ec94242330ca03c8dfdc084c,introduction_response,,no_response,,15
public_02,train,intro_e8930b1f739f43648f568121,syn_c317705f90a517571b63aec42fee59d2,introduction_response,no,,12,12
public_02,train,intro_8a25f255febd679f768cccd0,syn_514d26a6c970dbaed9dfb5971b92fd98,introduction_response,yes,,16,16
public_02,train,intro_8a25f255febd679f768cccd0,syn_d16420689fdde7c0d35d130797ca9e5f,introduction_response,no,,12,12
public_02,train,intro_c191bf01fbc34e9f0ec506b2,syn_6842f6631c6d8aa01c669d8772ab7814,introduction_response,yes,,12,12
public_02,train,intro_c191bf01fbc34e9f0ec506b2,syn_8a5ab5e24cf1da571d7fc224290b5d55,introduction_response,no,,15,15
public_02,train,intro_0747247db346b87a09e002f0,syn_02599d522c48ce7f9d47ca93ce0e969b,introduction_response,no,,18,18
public_02,train,intro_0747247db346b87a09e002f0,syn_d1d40e5694a83bf50c52e9b5a1c72bcf,introduction_response,no,,18,18
public_02,train,intro_5d82f25371600b312ecc006a,syn_469fe83e4a99f3d77981a1c1f7ea5386,introduction_response,yes,,14,14
public_02,train,intro_5d82f25371600b312ecc006a,syn_df1fff6e0e3735985e36ea3e3c6864fe,introduction_response,yes,,16,16
public_02,train,intro_5d82f25371600b312ecc006a,,date_happened,True,,23,23
public_02,train,intro_5d82f25371600b312ecc006a,syn_469fe83e4a99f3d77981a1c1f7ea5386,second_meeting_intention,no,,25,25
public_02,train,intro_5d82f25371600b312ecc006a,syn_df1fff6e0e3735985e36ea3e3c6864fe,second_meeting_intention,yes,,26,26
public_02,train,intro_7c936636a85ddaa483fa2cba,syn_4ab039bc016a7f9170528808204c430f,introduction_response,no,,13,13
public_02,train,intro_7c936636a85ddaa483fa2cba,syn_9e3068d8d35b9eefda160e3de29ef47f,introduction_response,,no_response,,18
public_02,train,intro_c2d722ba55992db138a5fa38,syn_c47b1ab16d66c1d488e705e8255ebb01,introduction_response,no,,17,17
public_02,train,intro_c2d722ba55992db138a5fa38,syn_f57a076753e50d87788a9f182f1fb641,introduction_response,no,,14,14
public_02,train,intro_07455b87b1711d5cb5b4b902,syn_32297fb064c264489c9e4039876f24ba,introduction_response,,no_response,,19
public_02,train,intro_07455b87b1711d5cb5b4b902,syn_df55510630c387a8332959160eec8e4b,introduction_response,no,,14,14
public_02,train,intro_9a97c1a84712d93ce17217dd,syn_3a86f4a1b6a07735508a880e428bee60,introduction_response,,no_response,,19
public_02,train,intro_9a97c1a84712d93ce17217dd,syn_7cc830bf46268a150ea841a6aeac8371,introduction_response,yes,,17,17
public_02,train,intro_4c538413d48a9e465585cfde,syn_3ebeda0df1a2553d085d9f96dac06445,introduction_response,,no_response,,19
public_02,train,intro_4c538413d48a9e465585cfde,syn_c58e8eb0c882695da0ed7627b3275fe8,introduction_response,,no_response,,19
public_02,train,intro_20c195c95a7aea29de800f72,syn_576b0b21e0dbd7a6bfdf295c4ff7fad8,introduction_response,no,,17,17
public_02,train,intro_20c195c95a7aea29de800f72,syn_e77fb3ea136541875ef0d0ed5153426c,introduction_response,,no_response,,19
public_02,train,intro_29264a7f3a156ec5044af455,syn_8efbdba2e69c3948ce821a428e72ec36,introduction_response,yes,,16,16
public_02,train,intro_29264a7f3a156ec5044af455,syn_e6cc7ae09a87200ef93018c566b517f2,introduction_response,no,,19,19
public_02,train,intro_f65f9e33f924f9e5569f4af1,syn_ac51d3efb980280e5357ef62f0295996,introduction_response,yes,,20,20
public_02,train,intro_f65f9e33f924f9e5569f4af1,syn_ad946c4e2d51c4381a00d6a3a07c8f5c,introduction_response,no,,16,16
public_02,train,intro_bc76347d8f1fafa271b68582,syn_5fe81c19774479c8dabc6a4cfda80478,introduction_response,no,,17,17
public_02,train,intro_bc76347d8f1fafa271b68582,syn_b648b44d01cd5170c0828409a2384c3a,introduction_response,yes,,20,20
public_02,train,intro_eb9e221f1d2ddf0aef01b95d,syn_0645957284c487c64ad77f70f4198680,introduction_response,,no_response,,22
public_02,train,intro_eb9e221f1d2ddf0aef01b95d,syn_6b287023da72ef6cb9c29b0f5643870d,introduction_response,yes,,17,17
public_02,train,intro_0a43f3c70cf5ff6e5f1c638e,syn_9330dd62ae5cb5c88131d62847ed361f,introduction_response,yes,,16,16
public_02,train,intro_0a43f3c70cf5ff6e5f1c638e,syn_a2f02a2600f647a9e2042b830b841fad,introduction_response,no,,19,19
public_02,train,intro_b0cee0912bcde3f709d044ee,syn_a68f501e9c1069329ec78eaead07c015,introduction_response,no,,17,17
public_02,train,intro_b0cee0912bcde3f709d044ee,syn_f7b44afc75607f2f2733766a3e903373,introduction_response,yes,,18,18
public_02,train,intro_326e69430c1b135a472a1fb0,syn_7db0447bd7972126f3c340691a555852,introduction_response,yes,,22,22
public_02,train,intro_326e69430c1b135a472a1fb0,syn_86a700b706a3f9d202eeee624e20ac53,introduction_response,yes,,19,19
public_02,train,intro_23541cc24a35ddb03a26ae5c,syn_4b57337d2f0c61d365d36a51553229ee,introduction_response,no,,25,25
public_02,train,intro_23541cc24a35ddb03a26ae5c,syn_85bf11e712d179c418ccdfa063ffd5d7,introduction_response,no,,21,21
public_02,train,intro_b7aba680fb64212fb7f443c4,syn_6842f6631c6d8aa01c669d8772ab7814,introduction_response,yes,,24,24
public_02,train,intro_b7aba680fb64212fb7f443c4,syn_ec903125e9aaa8d948d4e78ea201cb07,introduction_response,yes,,24,24
public_02,train,intro_ee500e19660ba594ac4b3723,syn_74655d9a89e1bc132109f53eefcfff70,introduction_response,yes,,20,20
public_02,train,intro_ee500e19660ba594ac4b3723,syn_8a5ab5e24cf1da571d7fc224290b5d55,introduction_response,yes,,24,24
public_02,train,intro_b746e8ab200a910317ff4dad,syn_02599d522c48ce7f9d47ca93ce0e969b,introduction_response,no,,23,23
public_02,train,intro_b746e8ab200a910317ff4dad,syn_4ab039bc016a7f9170528808204c430f,introduction_response,yes,,22,22
public_02,train,intro_7432d6fca09a05bb115231de,syn_9e3068d8d35b9eefda160e3de29ef47f,introduction_response,yes,,26,26
public_02,train,intro_7432d6fca09a05bb115231de,syn_a739d0a9c49e0d3691316cb05117c32c,introduction_response,no,,26,26
public_02,train,intro_f48315e5099cd323b69ab06b,syn_123815248e2a76967ece217db6a1c911,introduction_response,,no_response,,27
public_02,train,intro_f48315e5099cd323b69ab06b,syn_576b0b21e0dbd7a6bfdf295c4ff7fad8,introduction_response,yes,,23,23
public_02,train,intro_8fc8a010bc0770aebaa56a60,syn_1653cc8b5bd51e5da9b32ad68410ff2a,introduction_response,no,,25,25
public_02,train,intro_8fc8a010bc0770aebaa56a60,syn_7cc830bf46268a150ea841a6aeac8371,introduction_response,,no_response,,27
public_02,train,intro_f684061fa415dba4b22b0f00,syn_404a8f65134058ae9943744c7f54d33f,introduction_response,no,,23,23
public_02,train,intro_f684061fa415dba4b22b0f00,syn_8efbdba2e69c3948ce821a428e72ec36,introduction_response,yes,,24,24
public_02,train,intro_878b302ed733fa3b8e841fc5,syn_c317705f90a517571b63aec42fee59d2,introduction_response,,no_response,,27
public_02,train,intro_878b302ed733fa3b8e841fc5,syn_df55510630c387a8332959160eec8e4b,introduction_response,no,,26,26
public_02,train,intro_e542c30ce10acd7c636cf211,syn_28ae0f5a99431e9f34ff74eff6472675,introduction_response,yes,,25,25
public_02,train,intro_e542c30ce10acd7c636cf211,syn_ad946c4e2d51c4381a00d6a3a07c8f5c,introduction_response,yes,,28,28
public_02,train,intro_c475e707009864b5aa8888a4,syn_912d6fbf5229053275eb8ba2e10fc211,introduction_response,no,,26,26
public_02,train,intro_c475e707009864b5aa8888a4,syn_c85c5f4b0c079ca8e30677ea1c7ee178,introduction_response,no,,28,28
public_02,train,intro_f6faff4a718ed48ce93f7cf9,syn_514d26a6c970dbaed9dfb5971b92fd98,introduction_response,no,,26,26
public_02,train,intro_f6faff4a718ed48ce93f7cf9,syn_f7b44afc75607f2f2733766a3e903373,introduction_response,yes,,29,29
public_02,train,intro_4e2c497f3fe99a855a791a1a,syn_a2f02a2600f647a9e2042b830b841fad,introduction_response,,no_response,,30
public_02,train,intro_4e2c497f3fe99a855a791a1a,syn_e77fb3ea136541875ef0d0ed5153426c,introduction_response,no,,30,30
public_02,train,intro_0f4e145b9f9ead1192952bbe,syn_8b9b5342414de47f8d837246597bdc40,introduction_response,no,,30,30
public_02,train,intro_8e824839e9b320f1b01db348,syn_4ab039bc016a7f9170528808204c430f,introduction_response,yes,,30,30
public_02,train,intro_8e824839e9b320f1b01db348,syn_9330dd62ae5cb5c88131d62847ed361f,introduction_response,no,,30,30
public_02,train,intro_67bd946fca5b812069ddfd2c,syn_df55510630c387a8332959160eec8e4b,introduction_response,no,,30,30
public_02,train,intro_ee65681ad41797b1c63a2068,syn_c317705f90a517571b63aec42fee59d2,introduction_response,yes,,29,29
public_03,train,intro_d133388593b62c90804bec30,syn_1386702035718f2adc1df53d409beb16,introduction_response,no,,1,1
public_03,train,intro_d133388593b62c90804bec30,syn_a705c593e6e69e8c4a02d9d99ba7d9f7,introduction_response,no,,7,7
public_03,train,intro_478d595839d641da56001573,syn_142667e30eb084da04350e5d347e3b28,introduction_response,,no_response,,7
public_03,train,intro_478d595839d641da56001573,syn_15094d95bee0f3794505e615ef38f757,introduction_response,,no_response,,7
public_03,train,intro_d612dcc180adafb2a434514f,syn_185239edefd298df77c057d55930fe3f,introduction_response,no,,6,6
public_03,train,intro_d612dcc180adafb2a434514f,syn_f0b3737a63de7597108e36583367bbb7,introduction_response,no,,5,5
public_03,train,intro_a8d630388034767fc0f67c84,syn_28b646d4755faddc39a51bd9fdcb41b5,introduction_response,yes,,1,1
public_03,train,intro_a8d630388034767fc0f67c84,syn_7e8db0ab9c3b81d99491dd62617fabfd,introduction_response,yes,,5,5
public_03,train,intro_a8d630388034767fc0f67c84,,date_happened,True,,6,6
public_03,train,intro_a8d630388034767fc0f67c84,syn_28b646d4755faddc39a51bd9fdcb41b5,second_meeting_intention,yes,,10,10
public_03,train,intro_a8d630388034767fc0f67c84,syn_7e8db0ab9c3b81d99491dd62617fabfd,second_meeting_intention,,no_response,,11
public_03,train,intro_23b59a713db2602d75f7c839,syn_3d8576cd1d963097c3fe9bc506a7f764,introduction_response,,no_response,,7
public_03,train,intro_23b59a713db2602d75f7c839,syn_627291d2d2016660f5252586e2e4de14,introduction_response,,no_response,,7
public_03,train,intro_234531587d04cb4af922d406,syn_407f3f4c2592820b9dae3d1a95298f39,introduction_response,yes,,2,2
public_03,train,intro_234531587d04cb4af922d406,syn_8f39a65287b445d3ccf69246a7619568,introduction_response,no,,5,5
public_03,train,intro_501f3880d51349e472633090,syn_42b084e5fa9fc14679c0e6de303893f2,introduction_response,yes,,6,6
public_03,train,intro_501f3880d51349e472633090,syn_ce508c8cf69e43f35685c787060b3f7e,introduction_response,yes,,2,2
public_03,train,intro_501f3880d51349e472633090,,date_happened,True,,9,9
public_03,train,intro_501f3880d51349e472633090,syn_42b084e5fa9fc14679c0e6de303893f2,second_meeting_intention,yes,,14,14
public_03,train,intro_501f3880d51349e472633090,syn_ce508c8cf69e43f35685c787060b3f7e,second_meeting_intention,yes,,12,12
public_03,train,intro_501f3880d51349e472633090,,pause_after_mutual_interest,True,,14,14
public_03,train,intro_0cc0c1a718ff4cfbb29d2075,syn_5e808b316d8d05c1f7916cd1a27849ea,introduction_response,,no_response,,7
public_03,train,intro_0cc0c1a718ff4cfbb29d2075,syn_b7f3ce4fbc9704d8bcfee59cfe0b92c8,introduction_response,yes,,7,7
public_03,train,intro_aa25ef609f89bd0ec1d613ef,syn_741f26efda3029eb4635b6c48a55409b,introduction_response,yes,,6,6
public_03,train,intro_aa25ef609f89bd0ec1d613ef,syn_f5b6b86443fb5d40247f340e60afbac3,introduction_response,yes,,1,1
public_03,train,intro_aa25ef609f89bd0ec1d613ef,,date_happened,True,,15,15
public_03,train,intro_aa25ef609f89bd0ec1d613ef,syn_741f26efda3029eb4635b6c48a55409b,second_meeting_intention,no,,17,17
public_03,train,intro_aa25ef609f89bd0ec1d613ef,syn_f5b6b86443fb5d40247f340e60afbac3,second_meeting_intention,no,,18,18
public_03,train,intro_702cccd59a08e24b47dabd77,syn_bdbe75f3389eeea2facac1daf3b8f54f,introduction_response,,no_response,,7
public_03,train,intro_702cccd59a08e24b47dabd77,syn_e5d18942277d59e159571a60417084dd,introduction_response,yes,,2,2
public_03,train,intro_8d7044a965b9d98d2cf5a0b3,syn_cb05894fe8461694a85bee0a8d796961,introduction_response,yes,,6,6
public_03,train,intro_8d7044a965b9d98d2cf5a0b3,syn_e716080fca8c7e4108e2bfd2673c623f,introduction_response,yes,,2,2
public_03,train,intro_8d7044a965b9d98d2cf5a0b3,,date_happened,False,,12,12
public_03,train,intro_67a8b622a40a340813935957,syn_e6d67192c35395af70347c1dc1630fc7,introduction_response,no,,9,9
public_03,train,intro_67a8b622a40a340813935957,syn_e76bd7cf5e613585e449a6c13e24eb84,introduction_response,,no_response,,9
public_03,train,intro_578582d7f0eb408df94fd78a,syn_31667db2fdb3a644ceaa3debec01d16a,introduction_response,,no_response,,10
public_03,train,intro_578582d7f0eb408df94fd78a,syn_d1e9ca7f6e5beff1f3d5148215458a96,introduction_response,yes,,10,10
public_03,train,intro_2de33673dc7afa3b097a2774,syn_86283b14f5fafd238ae7d3a164ccab16,introduction_response,,no_response,,11
public_03,train,intro_2de33673dc7afa3b097a2774,syn_99e8989458acdcc36e405dc78a4f83d9,introduction_response,yes,,9,9
public_03,train,intro_c471a7314344eab7c6edf728,syn_0dcddd397cc41379aed85d08113dccc2,introduction_response,no,,10,10
public_03,train,intro_c471a7314344eab7c6edf728,syn_f8f2a559252b3698a0edb501cd7ae110,introduction_response,yes,,7,7
public_03,train,intro_ebe4f0d55a38758c7a41a3ee,syn_ab856031478d06b490854365aa25908b,introduction_response,yes,,7,7
public_03,train,intro_ebe4f0d55a38758c7a41a3ee,syn_b6fbb8ff4cd880418e162d8d627e308b,introduction_response,no,,8,8
public_03,train,intro_9d20f65d7ab6c968ecf10b02,syn_74c3cf4067a36e0751799c4d031b3b78,introduction_response,no,,12,12
public_03,train,intro_9d20f65d7ab6c968ecf10b02,syn_eded8c2e3b856be5f61d4a96e97501e6,introduction_response,yes,,12,12
public_03,train,intro_6e93a96c0693c1123b21363f,syn_09aef24c177ecc157fc1d4e3d3740f55,introduction_response,yes,,13,13
public_03,train,intro_6e93a96c0693c1123b21363f,syn_e9151c2187b3905df9c912f16d8c0624,introduction_response,yes,,12,12
public_03,train,intro_6e93a96c0693c1123b21363f,,date_happened,True,,15,15
public_03,train,intro_6e93a96c0693c1123b21363f,syn_09aef24c177ecc157fc1d4e3d3740f55,second_meeting_intention,,no_response,,20
public_03,train,intro_6e93a96c0693c1123b21363f,syn_e9151c2187b3905df9c912f16d8c0624,second_meeting_intention,yes,,19,19
public_03,train,intro_73861b70fe6079a47d637daf,syn_1386702035718f2adc1df53d409beb16,introduction_response,no,,9,9
public_03,train,intro_73861b70fe6079a47d637daf,syn_fd6cf87ce4b851c5e41c04c149e54ed0,introduction_response,no,,14,14
public_03,train,intro_44fcc2ad6bac31c0e7239ba8,syn_19ffe86a38a726abfc6bee1422d2f5d6,introduction_response,yes,,9,9
public_03,train,intro_44fcc2ad6bac31c0e7239ba8,syn_7b785ad8eb8c6e85f30cfd47cd6adaf1,introduction_response,yes,,10,10
public_03,train,intro_44fcc2ad6bac31c0e7239ba8,,date_happened,True,,23,23
public_03,train,intro_44fcc2ad6bac31c0e7239ba8,syn_19ffe86a38a726abfc6bee1422d2f5d6,second_meeting_intention,yes,,25,25
public_03,train,intro_44fcc2ad6bac31c0e7239ba8,syn_7b785ad8eb8c6e85f30cfd47cd6adaf1,second_meeting_intention,yes,,26,26
public_03,train,intro_44fcc2ad6bac31c0e7239ba8,,pause_after_mutual_interest,True,,26,26
public_03,train,intro_9bfead8006fb84a50c9631df,syn_3d8576cd1d963097c3fe9bc506a7f764,introduction_response,yes,,13,13
public_03,train,intro_9bfead8006fb84a50c9631df,syn_3fd966eba61dc3463d3f6fcab27f1842,introduction_response,no,,15,15
public_03,train,intro_70e85d5eba101a8ea5ee7eca,syn_627291d2d2016660f5252586e2e4de14,introduction_response,,no_response,,15
public_03,train,intro_70e85d5eba101a8ea5ee7eca,syn_98c61d9099311b007ad24c187f3df689,introduction_response,no,,15,15
public_03,train,intro_e957efc9fcc37c423e8837a4,syn_7152ee7f2ce7db4b951d0a90817d6087,introduction_response,,no_response,,15
public_03,train,intro_e957efc9fcc37c423e8837a4,syn_e88e595ca7d3d829c88b8dfd1f418740,introduction_response,no,,13,13
public_03,train,intro_ccb5c2f5a8d63b11c9775047,syn_8f39a65287b445d3ccf69246a7619568,introduction_response,no,,13,13
public_03,train,intro_ccb5c2f5a8d63b11c9775047,syn_e4817a691db5cd5fed599dbc64460e0f,introduction_response,,no_response,,15
public_03,train,intro_247e57560db5ddc1ac5b103d,syn_a95813bf865c1a3f3b025533d8954ddc,introduction_response,no,,15,15
public_03,train,intro_247e57560db5ddc1ac5b103d,syn_b7f3ce4fbc9704d8bcfee59cfe0b92c8,introduction_response,no,,9,9
public_03,train,intro_388a6d70f76f23ed8c2556a0,syn_d3fa2f57e04f74262945a45190d6209a,introduction_response,no,,13,13
public_03,train,intro_388a6d70f76f23ed8c2556a0,syn_f0b3737a63de7597108e36583367bbb7,introduction_response,no,,11,11
public_03,train,intro_ee4a06e206e86f8d7d4034cd,syn_27acdff62392ec6c2f7235dc7280b1de,introduction_response,yes,,12,12
public_03,train,intro_ee4a06e206e86f8d7d4034cd,syn_ca8ec182051432927289a3155c8c0876,introduction_response,no,,12,12
public_03,train,intro_693c5afd2e17c88ceb989394,syn_6c6dd8ba55bed36a3133c316f1955dea,introduction_response,no,,12,12
public_03,train,intro_693c5afd2e17c88ceb989394,syn_e76bd7cf5e613585e449a6c13e24eb84,introduction_response,no,,11,11
public_03,train,intro_ef1194c68f6732ef4a217b33,syn_10f821e0220f9802ab3ba7d7eb630f61,introduction_response,no,,13,13
public_03,train,intro_ef1194c68f6732ef4a217b33,syn_185239edefd298df77c057d55930fe3f,introduction_response,,no_response,,18
public_03,train,intro_3e336a70e4c5e3b2757fbc3a,syn_142667e30eb084da04350e5d347e3b28,introduction_response,,no_response,,19
public_03,train,intro_3e336a70e4c5e3b2757fbc3a,syn_99e8989458acdcc36e405dc78a4f83d9,introduction_response,yes,,13,13
public_03,train,intro_7c85b47183edbe5606e19c11,syn_15094d95bee0f3794505e615ef38f757,introduction_response,,no_response,,20
public_03,train,intro_7c85b47183edbe5606e19c11,syn_f8f2a559252b3698a0edb501cd7ae110,introduction_response,,no_response,,20
public_03,train,intro_9786b1ebfcd7626d24e4ceef,syn_407f3f4c2592820b9dae3d1a95298f39,introduction_response,yes,,15,15
public_03,train,intro_9786b1ebfcd7626d24e4ceef,syn_56c14f157d1f6d183dfe7a0ed5f62c18,introduction_response,no,,15,15
public_03,train,intro_4e2d8b33d09d3705334fe30c,syn_ab856031478d06b490854365aa25908b,introduction_response,no,,19,19
public_03,train,intro_4e2d8b33d09d3705334fe30c,syn_daaf3d37d8981bbac7062269b5baad10,introduction_response,no,,16,16
public_03,train,intro_017332e72390a7ceb8e7a7f5,syn_e6d67192c35395af70347c1dc1630fc7,introduction_response,no,,17,17
public_03,train,intro_017332e72390a7ceb8e7a7f5,syn_eded8c2e3b856be5f61d4a96e97501e6,introduction_response,no,,22,22
public_03,train,intro_82c5fd3b368ef6e1a095d415,syn_3d8576cd1d963097c3fe9bc506a7f764,introduction_response,yes,,19,19
public_03,train,intro_82c5fd3b368ef6e1a095d415,syn_50a5aff380654b298ad52aa8340b21ae,introduction_response,yes,,17,17
public_03,train,intro_82c5fd3b368ef6e1a095d415,,date_happened,True,,24,24
public_03,train,intro_82c5fd3b368ef6e1a095d415,syn_3d8576cd1d963097c3fe9bc506a7f764,second_meeting_intention,no,,25,25
public_03,train,intro_82c5fd3b368ef6e1a095d415,syn_50a5aff380654b298ad52aa8340b21ae,second_meeting_intention,,no_response,,29
public_03,train,intro_5e69d00815234c9fea393ea4,syn_3fd966eba61dc3463d3f6fcab27f1842,introduction_response,no,,18,18
public_03,train,intro_5e69d00815234c9fea393ea4,syn_7890ec61d2453731c2bed8b2c3789683,introduction_response,,no_response,,23
public_03,train,intro_75b1c3ee534bff2890709228,syn_627291d2d2016660f5252586e2e4de14,introduction_response,yes,,22,22
public_03,train,intro_75b1c3ee534bff2890709228,syn_f0b3737a63de7597108e36583367bbb7,introduction_response,yes,,18,18
public_03,train,intro_e775375d776d6a880f217f98,syn_7152ee7f2ce7db4b951d0a90817d6087,introduction_response,no,,18,18
public_03,train,intro_e775375d776d6a880f217f98,syn_97301bd229d9800eb8563ec33bc292c0,introduction_response,yes,,21,21
public_03,train,intro_c0c0e3ad69a69219e99df609,syn_86283b14f5fafd238ae7d3a164ccab16,introduction_response,,no_response,,23
public_03,train,intro_c0c0e3ad69a69219e99df609,syn_b7f3ce4fbc9704d8bcfee59cfe0b92c8,introduction_response,no,,19,19
public_03,train,intro_461347ccd4135b7f9999b37d,syn_8f39a65287b445d3ccf69246a7619568,introduction_response,no,,22,22
public_03,train,intro_461347ccd4135b7f9999b37d,syn_c660a0f85f5d3d333ed60c3392f7d636,introduction_response,no,,20,20
public_03,train,intro_27c2115adce71d3fca58f1ee,syn_bb91bac36dd3672742736360616c151d,introduction_response,yes,,22,22
public_03,train,intro_27c2115adce71d3fca58f1ee,syn_e5d18942277d59e159571a60417084dd,introduction_response,yes,,22,22
public_03,train,intro_7e4c411908d01e894b67441c,syn_026ffe3c500b39c39ec7c2eed36e36e3,introduction_response,yes,,25,25
public_03,train,intro_7e4c411908d01e894b67441c,syn_7544cf0fc4755e291401840e2f8816a4,introduction_response,no,,25,25
public_03,train,intro_a1abb314d3680f7bf82a56e0,syn_27acdff62392ec6c2f7235dc7280b1de,introduction_response,,no_response,,25
public_03,train,intro_a1abb314d3680f7bf82a56e0,syn_f0ac5b307a3422f700d73938aa017c30,introduction_response,yes,,21,21
public_03,train,intro_abd530d98b6604894d1e6864,syn_55412a44789880504f25ddaf9b09ae5d,introduction_response,,no_response,,27
public_03,train,intro_abd530d98b6604894d1e6864,syn_99e8989458acdcc36e405dc78a4f83d9,introduction_response,no,,25,25
public_03,train,intro_9a9fd284188e45aeafd2da53,syn_09aef24c177ecc157fc1d4e3d3740f55,introduction_response,yes,,25,25
public_03,train,intro_9a9fd284188e45aeafd2da53,syn_185239edefd298df77c057d55930fe3f,introduction_response,no,,25,25
public_03,train,intro_ad03d09d62e3899f6704decb,syn_142667e30eb084da04350e5d347e3b28,introduction_response,,no_response,,28
public_03,train,intro_ad03d09d62e3899f6704decb,syn_f8f2a559252b3698a0edb501cd7ae110,introduction_response,no,,24,24
public_03,train,intro_9b0d82a06299fc8250b9f6d8,syn_15094d95bee0f3794505e615ef38f757,introduction_response,yes,,22,22
public_03,train,intro_9b0d82a06299fc8250b9f6d8,syn_3f469b782bd7f0895490b4ef79828abd,introduction_response,,no_response,,28
public_03,train,intro_0b0d682121140b46fa9386c0,syn_2794bcdcd701de82acd3e3ffcf71b3e8,introduction_response,no,,28,28
public_03,train,intro_0b0d682121140b46fa9386c0,syn_407f3f4c2592820b9dae3d1a95298f39,introduction_response,yes,,27,27
public_03,train,intro_a57355f62af4d35644c5ddd8,syn_56c14f157d1f6d183dfe7a0ed5f62c18,introduction_response,yes,,23,23
public_03,train,intro_a57355f62af4d35644c5ddd8,syn_e4817a691db5cd5fed599dbc64460e0f,introduction_response,yes,,27,27
public_03,train,intro_b509ed162f8aeffd4c03b873,syn_b6fbb8ff4cd880418e162d8d627e308b,introduction_response,no,,28,28
public_03,train,intro_b509ed162f8aeffd4c03b873,syn_e9151c2187b3905df9c912f16d8c0624,introduction_response,no,,24,24
public_03,train,intro_a1d5345979d8c3b5a4adfff7,syn_8f39a65287b445d3ccf69246a7619568,introduction_response,yes,,25,25
public_03,train,intro_6e5ee27329b17c9782eb327b,syn_97301bd229d9800eb8563ec33bc292c0,introduction_response,no,,29,29
public_03,train,intro_e71160fb02e309b898640554,syn_ca8ec182051432927289a3155c8c0876,introduction_response,yes,,28,28
public_03,train,intro_c1f48770029658ecd4953db8,syn_daaf3d37d8981bbac7062269b5baad10,introduction_response,yes,,30,30
public_04,train,intro_01e97d06ee5fb864a006cf23,syn_1890fa287cb47cb3c40bfc072dea2831,introduction_response,no,,3,3
public_04,train,intro_01e97d06ee5fb864a006cf23,syn_e453a9753947b8de3c0e1a316bed97e0,introduction_response,yes,,6,6
public_04,train,intro_d73056f0148e777fb29288e0,syn_1f125e068adfe453e6d646b417a74160,introduction_response,,no_response,,7
public_04,train,intro_d73056f0148e777fb29288e0,syn_eb8696fb693b13718b8d552d3dee6513,introduction_response,,no_response,,7
public_04,train,intro_c67794d69ee1cc752006e962,syn_26e7743051a10c35ca448232f7764c4a,introduction_response,yes,,6,6
public_04,train,intro_c67794d69ee1cc752006e962,syn_7d448552e3c6ed9ebe17c4fdc0aeb319,introduction_response,no,,7,7
public_04,train,intro_76e0aebfc269443af4dd9d2a,syn_397e6f808de609ed6233f67bfbbf5073,introduction_response,,no_response,,7
public_04,train,intro_76e0aebfc269443af4dd9d2a,syn_b49c4d80007ff81c1cbb9e2e1dc82bf9,introduction_response,yes,,2,2
public_04,train,intro_aa751929491b22943fc5974f,syn_685afb58756b09bce56c0f7d31be8487,introduction_response,no,,3,3
public_04,train,intro_aa751929491b22943fc5974f,syn_849e022f628b4bab94ec91859a2eb260,introduction_response,no,,1,1
public_04,train,intro_3d4b060cb8946966eec72fae,syn_74c35467d7d42e945b810aed798b15fd,introduction_response,no,,4,4
public_04,train,intro_3d4b060cb8946966eec72fae,syn_bd73b3c0ed911bba8f82e95365300148,introduction_response,yes,,6,6
public_04,train,intro_6f58881b98c975b1c5b088c4,syn_2ca17e374c5c610d6ebd340ad8aacd7f,introduction_response,no,,6,6
public_04,train,intro_6f58881b98c975b1c5b088c4,syn_89ffea423f1a280a457958942f6b8ab8,introduction_response,no,,2,2
public_04,train,intro_e30edf21c7bb391a816921af,syn_55077ea8f13df41e285207fc665ea6af,introduction_response,yes,,4,4
public_04,train,intro_e30edf21c7bb391a816921af,syn_7f89b5b821b4f241a9863e858b87982d,introduction_response,yes,,7,7
public_04,train,intro_e30edf21c7bb391a816921af,,date_happened,False,,15,15
public_04,train,intro_7925bd34b01992b68e808dba,syn_6ece6990d6dc3284551a3c815b7b790c,introduction_response,yes,,4,4
public_04,train,intro_7925bd34b01992b68e808dba,syn_9fa059cb5e8a6e1ef14992cca7932e8d,introduction_response,yes,,4,4
public_04,train,intro_7925bd34b01992b68e808dba,,date_happened,True,,7,7
public_04,train,intro_7925bd34b01992b68e808dba,syn_6ece6990d6dc3284551a3c815b7b790c,second_meeting_intention,,no_response,,12
public_04,train,intro_7925bd34b01992b68e808dba,syn_9fa059cb5e8a6e1ef14992cca7932e8d,second_meeting_intention,,no_response,,12
public_04,train,intro_74b2880974ef9bad442a857a,syn_a4279277750c71af05633514f4cfd51b,introduction_response,yes,,8,8
public_04,train,intro_74b2880974ef9bad442a857a,syn_fc4aafa8e1d8f4e7236cd571da9c7b5d,introduction_response,,no_response,,10
public_04,train,intro_49f4be1248658c4cc35daa24,syn_073555cc4699627ce699abc314b5b131,introduction_response,,no_response,,11
public_04,train,intro_49f4be1248658c4cc35daa24,syn_18e71c29fea4faa2e9521f85243b9f95,introduction_response,no,,6,6
public_04,train,intro_40f7120ced8501bb307cd34c,syn_215e3b0145dd93a06ffef8ea4c228704,introduction_response,,no_response,,12
public_04,train,intro_40f7120ced8501bb307cd34c,syn_e7a68b664447aa1b9a47d321c285d374,introduction_response,no,,6,6
public_04,train,intro_86b0b870f36be9e1cb3e0bd7,syn_3d9c8af991bc51ab54c7c0880f2bec7d,introduction_response,no,,8,8
public_04,train,intro_86b0b870f36be9e1cb3e0bd7,syn_d1b5f8ee73715bd439ffdd81ad2039c1,introduction_response,no,,12,12
public_04,train,intro_1526bc3bb7542451f2a63c98,syn_d744f1c529f904c1246ab63e0e41b857,introduction_response,no,,11,11
public_04,train,intro_1526bc3bb7542451f2a63c98,syn_fbe1b83833b2641f4b119c9986cd4b5b,introduction_response,no,,9,9
public_04,train,intro_7baedd681b063c0c3c76f433,syn_26e7743051a10c35ca448232f7764c4a,introduction_response,no,,15,15
public_04,train,intro_7baedd681b063c0c3c76f433,syn_2cc1b7faf23b94d37ea32fc268130f4d,introduction_response,no,,9,9
public_04,train,intro_87978a289f11c299fb1cf9fe,syn_397e6f808de609ed6233f67bfbbf5073,introduction_response,no,,14,14
public_04,train,intro_87978a289f11c299fb1cf9fe,syn_83577c49b97c67fc62385886ccbc3d84,introduction_response,yes,,10,10
public_04,train,intro_54527a044007491c8a41f93b,syn_7d448552e3c6ed9ebe17c4fdc0aeb319,introduction_response,yes,,10,10
public_04,train,intro_54527a044007491c8a41f93b,syn_b49c4d80007ff81c1cbb9e2e1dc82bf9,introduction_response,yes,,12,12
public_04,train,intro_54527a044007491c8a41f93b,,date_happened,True,,16,16
public_04,train,intro_54527a044007491c8a41f93b,syn_7d448552e3c6ed9ebe17c4fdc0aeb319,second_meeting_intention,,no_response,,21
public_04,train,intro_54527a044007491c8a41f93b,syn_b49c4d80007ff81c1cbb9e2e1dc82bf9,second_meeting_intention,no,,21,21
public_04,train,intro_71392f86e2a127e556c51ecd,syn_849e022f628b4bab94ec91859a2eb260,introduction_response,yes,,14,14
public_04,train,intro_71392f86e2a127e556c51ecd,syn_c5eaf70283619d3e612460ed0559915a,introduction_response,no,,10,10
public_04,train,intro_542855532ee8b94e47d241ab,syn_2ca17e374c5c610d6ebd340ad8aacd7f,introduction_response,no,,16,16
public_04,train,intro_542855532ee8b94e47d241ab,syn_97451abfdecc902a5de05bc02876603f,introduction_response,yes,,16,16
public_04,train,intro_fc90029d6bf22d96e9e5f3ce,syn_0de2036f2832ef6e77c6772ec1537bb9,introduction_response,no,,18,18
public_04,train,intro_fc90029d6bf22d96e9e5f3ce,syn_a4279277750c71af05633514f4cfd51b,introduction_response,,no_response,,18
public_04,train,intro_b1f1a15212dc79f7afdc4140,syn_24e084798f238a279f16794b68afbddf,introduction_response,yes,,18,18
public_04,train,intro_b1f1a15212dc79f7afdc4140,syn_731849480b4c01c377ca6e6902519aba,introduction_response,,no_response,,18
public_04,train,intro_a3a6c5f13f2537594367ece2,syn_1890fa287cb47cb3c40bfc072dea2831,introduction_response,no,,16,16
public_04,train,intro_a3a6c5f13f2537594367ece2,syn_b7e8304a5ec73d58a2bceee63ad36fa9,introduction_response,yes,,19,19
public_04,train,intro_23f0a9744127be4becad463d,syn_18e71c29fea4faa2e9521f85243b9f95,introduction_response,yes,,15,15
public_04,train,intro_23f0a9744127be4becad463d,syn_507d19d91c5d6c09cdd0d1fef4b95f62,introduction_response,no,,18,18
public_04,train,intro_aba67610fcd941718a38f477,syn_114cfdbc3bf09d6b2f5a94c7afec0e45,introduction_response,yes,,18,18
public_04,train,intro_aba67610fcd941718a38f477,syn_a7fc11fd0ef3e4f98b7abe8f05ba6707,introduction_response,no,,18,18
public_04,train,intro_59e2e763f4be329195775c97,syn_38dbdc9717d6e36a819261a8eae3e39a,introduction_response,no,,17,17
public_04,train,intro_59e2e763f4be329195775c97,syn_e7a68b664447aa1b9a47d321c285d374,introduction_response,yes,,20,20
public_04,train,intro_d7d19c91d165d421f313fef3,syn_4f14c897aa979fb06e0af2950b90a9ac,introduction_response,no,,16,16
public_04,train,intro_d7d19c91d165d421f313fef3,syn_8934e986f20fa72046c53b387930debc,introduction_response,,no_response,,20
public_04,train,intro_e79e7d78e9cb3ad325150b0b,syn_6ece6990d6dc3284551a3c815b7b790c,introduction_response,no,,14,14
public_04,train,intro_e79e7d78e9cb3ad325150b0b,syn_fc5ac0142c9d3d0ee6ec9e0c8dcfa904,introduction_response,yes,,15,15
public_04,train,intro_7dbe9fdbe403edafa4a16f6d,syn_1f125e068adfe453e6d646b417a74160,introduction_response,no,,15,15
public_04,train,intro_7dbe9fdbe403edafa4a16f6d,syn_6c213fc24a6197f288499b5245666c3a,introduction_response,yes,,15,15
public_04,train,intro_79d682eb238c48a7dbd8d851,syn_36db1f5d2e83246f218ddc986f80693c,introduction_response,yes,,15,15
public_04,train,intro_79d682eb238c48a7dbd8d851,syn_c83ea6d69287771a7423f5440eb8cb8c,introduction_response,no,,21,21
public_04,train,intro_a6d5fcb19cef8ce927f8d14c,syn_1b6880c76aa4fac265ac5fd1a789e195,introduction_response,no,,20,20
public_04,train,intro_a6d5fcb19cef8ce927f8d14c,syn_ec05382d80bba6e4273caefd8c1c6f6d,introduction_response,yes,,22,22
public_04,train,intro_6c4667383f4ae1afbfff01cc,syn_5fde49d24837cd3528d28b491b0dfee0,introduction_response,no,,21,21
public_04,train,intro_6c4667383f4ae1afbfff01cc,syn_bd73b3c0ed911bba8f82e95365300148,introduction_response,yes,,21,21
public_04,train,intro_1238329060d4d85cc06b992f,syn_938b2288b51fb2c969f0471cd76902b4,introduction_response,,no_response,,22
public_04,train,intro_1238329060d4d85cc06b992f,syn_d55e7be8bc8def7a7ba01987a41edd23,introduction_response,yes,,20,20
public_04,train,intro_8f7eff392447b9a29ec6052d,syn_d1b5f8ee73715bd439ffdd81ad2039c1,introduction_response,no,,17,17
public_04,train,intro_8f7eff392447b9a29ec6052d,syn_eb8696fb693b13718b8d552d3dee6513,introduction_response,yes,,20,20
public_04,train,intro_b0e9a55e0d754fb4ecfdfb4e,syn_1adcbb975557fc57fffb9471a6ee47b1,introduction_response,no,,20,20
public_04,train,intro_b0e9a55e0d754fb4ecfdfb4e,syn_74c35467d7d42e945b810aed798b15fd,introduction_response,,no_response,,23
public_04,train,intro_c37dd79cbb5476fc4b9d97f5,syn_2c9bc92b3661a67a689cdd9292b72dd8,introduction_response,,no_response,,23
public_04,train,intro_c37dd79cbb5476fc4b9d97f5,syn_638e3707b3fd032bbac98862c7b487d7,introduction_response,no,,23,23
public_04,train,intro_5ce29962582eeb30addd11d4,syn_2ca17e374c5c610d6ebd340ad8aacd7f,introduction_response,yes,,22,22
public_04,train,intro_5ce29962582eeb30addd11d4,syn_bb1b8ff042e188373e72d8ebe921af5c,introduction_response,yes,,19,19
public_04,train,intro_c9b5f18bf190c3c3466a6427,syn_321a39fae8f0dba4e3edbab774b58d93,introduction_response,no,,23,23
public_04,train,intro_c9b5f18bf190c3c3466a6427,syn_7ba96d0f0cba9592b4b83299379b202c,introduction_response,no,,22,22
public_04,train,intro_c9d172c1a763a5eee047b8d0,syn_03eaad8b6bf2574c57e40c280d593f64,introduction_response,no,,22,22
public_04,train,intro_c9d172c1a763a5eee047b8d0,syn_0d4aeb780385fa80ff0427c0fdd07221,introduction_response,no,,21,21
public_04,train,intro_7614d1c709db58dfea306ba5,syn_24e084798f238a279f16794b68afbddf,introduction_response,,no_response,,26
public_04,train,intro_7614d1c709db58dfea306ba5,syn_397e6f808de609ed6233f67bfbbf5073,introduction_response,no,,22,22
public_04,train,intro_dd49606066b65410a208e79e,syn_26e7743051a10c35ca448232f7764c4a,introduction_response,no,,26,26
public_04,train,intro_dd49606066b65410a208e79e,syn_a4279277750c71af05633514f4cfd51b,introduction_response,yes,,26,26
public_04,train,intro_e9ed0db9f68feadd145c73cf,syn_0d7df4f4bfbfc139b102f0fa6c28d929,introduction_response,,no_response,,27
public_04,train,intro_e9ed0db9f68feadd145c73cf,syn_1890fa287cb47cb3c40bfc072dea2831,introduction_response,no,,21,21
public_04,train,intro_3248238f2d94005de7035b85,syn_18e71c29fea4faa2e9521f85243b9f95,introduction_response,no,,26,26
public_04,train,intro_3248238f2d94005de7035b85,syn_524308ae64342137a0712e7da1ca7533,introduction_response,no,,25,25
public_04,train,intro_e70cbcf4bc3954f12444d227,syn_730febe55e4f2d8c3c2e7d2eb7f1c334,introduction_response,no,,22,22
public_04,train,intro_e70cbcf4bc3954f12444d227,syn_b7e8304a5ec73d58a2bceee63ad36fa9,introduction_response,no,,26,26
public_04,train,intro_d4c1fe2ffb4bf6d97393a5ba,syn_10d7008e077ff1a1dcb0109f8e94820d,introduction_response,no,,26,26
public_04,train,intro_d4c1fe2ffb4bf6d97393a5ba,syn_e7a68b664447aa1b9a47d321c285d374,introduction_response,no,,28,28
public_04,train,intro_4bd0d2c1329880a4bedb9b87,syn_1bcfca3217b37178274c5f4eb4a84d0c,introduction_response,,no_response,,28
public_04,train,intro_4bd0d2c1329880a4bedb9b87,syn_7f89b5b821b4f241a9863e858b87982d,introduction_response,no,,25,25
public_04,train,intro_77e220e3a4992bc2768d86a6,syn_38dbdc9717d6e36a819261a8eae3e39a,introduction_response,,no_response,,28
public_04,train,intro_77e220e3a4992bc2768d86a6,syn_bff6e65ce330f895a52d97b4e1ce0127,introduction_response,yes,,25,25
public_04,train,intro_42b5c7574bb6dd27410a4f30,syn_4f14c897aa979fb06e0af2950b90a9ac,introduction_response,,no_response,,28
public_04,train,intro_42b5c7574bb6dd27410a4f30,syn_7d1a0a5b692c6e203d9d44d074ee1415,introduction_response,yes,,26,26
public_04,train,intro_e139f61b8290c0830837d1f0,syn_8934e986f20fa72046c53b387930debc,introduction_response,yes,,27,27
public_04,train,intro_e139f61b8290c0830837d1f0,syn_fbe1b83833b2641f4b119c9986cd4b5b,introduction_response,,no_response,,28
public_04,train,intro_33e3fd97ca7a80eda31973e9,syn_8e775b78f392e0dd2b977c464d293069,introduction_response,yes,,25,25
public_04,train,intro_33e3fd97ca7a80eda31973e9,syn_a7fc11fd0ef3e4f98b7abe8f05ba6707,introduction_response,yes,,22,22
public_04,train,intro_33e3fd97ca7a80eda31973e9,,date_happened,False,,27,27
public_04,train,intro_47eb0acfde4baaf9c832b219,syn_1f125e068adfe453e6d646b417a74160,introduction_response,no,,23,23
public_04,train,intro_47eb0acfde4baaf9c832b219,syn_55077ea8f13df41e285207fc665ea6af,introduction_response,no,,25,25
public_04,train,intro_a09d56b3504798d87d40f0f1,syn_7d448552e3c6ed9ebe17c4fdc0aeb319,introduction_response,,no_response,,29
public_04,train,intro_a09d56b3504798d87d40f0f1,syn_93ef35bd033e0f6f8d9a1712f26b9d09,introduction_response,,no_response,,29
public_04,train,intro_4555b8fc549e4447e421678b,syn_3d9c8af991bc51ab54c7c0880f2bec7d,introduction_response,yes,,28,28
public_04,train,intro_4555b8fc549e4447e421678b,syn_ec05382d80bba6e4273caefd8c1c6f6d,introduction_response,no,,26,26
public_04,train,intro_31c128b3d9f23e08a72b585b,syn_5fde49d24837cd3528d28b491b0dfee0,introduction_response,no,,26,26
public_04,train,intro_31c128b3d9f23e08a72b585b,syn_c03868d63853ea1bff35bc0992f6de98,introduction_response,no,,24,24
public_04,train,intro_3a5a3bae3db6fb09957a94f1,syn_6c213fc24a6197f288499b5245666c3a,introduction_response,yes,,29,29
public_04,train,intro_3a5a3bae3db6fb09957a94f1,syn_d1b5f8ee73715bd439ffdd81ad2039c1,introduction_response,yes,,30,30
public_04,train,intro_cdd645f714f3e914fbd8fc6e,syn_24e084798f238a279f16794b68afbddf,introduction_response,no,,29,29
public_04,train,intro_83ccc6ba0501b66ff5b1d710,syn_74c35467d7d42e945b810aed798b15fd,introduction_response,no,,30,30
public_04,train,intro_195f4710803cd520969d0c37,syn_a3c439ac1b7fa162936aba04989c8567,introduction_response,no,,29,29
public_05,train,intro_0d6e64c574ddb6db18205fd8,syn_0cc07e96f676a5d559cbc5e653e33702,introduction_response,no,,6,6
public_05,train,intro_0d6e64c574ddb6db18205fd8,syn_b30ea3f02d38b8923b5460bfef0e7833,introduction_response,yes,,7,7
public_05,train,intro_a1caedb789ff728e0363f4fe,syn_12cb9eb179cd7526b1a1c5665fbc3d49,introduction_response,yes,,3,3
public_05,train,intro_a1caedb789ff728e0363f4fe,syn_5c803391b28b1117467777a0829a576d,introduction_response,yes,,6,6
public_05,train,intro_a1caedb789ff728e0363f4fe,,date_happened,True,,7,7
public_05,train,intro_a1caedb789ff728e0363f4fe,syn_12cb9eb179cd7526b1a1c5665fbc3d49,second_meeting_intention,yes,,9,9
public_05,train,intro_a1caedb789ff728e0363f4fe,syn_5c803391b28b1117467777a0829a576d,second_meeting_intention,no,,11,11
public_05,train,intro_44f854b751d2ed51751e84a6,syn_18f7e35ae85cc3edebfa8a1d77eaddab,introduction_response,yes,,2,2
public_05,train,intro_44f854b751d2ed51751e84a6,syn_1c596186018460f2fdedf8f2afc0f2d6,introduction_response,yes,,3,3
public_05,train,intro_44f854b751d2ed51751e84a6,,date_happened,True,,11,11
public_05,train,intro_44f854b751d2ed51751e84a6,syn_18f7e35ae85cc3edebfa8a1d77eaddab,second_meeting_intention,,no_response,,16
public_05,train,intro_44f854b751d2ed51751e84a6,syn_1c596186018460f2fdedf8f2afc0f2d6,second_meeting_intention,yes,,14,14
public_05,train,intro_4d8304d88e9871e9ffca9cd1,syn_221878d393f071a58d95cb551a7526b0,introduction_response,,no_response,,7
public_05,train,intro_4d8304d88e9871e9ffca9cd1,syn_e4fef32cad521b8353e4ea2998891934,introduction_response,no,,7,7
public_05,train,intro_509187d8782cdc252dd7077e,syn_23170a23564440a1d4402bade96fbeaa,introduction_response,no,,1,1
public_05,train,intro_509187d8782cdc252dd7077e,syn_7e4f49ce22a2dc79ca61ba0bc89f0f82,introduction_response,,no_response,,7
public_05,train,intro_d99807372e5a0dfc19af83a1,syn_3dffb55ed3520520027fdc4a915ed11f,introduction_response,yes,,4,4
public_05,train,intro_d99807372e5a0dfc19af83a1,syn_6efe7a1f547d3314395b95ea2c5640e8,introduction_response,yes,,6,6
public_05,train,intro_d99807372e5a0dfc19af83a1,,date_happened,False,,11,11
public_05,train,intro_58c9cd9d7006d483f3a23363,syn_4687a28a79af9d8525305f458b2ec26d,introduction_response,yes,,4,4
public_05,train,intro_58c9cd9d7006d483f3a23363,syn_9783d190677a0c555c717c760d1c92c7,introduction_response,yes,,2,2
public_05,train,intro_58c9cd9d7006d483f3a23363,,date_happened,True,,16,16
public_05,train,intro_58c9cd9d7006d483f3a23363,syn_4687a28a79af9d8525305f458b2ec26d,second_meeting_intention,no,,17,17
public_05,train,intro_58c9cd9d7006d483f3a23363,syn_9783d190677a0c555c717c760d1c92c7,second_meeting_intention,yes,,19,19
public_05,train,intro_1673c6f3b05a6db6aa31d1fe,syn_491d2caa03074de80577fcadbbb7619c,introduction_response,no,,5,5
public_05,train,intro_1673c6f3b05a6db6aa31d1fe,syn_d972a517765f7d71a85724b9e4c75331,introduction_response,no,,1,1
public_05,train,intro_e673d3eb51b3c092c4b27801,syn_7744f96c17d970a135531692e7b1a8ce,introduction_response,no,,6,6
public_05,train,intro_e673d3eb51b3c092c4b27801,syn_9b67b3d6b3dda13686dfab9594a9106a,introduction_response,yes,,6,6
public_05,train,intro_b00554616c8c588e27e09daa,syn_d737c28d6653eeba0c3592b0f7d771b6,introduction_response,yes,,7,7
public_05,train,intro_b00554616c8c588e27e09daa,syn_e7313d20148b0ae24b283f75f679a9eb,introduction_response,yes,,7,7
public_05,train,intro_b00554616c8c588e27e09daa,,date_happened,True,,13,13
public_05,train,intro_b00554616c8c588e27e09daa,syn_d737c28d6653eeba0c3592b0f7d771b6,second_meeting_intention,yes,,15,15
public_05,train,intro_b00554616c8c588e27e09daa,syn_e7313d20148b0ae24b283f75f679a9eb,second_meeting_intention,no,,18,18
public_05,train,intro_a1a7fd02c538fed9dfad32c7,syn_daae70040111edbb049035d2a01a3d36,introduction_response,yes,,2,2
public_05,train,intro_a1a7fd02c538fed9dfad32c7,syn_e00e10705d734ac68710874d558dc113,introduction_response,no,,5,5
public_05,train,intro_589d69af7223288424bf36c2,syn_f52d998f7b3adeed3355e5e1ddd5221d,introduction_response,no,,3,3
public_05,train,intro_589d69af7223288424bf36c2,syn_f8eb160de9f82987145dcf9bd6c14111,introduction_response,yes,,4,4
public_05,train,intro_96f05968697c96727d23fa39,syn_32431bcfe5fcb7cce07e8b444d497c9c,introduction_response,no,,6,6
public_05,train,intro_96f05968697c96727d23fa39,syn_3788539c7c8062cd932e2b427024d8ea,introduction_response,,no_response,,9
public_05,train,intro_07aa9c01e67a54d60b200864,syn_59ff3e1be8b80799f03c9a0adcc9a8f7,introduction_response,,no_response,,10
public_05,train,intro_07aa9c01e67a54d60b200864,syn_6386031efeb54abdfa96637beb180642,introduction_response,yes,,9,9
public_05,train,intro_be86f9eb83db69dcf010a874,syn_7eee6a7a0275f890ef8c6385bb0ca86e,introduction_response,no,,7,7
public_05,train,intro_be86f9eb83db69dcf010a874,syn_955a8bdca2d80121eeda9df1c5b47f0d,introduction_response,no,,6,6
public_05,train,intro_a8a90d3a49faecbe4fbfe8fa,syn_2455179885e7a5cdd0d701736adad366,introduction_response,,no_response,,13
public_05,train,intro_a8a90d3a49faecbe4fbfe8fa,syn_d28061e75589e2ff0d7526ffe3542260,introduction_response,,no_response,,13
public_05,train,intro_16c7fe8123ee9313f7bccc81,syn_2f057a3c05913d701d608a8b13727219,introduction_response,no,,10,10
public_05,train,intro_16c7fe8123ee9313f7bccc81,syn_d14e8e3bc349a408cacb453a7abffef8,introduction_response,no,,10,10
public_05,train,intro_9fe190090464d3b75706c780,syn_36b3b69ccaea82d40d69f92264d42798,introduction_response,no,,11,11
public_05,train,intro_9fe190090464d3b75706c780,syn_bb7b6073c8216ea13025eadbfeb27f2c,introduction_response,no,,10,10
public_05,train,intro_e4d22adcc6e01bba490ddf19,syn_67b0f6eb14762eb08d8efed7fa00de7a,introduction_response,yes,,10,10
public_05,train,intro_e4d22adcc6e01bba490ddf19,syn_6dfa6319d5843197875fd20f90b4f507,introduction_response,no,,7,7
public_05,train,intro_480e9e5b1ec6785277377a72,syn_157edf54df236ac31689f77dc50f5ff1,introduction_response,no,,14,14
public_05,train,intro_480e9e5b1ec6785277377a72,syn_ccf2ffc5c3c46880ac055917f6db70d1,introduction_response,no,,9,9
public_05,train,intro_2d23d4d4c09fd3e248e43c83,syn_332eee9515e9c92bd04cc01bbf6c5aaf,introduction_response,yes,,8,8
public_05,train,intro_2d23d4d4c09fd3e248e43c83,syn_43670244b5bb911d05e910c4e030edcf,introduction_response,yes,,14,14
public_05,train,intro_2d23d4d4c09fd3e248e43c83,,date_happened,True,,17,17
public_05,train,intro_2d23d4d4c09fd3e248e43c83,syn_332eee9515e9c92bd04cc01bbf6c5aaf,second_meeting_intention,,no_response,,22
public_05,train,intro_2d23d4d4c09fd3e248e43c83,syn_43670244b5bb911d05e910c4e030edcf,second_meeting_intention,yes,,18,18
public_05,train,intro_9fa890a70ea6e06ceb73c495,syn_0766aba8ddd61a47df3dbb63375de874,introduction_response,no,,9,9
public_05,train,intro_9fa890a70ea6e06ceb73c495,syn_ae494b453b2b66f7bbd82e220000b1f3,introduction_response,,no_response,,15
public_05,train,intro_e536afb99ae1edea6018c0d8,syn_20015b9f913e9730ed42ef967dc1d64e,introduction_response,no,,11,11
public_05,train,intro_e536afb99ae1edea6018c0d8,syn_ddffc7d6a417e25916ed2eab0982b3c8,introduction_response,no,,10,10
public_05,train,intro_b7fae998ef18fe35cbc80aae,syn_3ff803cc4309f41eb7e9181d17112507,introduction_response,no,,10,10
public_05,train,intro_b7fae998ef18fe35cbc80aae,syn_9b67b3d6b3dda13686dfab9594a9106a,introduction_response,no,,9,9
public_05,train,intro_27a1ed581954224f1a43685b,syn_4a30986e184de09da4d488e6dc42ec50,introduction_response,,no_response,,15
public_05,train,intro_27a1ed581954224f1a43685b,syn_f52d998f7b3adeed3355e5e1ddd5221d,introduction_response,yes,,12,12
public_05,train,intro_93237c92a000fd50d60e0510,syn_4e4f8a89ffdf53a7a00e056676176947,introduction_response,no,,13,13
public_05,train,intro_93237c92a000fd50d60e0510,syn_4f070b9e8e1937e0c4f475679f709212,introduction_response,no,,11,11
public_05,train,intro_29a63bc3a7ed2cf12f0f4d62,syn_578b39a83f01b0166432cb202fd75c89,introduction_response,no,,13,13
public_05,train,intro_29a63bc3a7ed2cf12f0f4d62,syn_d972a517765f7d71a85724b9e4c75331,introduction_response,no,,15,15
public_05,train,intro_bb2e30c35d93d00033ab3037,syn_4da096510159e7ed67bcea8df1fd9276,introduction_response,no,,16,16
public_05,train,intro_bb2e30c35d93d00033ab3037,syn_a6346867188be48c086974c8aa3d5967,introduction_response,yes,,12,12
public_05,train,intro_b9b70cf099938962580b1f92,syn_0c8744e4024204f6c04a07e714258d47,introduction_response,yes,,17,17
public_05,train,intro_b9b70cf099938962580b1f92,syn_a624629294f6a7e9435457352ce33a91,introduction_response,no,,15,15
public_05,train,intro_4af37562e65ac74b4eab1846,syn_0e10d543d7c883b4d5fe21bb13c7d538,introduction_response,no,,16,16
public_05,train,intro_4af37562e65ac74b4eab1846,syn_5bebeccf17480908bbd31f4c4aac6692,introduction_response,no,,13,13
public_05,train,intro_46a802767ca76481d8fddf32,syn_0cf9e38720b54f715da4f4930ee5b602,introduction_response,no,,15,15
public_05,train,intro_46a802767ca76481d8fddf32,syn_d1ce45f75d93596c81ae980e72fec48f,introduction_response,yes,,14,14
public_05,train,intro_0586b3345b93ece06e674237,syn_6386031efeb54abdfa96637beb180642,introduction_response,,no_response,,18
public_05,train,intro_0586b3345b93ece06e674237,syn_9fb3c613a617b17a29a795544a56781a,introduction_response,no,,15,15
public_05,train,intro_7074f8b8b28e12b354c19693,syn_6c730c5a5781af7f9e2b80ea146f1771,introduction_response,yes,,15,15
public_05,train,intro_7074f8b8b28e12b354c19693,syn_b6369e410635234f5beb89e67f56ad47,introduction_response,no,,12,12
public_05,train,intro_a2e159bffd4380a1d50fd5a9,syn_7eee6a7a0275f890ef8c6385bb0ca86e,introduction_response,yes,,17,17
public_05,train,intro_a2e159bffd4380a1d50fd5a9,syn_daae70040111edbb049035d2a01a3d36,introduction_response,no,,19,19
public_05,train,intro_c4ece555f61b3159f570c200,syn_955a8bdca2d80121eeda9df1c5b47f0d,introduction_response,no,,17,17
public_05,train,intro_c4ece555f61b3159f570c200,syn_bcb4cd3462c6c653b18dbb6457218610,introduction_response,,no_response,,19
public_05,train,intro_8f9af5ed130e22153f76e9b4,syn_a242f7d8327c808790c0d4811d284b0f,introduction_response,,no_response,,20
public_05,train,intro_8f9af5ed130e22153f76e9b4,syn_e6b57e07ceafd25bccb206402eb52056,introduction_response,yes,,20,20
public_05,train,intro_a91c4aac479a93e6528f0874,syn_2f057a3c05913d701d608a8b13727219,introduction_response,no,,20,20
public_05,train,intro_a91c4aac479a93e6528f0874,syn_8f15f01517ad9b1f664750c54ede74a8,introduction_response,yes,,20,20
public_05,train,intro_85a276f7c42608961a7285bf,syn_4a7b247271af5287477fd12588891a87,introduction_response,,no_response,,21
public_05,train,intro_85a276f7c42608961a7285bf,syn_ecf32b641332b65d333f47c3978a17c0,introduction_response,yes,,20,20
public_05,train,intro_6118e83be5cceee5dd73df4f,syn_5a74933cfb6de83899d29a50df196891,introduction_response,yes,,18,18
public_05,train,intro_6118e83be5cceee5dd73df4f,syn_5e078aca27ddafc9705fd96e65a05670,introduction_response,yes,,21,21
public_05,train,intro_dd563a1a68ff28548de830a6,syn_67b0f6eb14762eb08d8efed7fa00de7a,introduction_response,yes,,15,15
public_05,train,intro_dd563a1a68ff28548de830a6,syn_d01ad0eb624507f7e0acfcf4b966fd87,introduction_response,no,,17,17
public_05,train,intro_bfa4e675cbcac6e174e66ec8,syn_6dfa6319d5843197875fd20f90b4f507,introduction_response,,no_response,,21
public_05,train,intro_bfa4e675cbcac6e174e66ec8,syn_787ad7acef13f3b493a020f929c70389,introduction_response,no,,17,17
public_05,train,intro_6dd534037a2b3519e345c044,syn_bb7b6073c8216ea13025eadbfeb27f2c,introduction_response,no,,20,20
public_05,train,intro_6dd534037a2b3519e345c044,syn_ea8329bfa41c9122f997b0665abb1eef,introduction_response,,no_response,,21
public_05,train,intro_5ff4142056b9865101280a56,syn_157edf54df236ac31689f77dc50f5ff1,introduction_response,no,,18,18
public_05,train,intro_5ff4142056b9865101280a56,syn_5c803391b28b1117467777a0829a576d,introduction_response,yes,,18,18
public_05,train,intro_0ac0350d82d5d45c9f7f91a5,syn_3629e30d62cfc4882e782ef72b076973,introduction_response,yes,,20,20
public_05,train,intro_0ac0350d82d5d45c9f7f91a5,syn_d3e2d8f77d4d02c0acbb83cb17567a95,introduction_response,no,,22,22
public_05,train,intro_99f0794772eae3796a858cfe,syn_57075763fca69b7e34ab38ec4ef39c2c,introduction_response,no,,16,16
public_05,train,intro_99f0794772eae3796a858cfe,syn_d14e8e3bc349a408cacb453a7abffef8,introduction_response,,no_response,,22
public_05,train,intro_87e8a69896e56739a82f4c39,syn_4e4f8a89ffdf53a7a00e056676176947,introduction_response,no,,22,22
public_05,train,intro_87e8a69896e56739a82f4c39,syn_8764c010aa61f8a9ccfb46ff1fa0b580,introduction_response,no,,17,17
public_05,train,intro_7125b7aa0936ea1b4b731fd2,syn_5863c08fc3f248b07a841a4d6511e6fc,introduction_response,,no_response,,23
public_05,train,intro_7125b7aa0936ea1b4b731fd2,syn_d972a517765f7d71a85724b9e4c75331,introduction_response,,no_response,,23
public_05,train,intro_8d1cedc7bf686f672ceccfb2,syn_ae494b453b2b66f7bbd82e220000b1f3,introduction_response,no,,19,19
public_05,train,intro_8d1cedc7bf686f672ceccfb2,syn_ed73a5ffcde32d3d29c33a9428f04344,introduction_response,no,,22,22
public_05,train,intro_af1f0815b21cde4c799cf3c4,syn_e00e10705d734ac68710874d558dc113,introduction_response,no,,17,17
public_05,train,intro_af1f0815b21cde4c799cf3c4,syn_f52d998f7b3adeed3355e5e1ddd5221d,introduction_response,no,,18,18
public_05,train,intro_dad37d7d0d9e0c00012dec70,syn_04e14bb2ba3ef2f338b787a065feb029,introduction_response,no,,20,20
public_05,train,intro_dad37d7d0d9e0c00012dec70,syn_3dffb55ed3520520027fdc4a915ed11f,introduction_response,,no_response,,24
public_05,train,intro_456f5b4277a008b2816fd473,syn_18f7e35ae85cc3edebfa8a1d77eaddab,introduction_response,yes,,20,20
public_05,train,intro_456f5b4277a008b2816fd473,syn_6efe7a1f547d3314395b95ea2c5640e8,introduction_response,yes,,23,23
public_05,train,intro_456f5b4277a008b2816fd473,,date_happened,True,,26,26
public_05,train,intro_456f5b4277a008b2816fd473,syn_6efe7a1f547d3314395b95ea2c5640e8,second_meeting_intention,yes,,28,28
public_05,train,intro_79abaf279e221b4e1f9cf672,syn_1c596186018460f2fdedf8f2afc0f2d6,introduction_response,no,,20,20
public_05,train,intro_79abaf279e221b4e1f9cf672,syn_3874834f8c41d2239a31fdac33f50e4a,introduction_response,no,,24,24
public_05,train,intro_ab5766a822c19028da40a9b9,syn_0e10d543d7c883b4d5fe21bb13c7d538,introduction_response,no,,20,20
public_05,train,intro_ab5766a822c19028da40a9b9,syn_18f948424eec53d257c5c8d8112eb9d1,introduction_response,no,,23,23
public_05,train,intro_b5d86d77c3c8c53fac456a6a,syn_590a56783612729510c25839298559af,introduction_response,,no_response,,25
public_05,train,intro_b5d86d77c3c8c53fac456a6a,syn_dc0858337c792155030cc8fbec54eec3,introduction_response,,no_response,,25
public_05,train,intro_437b86364658159a59aa1bee,syn_a799c85755c403dbcb0fff1d232470ba,introduction_response,,no_response,,25
public_05,train,intro_437b86364658159a59aa1bee,syn_ac039c8f01ab45ccabebd9c693b3f163,introduction_response,,no_response,,25
public_05,train,intro_d956e259ca6d940a06defeef,syn_eada6f0a34c5cf0b2f06296178a0c151,introduction_response,,no_response,,25
public_05,train,intro_d956e259ca6d940a06defeef,syn_f6dd627d1108f9a47392d79f0b9097f5,introduction_response,no,,20,20
public_05,train,intro_cef20e35b9b14162168595fe,syn_1ab52096a2599eef55733d91101816d8,introduction_response,no,,22,22
public_05,train,intro_cef20e35b9b14162168595fe,syn_21b698c1e3f90d1bd65d6ad2d9ef441f,introduction_response,no,,23,23
public_05,train,intro_79c2bea87ab0215f44a220e8,syn_6386031efeb54abdfa96637beb180642,introduction_response,yes,,26,26
public_05,train,intro_79c2bea87ab0215f44a220e8,syn_d1ce45f75d93596c81ae980e72fec48f,introduction_response,no,,25,25
public_05,train,intro_5583c788dd135b99a0cd1789,syn_b6369e410635234f5beb89e67f56ad47,introduction_response,no,,21,21
public_05,train,intro_5583c788dd135b99a0cd1789,syn_db312ab6c0a68a9e3f8205fb47155607,introduction_response,no,,22,22
public_05,train,intro_ff9ef1820e2312a73fd97039,syn_d737c28d6653eeba0c3592b0f7d771b6,introduction_response,yes,,23,23
public_05,train,intro_ff9ef1820e2312a73fd97039,syn_da2080dae924856e3489933dbd919f65,introduction_response,yes,,22,22
public_05,train,intro_d572e1ad2e3b25c01c11a23b,syn_3ff803cc4309f41eb7e9181d17112507,introduction_response,,no_response,,27
public_05,train,intro_d572e1ad2e3b25c01c11a23b,syn_955a8bdca2d80121eeda9df1c5b47f0d,introduction_response,no,,21,21
public_05,train,intro_bd85b9672f1e4f5c3cd57061,syn_6b7eb0df5039395a52a881574eeade11,introduction_response,no,,24,24
public_05,train,intro_bd85b9672f1e4f5c3cd57061,syn_b30ea3f02d38b8923b5460bfef0e7833,introduction_response,,no_response,,27
public_05,train,intro_8b0fd64f1ae0be05dcaa43d4,syn_7eee6a7a0275f890ef8c6385bb0ca86e,introduction_response,yes,,27,27
public_05,train,intro_8b0fd64f1ae0be05dcaa43d4,syn_9b67b3d6b3dda13686dfab9594a9106a,introduction_response,yes,,21,21
public_05,train,intro_e3ddf377d238b03a6c4fc5f3,syn_4687a28a79af9d8525305f458b2ec26d,introduction_response,no,,27,27
public_05,train,intro_e3ddf377d238b03a6c4fc5f3,syn_5d3f0c4b3e05fa6c29ebd7bf84f2c597,introduction_response,no,,26,26
public_05,train,intro_1327b27c5033f5c820adbd0f,syn_4da096510159e7ed67bcea8df1fd9276,introduction_response,no,,27,27
public_05,train,intro_1327b27c5033f5c820adbd0f,syn_6dfa6319d5843197875fd20f90b4f507,introduction_response,no,,26,26
public_05,train,intro_68b4fb7a1eb221cbfe831b08,syn_67b0f6eb14762eb08d8efed7fa00de7a,introduction_response,no,,29,29
public_05,train,intro_68b4fb7a1eb221cbfe831b08,syn_9b1639c7077b8d46da5a9cfd4b905450,introduction_response,no,,27,27
public_05,train,intro_24aaa7fef470ea8792b7064b,syn_787ad7acef13f3b493a020f929c70389,introduction_response,yes,,23,23
public_05,train,intro_24aaa7fef470ea8792b7064b,syn_9783d190677a0c555c717c760d1c92c7,introduction_response,yes,,24,24
public_05,train,intro_24aaa7fef470ea8792b7064b,,date_happened,True,,28,28
public_05,train,intro_24aaa7fef470ea8792b7064b,syn_787ad7acef13f3b493a020f929c70389,second_meeting_intention,no,,29,29
public_05,train,intro_d9318ae6bbc792a609434006,syn_9fb3c613a617b17a29a795544a56781a,introduction_response,yes,,28,28
public_05,train,intro_d9318ae6bbc792a609434006,syn_ecf32b641332b65d333f47c3978a17c0,introduction_response,,no_response,,29
public_05,train,intro_451df2f1a81204f5dbfce528,syn_d01ad0eb624507f7e0acfcf4b966fd87,introduction_response,no,,25,25
public_05,train,intro_451df2f1a81204f5dbfce528,syn_e7313d20148b0ae24b283f75f679a9eb,introduction_response,yes,,29,29
public_05,train,intro_6bf44e27dab09c34c9fdb804,syn_12cb9eb179cd7526b1a1c5665fbc3d49,introduction_response,no,,30,30
public_05,train,intro_6bf44e27dab09c34c9fdb804,syn_157edf54df236ac31689f77dc50f5ff1,introduction_response,,no_response,,30
public_05,train,intro_e62ae4a559bd0535c203455f,syn_43670244b5bb911d05e910c4e030edcf,introduction_response,no,,25,25
public_05,train,intro_e62ae4a559bd0535c203455f,syn_ddb510ae9fbcb6b7cc548470aa17e546,introduction_response,yes,,24,24
public_05,train,intro_a4b34447c28e1f0a0ca5ae3e,syn_5c803391b28b1117467777a0829a576d,introduction_response,no,,28,28
public_05,train,intro_a4b34447c28e1f0a0ca5ae3e,syn_ccf2ffc5c3c46880ac055917f6db70d1,introduction_response,yes,,30,30
public_05,train,intro_95242e29cf9741166619ea9b,syn_d14e8e3bc349a408cacb453a7abffef8,introduction_response,,no_response,,30
public_05,train,intro_95242e29cf9741166619ea9b,syn_daae70040111edbb049035d2a01a3d36,introduction_response,no,,25,25
public_05,train,intro_88bb04d44948f9f2470eb9a3,syn_3629e30d62cfc4882e782ef72b076973,introduction_response,yes,,30,30
public_05,train,intro_88bb04d44948f9f2470eb9a3,syn_f52d998f7b3adeed3355e5e1ddd5221d,introduction_response,no,,26,26
public_05,train,intro_5ee1cb35f963ddee81930fdd,syn_4f070b9e8e1937e0c4f475679f709212,introduction_response,yes,,25,25
public_05,train,intro_48fa6fe5eb98a18446866192,syn_57075763fca69b7e34ab38ec4ef39c2c,introduction_response,yes,,25,25
public_05,train,intro_3a7225f70d961a82581acbf0,syn_75273d30606bde7fe1c8835426415983,introduction_response,no,,30,30
public_05,train,intro_6b0bfd600d181d68b10a0e39,syn_0c8744e4024204f6c04a07e714258d47,introduction_response,yes,,30,30
public_05,train,intro_c82a86566ab309904af12acc,syn_0cf9e38720b54f715da4f4930ee5b602,introduction_response,no,,30,30
public_05,train,intro_c82a86566ab309904af12acc,syn_3dffb55ed3520520027fdc4a915ed11f,introduction_response,no,,30,30
public_05,train,intro_599f796889803731c6f003a5,syn_1c596186018460f2fdedf8f2afc0f2d6,introduction_response,yes,,30,30
public_05,train,intro_532ccfadc6edb9e3f5b0d8a8,syn_ac039c8f01ab45ccabebd9c693b3f163,introduction_response,yes,,27,27
public_05,train,intro_2331733573ab417c9bfc2209,syn_590a56783612729510c25839298559af,introduction_response,yes,,30,30
public_05,train,intro_2331733573ab417c9bfc2209,syn_afdaa75baf08ca510d1c9d73a1ee0983,introduction_response,no,,28,28
public_06,train,intro_e695e97f4bf91da2692e321d,syn_1d5e1fe33d76777b3a045c00acccf060,introduction_response,,no_response,,7
public_06,train,intro_e695e97f4bf91da2692e321d,syn_acd396aca38889f3b27389b141192961,introduction_response,yes,,5,5
public_06,train,intro_fc1c73db97e39759ef08539c,syn_3e8ac8e9fbb491d5513434fbd4fc7cd6,introduction_response,no,,6,6
public_06,train,intro_fc1c73db97e39759ef08539c,syn_d4571dc0a23e2466dc16c47c35d3042d,introduction_response,,no_response,,7
public_06,train,intro_7a01645842d9c4feb183b4cf,syn_3f8425ccd19a1308cd50bfe6286cdf0f,introduction_response,,no_response,,7
public_06,train,intro_7a01645842d9c4feb183b4cf,syn_8260455eb59a52afc98cccf5d43808c8,introduction_response,no,,5,5
public_06,train,intro_cfd67211c164386026584426,syn_407d202743fec69da269d196495be4bb,introduction_response,yes,,5,5
public_06,train,intro_cfd67211c164386026584426,syn_d85b1cfe689749e68d827dabe1af349e,introduction_response,yes,,6,6
public_06,train,intro_cfd67211c164386026584426,,date_happened,True,,10,10
public_06,train,intro_cfd67211c164386026584426,syn_407d202743fec69da269d196495be4bb,second_meeting_intention,no,,12,12
public_06,train,intro_cfd67211c164386026584426,syn_d85b1cfe689749e68d827dabe1af349e,second_meeting_intention,no,,15,15
public_06,train,intro_3dfe3afc2cec60e3a6ded355,syn_753f66768c1fc72197f73090e0d6fc62,introduction_response,,no_response,,7
public_06,train,intro_3dfe3afc2cec60e3a6ded355,syn_a800c4360c4c83b1f3060ffd5dbcba75,introduction_response,no,,6,6
public_06,train,intro_1c8258f021966b7822ac417f,syn_b94fae7a1446ff7bb5cdefe8368f9f90,introduction_response,yes,,6,6
public_06,train,intro_1c8258f021966b7822ac417f,syn_ef3ec5a5d140ddb21b21b1ce436657ae,introduction_response,no,,3,3
public_06,train,intro_f78bcf76eea4bcdf611dc330,syn_bf01f7e7bb92779ea8360e92cc83031e,introduction_response,yes,,2,2
public_06,train,intro_f78bcf76eea4bcdf611dc330,syn_f5f64a7cff02dde0d10de1e8e2b33e10,introduction_response,no,,6,6
public_06,train,intro_9776572d3378899d0c9083a7,syn_91fee2996fe98a0b86f8b85b36a34e85,introduction_response,,no_response,,8
public_06,train,intro_9776572d3378899d0c9083a7,syn_da27cb7eb32da3bbe0f1b2b21ba7e103,introduction_response,yes,,8,8
public_06,train,intro_952ecac96d0ed061afb0194e,syn_072b504b76074da4be0703379e2ad417,introduction_response,,no_response,,9
public_06,train,intro_952ecac96d0ed061afb0194e,syn_c257f1135cd572b8727fa62f2bb54218,introduction_response,,no_response,,9
public_06,train,intro_863c737e3d9cfae91fe6cc5c,syn_46251d99bccb19676a533b9e0a93813b,introduction_response,no,,12,12
public_06,train,intro_863c737e3d9cfae91fe6cc5c,syn_e5f70d2eddbc8007889a8da96eff718a,introduction_response,,no_response,,12
public_06,train,intro_44072f05a56b62942bb0961a,syn_8270b671dbaed1029b33ebfe15aff488,introduction_response,yes,,7,7
public_06,train,intro_44072f05a56b62942bb0961a,syn_96cf8dc7a102efb3150a9e083bf747bd,introduction_response,,no_response,,12
public_06,train,intro_54ea7d4deb6a1fee8d5b4946,syn_92862bd13ae097513d6f460cc7171e15,introduction_response,yes,,7,7
public_06,train,intro_54ea7d4deb6a1fee8d5b4946,syn_d5e28aca96013fe40140a728f333a66e,introduction_response,yes,,10,10
public_06,train,intro_54ea7d4deb6a1fee8d5b4946,,date_happened,False,,24,24
public_06,train,intro_0ec957ac51e2e6c4ba134f13,syn_36edeb4cc50c76c4826bdf8313514294,introduction_response,,no_response,,13
public_06,train,intro_0ec957ac51e2e6c4ba134f13,syn_bdd8278c4e59668858d88e52cad54fd7,introduction_response,,no_response,,13
public_06,train,intro_1a7b3f9db3f68bd4d3df03ff,syn_9d73fd68d0f77941e6ecc9252178ab33,introduction_response,yes,,12,12
public_06,train,intro_1a7b3f9db3f68bd4d3df03ff,syn_9ffbcbd4f54cb0bd93aca0eaa039820f,introduction_response,yes,,12,12
public_06,train,intro_1a7b3f9db3f68bd4d3df03ff,,date_happened,True,,17,17
public_06,train,intro_1a7b3f9db3f68bd4d3df03ff,syn_9d73fd68d0f77941e6ecc9252178ab33,second_meeting_intention,no,,20,20
public_06,train,intro_1a7b3f9db3f68bd4d3df03ff,syn_9ffbcbd4f54cb0bd93aca0eaa039820f,second_meeting_intention,no,,21,21
public_06,train,intro_01aeb84ccc01cd2f08a29c5e,syn_0c76ae3c872b370a16ecfc9e4dc86d93,introduction_response,no,,14,14
public_06,train,intro_01aeb84ccc01cd2f08a29c5e,syn_c6fb2e47f7f8c504e206e414bde32c98,introduction_response,no,,8,8
public_06,train,intro_49087528dfca61713a928ed9,syn_4f2dbfa74a0a3735df7052f344c53be6,introduction_response,no,,10,10
public_06,train,intro_49087528dfca61713a928ed9,syn_80e68238319e11f1b8d38bc3e38deaec,introduction_response,no,,12,12
public_06,train,intro_297afb955ff6d0789cda5019,syn_1d5e1fe33d76777b3a045c00acccf060,introduction_response,,no_response,,15
public_06,train,intro_297afb955ff6d0789cda5019,syn_c7215520abaedceb3535dfdaf5327bc7,introduction_response,yes,,12,12
public_06,train,intro_e874c165a891852bb222aace,syn_3e8ac8e9fbb491d5513434fbd4fc7cd6,introduction_response,yes,,13,13
public_06,train,intro_e874c165a891852bb222aace,syn_3f8425ccd19a1308cd50bfe6286cdf0f,introduction_response,no,,12,12
public_06,train,intro_b72b3b70f8c502c08128f2b2,syn_753f66768c1fc72197f73090e0d6fc62,introduction_response,yes,,13,13
public_06,train,intro_b72b3b70f8c502c08128f2b2,syn_fbbb86a63551cd904716048e53130b3f,introduction_response,yes,,14,14
public_06,train,intro_b72b3b70f8c502c08128f2b2,,date_happened,True,,27,27
public_06,train,intro_b72b3b70f8c502c08128f2b2,syn_753f66768c1fc72197f73090e0d6fc62,second_meeting_intention,yes,,30,30
public_06,train,intro_b72b3b70f8c502c08128f2b2,syn_fbbb86a63551cd904716048e53130b3f,second_meeting_intention,yes,,29,29
public_06,train,intro_b72b3b70f8c502c08128f2b2,,pause_after_mutual_interest,True,,30,30
public_06,train,intro_e1ff2d165e7cfdd168c9610f,syn_81c315c2b616bfcb16f0f431fefa8647,introduction_response,yes,,12,12
public_06,train,intro_e1ff2d165e7cfdd168c9610f,syn_a800c4360c4c83b1f3060ffd5dbcba75,introduction_response,no,,13,13
public_06,train,intro_769681d1ae272c77bc011d1d,syn_8260455eb59a52afc98cccf5d43808c8,introduction_response,,no_response,,15
public_06,train,intro_769681d1ae272c77bc011d1d,syn_b94fae7a1446ff7bb5cdefe8368f9f90,introduction_response,,no_response,,15
public_06,train,intro_d4350ae474232d0143a661ca,syn_908173542838b9c862e7f864030c7d1a,introduction_response,,no_response,,15
public_06,train,intro_d4350ae474232d0143a661ca,syn_ef3ec5a5d140ddb21b21b1ce436657ae,introduction_response,no,,14,14
public_06,train,intro_75ce8ecfce8f4b2c34167e53,syn_d4571dc0a23e2466dc16c47c35d3042d,introduction_response,,no_response,,15
public_06,train,intro_75ce8ecfce8f4b2c34167e53,syn_f5f64a7cff02dde0d10de1e8e2b33e10,introduction_response,yes,,9,9
public_06,train,intro_8d1134e0565aa031dd8a4c31,syn_24b1540ae74c6aa20d1b4a7cd8647bd3,introduction_response,yes,,15,15
public_06,train,intro_8d1134e0565aa031dd8a4c31,syn_a5d2278639bc1c355462bcaf347c3ee2,introduction_response,no,,11,11
public_06,train,intro_90ed429b3c012509b0875fc0,syn_4f9c2cd0705a5d3d6170c9bef6cf3e6b,introduction_response,no,,11,11
public_06,train,intro_90ed429b3c012509b0875fc0,syn_80d0286ab216c0b9b9144ecd996404f1,introduction_response,yes,,14,14
public_06,train,intro_0b61c7cfcb59b4016963d39f,syn_aa3d80edea1241f57f76f9cf8c7a6d7a,introduction_response,no,,13,13
public_06,train,intro_0b61c7cfcb59b4016963d39f,syn_acd396aca38889f3b27389b141192961,introduction_response,no,,12,12
public_06,train,intro_31606c18b6f797027a1e360f,syn_0f2d06f448ad910379796f3c5f5c1ab1,introduction_response,yes,,13,13
public_06,train,intro_31606c18b6f797027a1e360f,syn_ded2ab7d044d20d0e958d52fc16172d9,introduction_response,no,,13,13
public_06,train,intro_558be251aec53d756a03249e,syn_91fee2996fe98a0b86f8b85b36a34e85,introduction_response,no,,16,16
public_06,train,intro_558be251aec53d756a03249e,syn_d66b96f5bebe822535f9f0241e7c98de,introduction_response,,no_response,,18
public_06,train,intro_9689b68c4d523187b75c0190,syn_845034097d8c47f2757680dbc7cac1f6,introduction_response,yes,,19,19
public_06,train,intro_9689b68c4d523187b75c0190,syn_d2a87064e91ea586f74beb6eceef6a8d,introduction_response,yes,,19,19
public_06,train,intro_9689b68c4d523187b75c0190,,date_happened,True,,25,25
public_06,train,intro_9689b68c4d523187b75c0190,syn_845034097d8c47f2757680dbc7cac1f6,second_meeting_intention,yes,,29,29
public_06,train,intro_9689b68c4d523187b75c0190,syn_d2a87064e91ea586f74beb6eceef6a8d,second_meeting_intention,yes,,27,27
public_06,train,intro_9689b68c4d523187b75c0190,,pause_after_mutual_interest,True,,29,29
public_06,train,intro_8f40e82110f355278b4a8f96,syn_36edeb4cc50c76c4826bdf8313514294,introduction_response,yes,,18,18
public_06,train,intro_8f40e82110f355278b4a8f96,syn_6f52253d44737bcfc91f98ad842e5eb7,introduction_response,,no_response,,21
public_06,train,intro_f24c78eb2e6db6460b25a548,syn_261c35150d12dad81532b5a40ac05ebe,introduction_response,yes,,18,18
public_06,train,intro_f24c78eb2e6db6460b25a548,syn_c6fb2e47f7f8c504e206e414bde32c98,introduction_response,no,,21,21
public_06,train,intro_9d1ddf7350b68cad3afbf240,syn_4f2dbfa74a0a3735df7052f344c53be6,introduction_response,yes,,19,19
public_06,train,intro_9d1ddf7350b68cad3afbf240,syn_f20e223709cb90042dab9f18fbeaba8c,introduction_response,yes,,16,16
public_06,train,intro_514576852d6b098fa3ab26a2,syn_80e68238319e11f1b8d38bc3e38deaec,introduction_response,,no_response,,22
public_06,train,intro_514576852d6b098fa3ab26a2,syn_97adb9e517d4c8a9a951072cfae1b9a0,introduction_response,yes,,18,18
public_06,train,intro_fb122a7c266ed82865043529,syn_87fac55a1a72663692d6c80082108bb8,introduction_response,yes,,20,20
public_06,train,intro_fb122a7c266ed82865043529,syn_bb53360e8a92b39d81a2f640f469f37a,introduction_response,,no_response,,22
public_06,train,intro_8330a732ca35fa644da9d033,syn_21088a5c922eaed02358c86ef07c7e65,introduction_response,no,,19,19
public_06,train,intro_8330a732ca35fa644da9d033,syn_b94fae7a1446ff7bb5cdefe8368f9f90,introduction_response,yes,,23,23
public_06,train,intro_7684225292521c781d89de20,syn_3775a78ebae5a31c01d0f6585035f7f1,introduction_response,yes,,19,19
public_06,train,intro_7684225292521c781d89de20,syn_407d202743fec69da269d196495be4bb,introduction_response,yes,,21,21
public_06,train,intro_2b1b3872102da717312050f0,syn_3e8ac8e9fbb491d5513434fbd4fc7cd6,introduction_response,no,,17,17
public_06,train,intro_2b1b3872102da717312050f0,syn_bf01f7e7bb92779ea8360e92cc83031e,introduction_response,yes,,20,20
public_06,train,intro_e1be71a37a826464a0c02eb3,syn_3f8425ccd19a1308cd50bfe6286cdf0f,introduction_response,,no_response,,23
public_06,train,intro_e1be71a37a826464a0c02eb3,syn_fc49e2548689a82c39f848f66826b375,introduction_response,,no_response,,23
public_06,train,intro_671c9eeaee2ac3f30725ba7c,syn_8260455eb59a52afc98cccf5d43808c8,introduction_response,yes,,23,23
public_06,train,intro_671c9eeaee2ac3f30725ba7c,syn_e37c95550d0dcf21333ba8e02e25ed61,introduction_response,yes,,23,23
public_06,train,intro_033c1a0c5c4a806c13e2f265,syn_1d5e1fe33d76777b3a045c00acccf060,introduction_response,yes,,20,20
public_06,train,intro_033c1a0c5c4a806c13e2f265,syn_aa3d80edea1241f57f76f9cf8c7a6d7a,introduction_response,yes,,22,22
public_06,train,intro_8869ad76edcfca35db832a28,syn_26fa2403826fd6788c85423050b4fe04,introduction_response,yes,,24,24
public_06,train,intro_8869ad76edcfca35db832a28,syn_87ccec576e24982e7388c6468f3708aa,introduction_response,yes,,21,21
public_06,train,intro_2c53843a962344a6f6788bf7,syn_4f9c2cd0705a5d3d6170c9bef6cf3e6b,introduction_response,,no_response,,24
public_06,train,intro_2c53843a962344a6f6788bf7,syn_63d2418ae761e5cb5bef73b6ec7e4100,introduction_response,no,,20,20
public_06,train,intro_44a505573b40a5f1db24b618,syn_908173542838b9c862e7f864030c7d1a,introduction_response,yes,,24,24
public_06,train,intro_44a505573b40a5f1db24b618,syn_ba48ab41f9485f0d9c61254e8c08b8c9,introduction_response,yes,,18,18
public_06,train,intro_aa9ffee271d58e2cb8a47977,syn_0c76ae3c872b370a16ecfc9e4dc86d93,introduction_response,yes,,23,23
public_06,train,intro_aa9ffee271d58e2cb8a47977,syn_a03c8db70e7876682961e3c05b37b080,introduction_response,,no_response,,26
public_06,train,intro_ca2caeca98bff5eb6af71510,syn_14dda87faea12a0a26065bc6b514a40f,introduction_response,no,,26,26
public_06,train,intro_ca2caeca98bff5eb6af71510,syn_ded2ab7d044d20d0e958d52fc16172d9,introduction_response,yes,,21,21
public_06,train,intro_edaba166754238e7d11415a8,syn_874aa1f7444aedde4616b5afa4bdfe8e,introduction_response,no,,21,21
public_06,train,intro_edaba166754238e7d11415a8,syn_a5d2278639bc1c355462bcaf347c3ee2,introduction_response,no,,20,20
public_06,train,intro_58ef13f9ed7cd861515381a5,syn_d66b96f5bebe822535f9f0241e7c98de,introduction_response,yes,,21,21
public_06,train,intro_58ef13f9ed7cd861515381a5,syn_da27cb7eb32da3bbe0f1b2b21ba7e103,introduction_response,no,,21,21
public_06,train,intro_00d428486d57891a0d63c26e,syn_5db70f155651b80b8ba559a2a81faf78,introduction_response,yes,,21,21
public_06,train,intro_00d428486d57891a0d63c26e,syn_8aeead5be2a94306196aa340241d0ff2,introduction_response,yes,,25,25
public_06,train,intro_4cef8c3ad7e50b37df9e49f1,syn_9b4009eb457c80ee7f7241680f4a806e,introduction_response,yes,,24,24
public_06,train,intro_4cef8c3ad7e50b37df9e49f1,syn_f5f64a7cff02dde0d10de1e8e2b33e10,introduction_response,,no_response,,27
public_06,train,intro_a83fc3beb214bd5abc78683b,syn_072b504b76074da4be0703379e2ad417,introduction_response,,no_response,,30
public_06,train,intro_a83fc3beb214bd5abc78683b,syn_9ffbcbd4f54cb0bd93aca0eaa039820f,introduction_response,yes,,29,29
public_06,train,intro_7762dcc08957900b9ae5c244,syn_9d73fd68d0f77941e6ecc9252178ab33,introduction_response,yes,,25,25
public_06,train,intro_7762dcc08957900b9ae5c244,syn_d4571dc0a23e2466dc16c47c35d3042d,introduction_response,yes,,26,26
public_06,train,intro_a73c4f89d75e0b8e2589f9d2,syn_d85b1cfe689749e68d827dabe1af349e,introduction_response,no,,29,29
public_06,train,intro_af3b7bc3eac53d743c8967f3,syn_3f8425ccd19a1308cd50bfe6286cdf0f,introduction_response,yes,,25,25
public_06,train,intro_a93a154dd1d5eac71ebb3e61,syn_b94fae7a1446ff7bb5cdefe8368f9f90,introduction_response,no,,27,27
public_06,train,intro_a93a154dd1d5eac71ebb3e61,syn_e99c783de4288ff04b9bd687eebdf8af,introduction_response,no,,26,26
public_06,train,intro_bcfca978bc92663b3165cacc,syn_1adde579a5eeb204b7478755fdb6e1c0,introduction_response,no,,28,28
public_06,train,intro_9ccab8291caaba1a4647f7d0,syn_874aa1f7444aedde4616b5afa4bdfe8e,introduction_response,yes,,29,29
public_06,train,intro_1983ff45daef8af3a02a34ac,syn_95cb54e6c1f276ab1e52205978064790,introduction_response,no,,29,29
public_06,train,intro_3ad43e00cb2086571bf0104e,syn_fc49e2548689a82c39f848f66826b375,introduction_response,yes,,30,30
public_07,validation,intro_8bd21e4ffc86aaea39a2d2a6,syn_18d986aa37af2511c082299a5761d468,introduction_response,,no_response,,7
public_07,validation,intro_8bd21e4ffc86aaea39a2d2a6,syn_7c77dc3fed3c9092d49762509caa5fc6,introduction_response,no,,6,6
public_07,validation,intro_1d1dad28a2d2a325ca5c5047,syn_28d204dbbdf42cee5a3030880cdd1e0c,introduction_response,no,,7,7
public_07,validation,intro_1d1dad28a2d2a325ca5c5047,syn_a72c9a6d703188c5bf395cb08b22a890,introduction_response,no,,3,3
public_07,validation,intro_2d85312f675b436299a3538a,syn_33d428aa932221ff0207b962000f6cf6,introduction_response,no,,5,5
public_07,validation,intro_2d85312f675b436299a3538a,syn_fad3c39c0c2784209ab31e3130339a95,introduction_response,no,,7,7
public_07,validation,intro_eefc08e3f96f21ffbedc88ec,syn_3de295dd7f95a97ede178c9673e88811,introduction_response,,no_response,,7
public_07,validation,intro_eefc08e3f96f21ffbedc88ec,syn_c6e4f83f2da6ac827863b999ed06de72,introduction_response,no,,5,5
public_07,validation,intro_b6d6ebda3b62f6a0c3dd5013,syn_46fdd2c8ce656d8ba2c9ab45c38b2c65,introduction_response,no,,3,3
public_07,validation,intro_b6d6ebda3b62f6a0c3dd5013,syn_e712d22fcebac37a97c72a6a2bb621ae,introduction_response,no,,3,3
public_07,validation,intro_848e3bb1d483abc4b9a2abda,syn_573a03b8dfad5abf64e89241a2254f1d,introduction_response,,no_response,,7
public_07,validation,intro_848e3bb1d483abc4b9a2abda,syn_c5c2bb619143326f31f63696f69ba473,introduction_response,,no_response,,7
public_07,validation,intro_21cfea93d91273a58788e305,syn_69f9950eab46dd7b3436e3a03aa0301b,introduction_response,yes,,4,4
public_07,validation,intro_21cfea93d91273a58788e305,syn_adceff5fd708b28f5d24b039075b98ec,introduction_response,yes,,1,1
public_07,validation,intro_21cfea93d91273a58788e305,,date_happened,False,,11,11
public_07,validation,intro_a3be5d9d8705e264fb16b987,syn_95b4390297b33290d26736f7e4eafb39,introduction_response,no,,1,1
public_07,validation,intro_a3be5d9d8705e264fb16b987,syn_f92952a8966a085892fde0dcea9f7050,introduction_response,yes,,6,6
public_07,validation,intro_adab16a26d4ab97834e9e0e5,syn_9ee09e49e4f8aded8b0d14e1e58a6462,introduction_response,yes,,7,7
public_07,validation,intro_adab16a26d4ab97834e9e0e5,syn_b76db7568e88b218da71968ae37776ca,introduction_response,yes,,1,1
public_07,validation,intro_adab16a26d4ab97834e9e0e5,,date_happened,True,,8,8
public_07,validation,intro_adab16a26d4ab97834e9e0e5,syn_9ee09e49e4f8aded8b0d14e1e58a6462,second_meeting_intention,yes,,12,12
public_07,validation,intro_adab16a26d4ab97834e9e0e5,syn_b76db7568e88b218da71968ae37776ca,second_meeting_intention,no,,9,9
public_07,validation,intro_45db78f8db81bc25fe17794b,syn_cb5a779ce64228622150a5537eb8e76d,introduction_response,,no_response,,7
public_07,validation,intro_45db78f8db81bc25fe17794b,syn_d5ba8f6f67e0a59e3446787c14834d8f,introduction_response,yes,,1,1
public_07,validation,intro_a3f99aa9bf08d9b0b018f591,syn_0ec7fffa4e94cb8226152f02b68c7802,introduction_response,yes,,6,6
public_07,validation,intro_a3f99aa9bf08d9b0b018f591,syn_60ccee178fb47eb6a57dfa71f44fab46,introduction_response,no,,5,5
public_07,validation,intro_219072989f0a67234adcbd27,syn_306fc796ca44265fedefc3320ee53b4b,introduction_response,yes,,7,7
public_07,validation,intro_219072989f0a67234adcbd27,syn_bd313c33a2dfe80569df7e081fa7e16c,introduction_response,no,,2,2
public_07,validation,intro_0bc822c8934e42eb17295957,syn_8d1e58752ea52f6d144a33359b795309,introduction_response,no,,8,8
public_07,validation,intro_0bc822c8934e42eb17295957,syn_b87520850b5cdc86b34287cf94dc8e2b,introduction_response,yes,,5,5
public_07,validation,intro_a4f6b85904532540454df239,syn_9b4bd1d628f180c12716bd357a84f23c,introduction_response,no,,7,7
public_07,validation,intro_a4f6b85904532540454df239,syn_bfed6ae3b16fdb9ff14bcd55c92c3e23,introduction_response,yes,,8,8
public_07,validation,intro_fd1e35eb4ec2dfa70aa19262,syn_332a5404f56c90fe84a769ae204a9303,introduction_response,yes,,9,9
public_07,validation,intro_fd1e35eb4ec2dfa70aa19262,syn_87fbfc22893c5609e9edb33f210b5274,introduction_response,,no_response,,13
public_07,validation,intro_3d21a385a7cc8841d03e6480,syn_372f1c7073e08c15f2d50a0e6d680800,introduction_response,no,,8,8
public_07,validation,intro_3d21a385a7cc8841d03e6480,syn_3d00cfdea3a9b27bb5b4946c3261a8c9,introduction_response,yes,,10,10
public_07,validation,intro_c94a17cade78b1043577e98e,syn_1551ea976e4527d2ba7e4c210cdf6658,introduction_response,no,,14,14
public_07,validation,intro_c94a17cade78b1043577e98e,syn_fad3c39c0c2784209ab31e3130339a95,introduction_response,yes,,10,10
public_07,validation,intro_966add52fd36cb500cfec0fe,syn_18d986aa37af2511c082299a5761d468,introduction_response,yes,,11,11
public_07,validation,intro_966add52fd36cb500cfec0fe,syn_a72c9a6d703188c5bf395cb08b22a890,introduction_response,yes,,15,15
public_07,validation,intro_966add52fd36cb500cfec0fe,,date_happened,True,,20,20
public_07,validation,intro_966add52fd36cb500cfec0fe,syn_18d986aa37af2511c082299a5761d468,second_meeting_intention,yes,,25,25
public_07,validation,intro_966add52fd36cb500cfec0fe,syn_a72c9a6d703188c5bf395cb08b22a890,second_meeting_intention,yes,,22,22
public_07,validation,intro_966add52fd36cb500cfec0fe,,pause_after_mutual_interest,True,,25,25
public_07,validation,intro_7ad3276a69f21be4a0c4d261,syn_28d204dbbdf42cee5a3030880cdd1e0c,introduction_response,no,,14,14
public_07,validation,intro_7ad3276a69f21be4a0c4d261,syn_573a03b8dfad5abf64e89241a2254f1d,introduction_response,yes,,14,14
public_07,validation,intro_2826d7cdfb7bfb824f5719c9,syn_3de295dd7f95a97ede178c9673e88811,introduction_response,no,,11,11
public_07,validation,intro_2826d7cdfb7bfb824f5719c9,syn_b8047d1ba862c0dde95804774a9f1228,introduction_response,yes,,10,10
public_07,validation,intro_d3137805721eae9f1855fb5c,syn_46fdd2c8ce656d8ba2c9ab45c38b2c65,introduction_response,,no_response,,15
public_07,validation,intro_d3137805721eae9f1855fb5c,syn_95b4390297b33290d26736f7e4eafb39,introduction_response,yes,,15,15
public_07,validation,intro_cbf9c85b9cbf4bb9210f62b4,syn_5b8d7027d0fe03fd6637867233485951,introduction_response,yes,,14,14
public_07,validation,intro_cbf9c85b9cbf4bb9210f62b4,syn_686e87f9f58ad0ac7d06497cc3cc299f,introduction_response,yes,,11,11
public_07,validation,intro_cbf9c85b9cbf4bb9210f62b4,,date_happened,True,,18,18
public_07,validation,intro_cbf9c85b9cbf4bb9210f62b4,syn_5b8d7027d0fe03fd6637867233485951,second_meeting_intention,no,,22,22
public_07,validation,intro_cbf9c85b9cbf4bb9210f62b4,syn_686e87f9f58ad0ac7d06497cc3cc299f,second_meeting_intention,no,,21,21
public_07,validation,intro_d490026b5a673e2c76dbffe3,syn_c5c2bb619143326f31f63696f69ba473,introduction_response,no,,15,15
public_07,validation,intro_d490026b5a673e2c76dbffe3,syn_fd8122bc2d96f071c6a9fe865fc309e6,introduction_response,no,,12,12
public_07,validation,intro_ae1cf899d12b41527934cb85,syn_c6e4f83f2da6ac827863b999ed06de72,introduction_response,,no_response,,15
public_07,validation,intro_ae1cf899d12b41527934cb85,syn_dd947b8ca242c44863cf601fe65d57ed,introduction_response,,no_response,,15
public_07,validation,intro_08844a7c8edf490230591f6c,syn_cb5a779ce64228622150a5537eb8e76d,introduction_response,yes,,13,13
public_07,validation,intro_08844a7c8edf490230591f6c,syn_f92952a8966a085892fde0dcea9f7050,introduction_response,yes,,9,9
public_07,validation,intro_08844a7c8edf490230591f6c,,date_happened,True,,22,22
public_07,validation,intro_08844a7c8edf490230591f6c,syn_cb5a779ce64228622150a5537eb8e76d,second_meeting_intention,,no_response,,27
public_07,validation,intro_08844a7c8edf490230591f6c,syn_f92952a8966a085892fde0dcea9f7050,second_meeting_intention,yes,,25,25
public_07,validation,intro_b103f40f371440d6be764766,syn_d5ba8f6f67e0a59e3446787c14834d8f,introduction_response,no,,13,13
public_07,validation,intro_b103f40f371440d6be764766,syn_f4bb9a7cc9774c227eaef317d3e5b192,introduction_response,no,,12,12
public_07,validation,intro_8df65c423a5f1b79d2a59faa,syn_306fc796ca44265fedefc3320ee53b4b,introduction_response,no,,12,12
public_07,validation,intro_8df65c423a5f1b79d2a59faa,syn_a2df2f4cb371057e5e2d438bc7abe1b6,introduction_response,yes,,13,13
public_07,validation,intro_39ccc738ab31fe7277475d6d,syn_6ac02d8581ce3e2ae0e90c94845e8ef1,introduction_response,no,,12,12
public_07,validation,intro_39ccc738ab31fe7277475d6d,syn_b890454d3ef6bc5190b0e2321497e5da,introduction_response,yes,,10,10
public_07,validation,intro_fe8a6e221550e28bf8c863b6,syn_0a6f208259664965821fb5ca42976e06,introduction_response,,no_response,,17
public_07,validation,intro_fe8a6e221550e28bf8c863b6,syn_832e73f63b822a721404d55cb10ab446,introduction_response,no,,15,15
public_07,validation,intro_684bf9a865fb655f2d745033,syn_23e4326f5b03be11fbfa4487934676e2,introduction_response,yes,,17,17
public_07,validation,intro_684bf9a865fb655f2d745033,syn_a0ef1f914dfabc7cbdf8dcf46c0bcae6,introduction_response,no,,14,14
public_07,validation,intro_bb6c700133cb6412c3a8640f,syn_07d00e0f0be2b15987bd4822db536e5b,introduction_response,,no_response,,18
public_07,validation,intro_bb6c700133cb6412c3a8640f,syn_813e07996549616e235d37a1f6ed4cbd,introduction_response,yes,,16,16
public_07,validation,intro_bc1ffa09fb0304148de58212,syn_0d8307b30c70467d91e58f68688dc85f,introduction_response,no,,13,13
public_07,validation,intro_bc1ffa09fb0304148de58212,syn_7c77dc3fed3c9092d49762509caa5fc6,introduction_response,no,,14,14
public_07,validation,intro_abbd1de3fb4d1bae42d9b5ff,syn_730e120c211bd2647b3d41ab05bacd66,introduction_response,,no_response,,20
public_07,validation,intro_abbd1de3fb4d1bae42d9b5ff,syn_e252c24579bd0e85706f1ef6dd1a2e88,introduction_response,no,,18,18
public_07,validation,intro_bcf91bc071cb35f4266d4e6a,syn_332a5404f56c90fe84a769ae204a9303,introduction_response,yes,,18,18
public_07,validation,intro_bcf91bc071cb35f4266d4e6a,syn_d1fa9c9c5f42899c78d34bd35e36c34c,introduction_response,no,,21,21
public_07,validation,intro_c3e659dcfaed5d6840acc268,syn_3d00cfdea3a9b27bb5b4946c3261a8c9,introduction_response,yes,,20,20
public_07,validation,intro_c3e659dcfaed5d6840acc268,syn_bd313c33a2dfe80569df7e081fa7e16c,introduction_response,,no_response,,21
public_07,validation,intro_48b976cd4e8bbf62d98e4816,syn_87fbfc22893c5609e9edb33f210b5274,introduction_response,,no_response,,21
public_07,validation,intro_48b976cd4e8bbf62d98e4816,syn_b87520850b5cdc86b34287cf94dc8e2b,introduction_response,,no_response,,21
public_07,validation,intro_e2437951a643d1b0d3516747,syn_42b386591be280dda52f19fa176c271e,introduction_response,no,,19,19
public_07,validation,intro_e2437951a643d1b0d3516747,syn_e4623c8b9109e401b9763929d850ad12,introduction_response,no,,18,18
public_07,validation,intro_e4b80fbf66fb792743cf56c2,syn_0ec7fffa4e94cb8226152f02b68c7802,introduction_response,yes,,20,20
public_07,validation,intro_e4b80fbf66fb792743cf56c2,syn_95b4390297b33290d26736f7e4eafb39,introduction_response,no,,21,21
public_07,validation,intro_deec59654bead722974a2c5c,syn_1551ea976e4527d2ba7e4c210cdf6658,introduction_response,yes,,23,23
public_07,validation,intro_deec59654bead722974a2c5c,syn_9583224e7d1037276bd9ea879ee314c3,introduction_response,no,,22,22
public_07,validation,intro_eaa1c4a2adc94c3ef4b2350c,syn_28d204dbbdf42cee5a3030880cdd1e0c,introduction_response,no,,22,22
public_07,validation,intro_eaa1c4a2adc94c3ef4b2350c,syn_f4bb9a7cc9774c227eaef317d3e5b192,introduction_response,no,,21,21
public_07,validation,intro_84376714b6926e7ae3f3cd74,syn_2c21d1d4aa3246ecf554167d645764b1,introduction_response,yes,,23,23
public_07,validation,intro_84376714b6926e7ae3f3cd74,syn_6d8cc1742272b49c3bf6574d4dea47bb,introduction_response,yes,,19,19
public_07,validation,intro_5efc86f24ca369fe8e60c54f,syn_372f1c7073e08c15f2d50a0e6d680800,introduction_response,no,,19,19
public_07,validation,intro_5efc86f24ca369fe8e60c54f,syn_c5c2bb619143326f31f63696f69ba473,introduction_response,yes,,23,23
public_07,validation,intro_ef35ad1a2209b748ad653caa,syn_46fdd2c8ce656d8ba2c9ab45c38b2c65,introduction_response,,no_response,,23
public_07,validation,intro_ef35ad1a2209b748ad653caa,syn_60ccee178fb47eb6a57dfa71f44fab46,introduction_response,no,,18,18
public_07,validation,intro_28ac941bc8484cbf672746cb,syn_c6e4f83f2da6ac827863b999ed06de72,introduction_response,yes,,23,23
public_07,validation,intro_28ac941bc8484cbf672746cb,syn_e712d22fcebac37a97c72a6a2bb621ae,introduction_response,no,,20,20
public_07,validation,intro_cb131dec3d1109a62635630f,syn_d5ba8f6f67e0a59e3446787c14834d8f,introduction_response,no,,21,21
public_07,validation,intro_cb131dec3d1109a62635630f,syn_dd947b8ca242c44863cf601fe65d57ed,introduction_response,yes,,20,20
public_07,validation,intro_2706c0715f4f29df17a1d00b,syn_111602846da317f9e7c801b1b732a120,introduction_response,yes,,20,20
public_07,validation,intro_2706c0715f4f29df17a1d00b,syn_adceff5fd708b28f5d24b039075b98ec,introduction_response,yes,,24,24
public_07,validation,intro_5b402115aaa87a6bdcf9b887,syn_1792125e150b6c1fa7a7ca3516285ba4,introduction_response,no,,23,23
public_07,validation,intro_5b402115aaa87a6bdcf9b887,syn_6ac02d8581ce3e2ae0e90c94845e8ef1,introduction_response,no,,18,18
public_07,validation,intro_722db76dfcaa24b5a8b77a1f,syn_69f9950eab46dd7b3436e3a03aa0301b,introduction_response,yes,,20,20
public_07,validation,intro_722db76dfcaa24b5a8b77a1f,syn_6fb76039ce14ae7e7b091cfd4aa2fab9,introduction_response,yes,,22,22
public_07,validation,intro_722db76dfcaa24b5a8b77a1f,,date_happened,False,,30,30
public_07,validation,intro_9dc9a77978a6b0b7d1a22c47,syn_c1124b9c00beb2a6a0b4a18bf0c9f540,introduction_response,yes,,20,20
public_07,validation,intro_9dc9a77978a6b0b7d1a22c47,syn_d6d626f91a4f9109158f32e8bf250592,introduction_response,,no_response,,24
public_07,validation,intro_8dfff57ce8099a6e8e04bce3,syn_a0ef1f914dfabc7cbdf8dcf46c0bcae6,introduction_response,no,,20,20
public_07,validation,intro_8dfff57ce8099a6e8e04bce3,syn_b76db7568e88b218da71968ae37776ca,introduction_response,yes,,21,21
public_07,validation,intro_442bf0818ce06e8cacb93afa,syn_07d00e0f0be2b15987bd4822db536e5b,introduction_response,yes,,25,25
public_07,validation,intro_442bf0818ce06e8cacb93afa,syn_fad3c39c0c2784209ab31e3130339a95,introduction_response,no,,22,22
public_07,validation,intro_847f66b16b597d7377626187,syn_3023dea18dda9617724bc8b176cb966c,introduction_response,no,,22,22
public_07,validation,intro_847f66b16b597d7377626187,syn_306fc796ca44265fedefc3320ee53b4b,introduction_response,yes,,22,22
public_07,validation,intro_7dd9af3aa86ca262dad5273a,syn_7c77dc3fed3c9092d49762509caa5fc6,introduction_response,yes,,23,23
public_07,validation,intro_7dd9af3aa86ca262dad5273a,syn_e1981e34c7a6948162ff995047ee6476,introduction_response,yes,,25,25
public_07,validation,intro_ade358f01a6170c46c2e7882,syn_2618c89f6953660c0f62e3bfefd0f580,introduction_response,yes,,22,22
public_07,validation,intro_ade358f01a6170c46c2e7882,syn_730e120c211bd2647b3d41ab05bacd66,introduction_response,yes,,22,22
public_07,validation,intro_ade358f01a6170c46c2e7882,,date_happened,True,,29,29
public_07,validation,intro_67e955133655dd1837572065,syn_3d00cfdea3a9b27bb5b4946c3261a8c9,introduction_response,no,,26,26
public_07,validation,intro_67e955133655dd1837572065,syn_a2df2f4cb371057e5e2d438bc7abe1b6,introduction_response,yes,,23,23
public_07,validation,intro_6075b6ac2e655ad46e3ec0b2,syn_87fbfc22893c5609e9edb33f210b5274,introduction_response,no,,28,28
public_07,validation,intro_6075b6ac2e655ad46e3ec0b2,syn_d1fa9c9c5f42899c78d34bd35e36c34c,introduction_response,yes,,24,24
public_07,validation,intro_a49f616d8ca9ad9cec498828,syn_0ec7fffa4e94cb8226152f02b68c7802,introduction_response,no,,25,25
public_07,validation,intro_a49f616d8ca9ad9cec498828,syn_dd947b8ca242c44863cf601fe65d57ed,introduction_response,no,,28,28
public_07,validation,intro_c89bc67feb1d1c1b36512a7a,syn_46fdd2c8ce656d8ba2c9ab45c38b2c65,introduction_response,no,,26,26
public_07,validation,intro_c89bc67feb1d1c1b36512a7a,syn_f4bb9a7cc9774c227eaef317d3e5b192,introduction_response,no,,26,26
public_07,validation,intro_d8292771b39652c911bc4a37,syn_60ccee178fb47eb6a57dfa71f44fab46,introduction_response,no,,30,30
public_07,validation,intro_d8292771b39652c911bc4a37,syn_c6e4f83f2da6ac827863b999ed06de72,introduction_response,yes,,27,27
public_07,validation,intro_9ab88e5bc235dc399763257f,syn_b890454d3ef6bc5190b0e2321497e5da,introduction_response,no,,25,25
public_07,validation,intro_e79f14d267ac2198ea33d782,syn_c1124b9c00beb2a6a0b4a18bf0c9f540,introduction_response,yes,,30,30
public_07,validation,intro_30a9d55e1d510ad394059326,syn_813e07996549616e235d37a1f6ed4cbd,introduction_response,no,,30,30
public_07,validation,intro_30a9d55e1d510ad394059326,syn_fad3c39c0c2784209ab31e3130339a95,introduction_response,yes,,30,30
public_07,validation,intro_96b66403266a4eee35a2de08,syn_f92952a8966a085892fde0dcea9f7050,introduction_response,yes,,29,29
public_08,validation,intro_05799b030dfc9fbc484369f1,syn_10f09201189b30c0799374b18e8a5e9a,introduction_response,,no_response,,7
public_08,validation,intro_05799b030dfc9fbc484369f1,syn_c701df12da749db46be838bc30598d3c,introduction_response,yes,,4,4
public_08,validation,intro_0f0e63d9c5eb09341ab77ce8,syn_12c7cb677b331024461e39406742da8e,introduction_response,yes,,1,1
public_08,validation,intro_0f0e63d9c5eb09341ab77ce8,syn_e3ae94c9163f229b06afa29afb5f91e4,introduction_response,no,,2,2
public_08,validation,intro_bb0a8c7af57a117657d153ac,syn_19b40b0a1d97aeea75e5e8d7a463751c,introduction_response,,no_response,,7
public_08,validation,intro_bb0a8c7af57a117657d153ac,syn_845542023752fea3e0a95d952278eabf,introduction_response,,no_response,,7
public_08,validation,intro_76cbad08119e1bc333bc1337,syn_405778e77863457c897b01bb1fbb3ef8,introduction_response,no,,5,5
public_08,validation,intro_76cbad08119e1bc333bc1337,syn_9d086f92bd9196465b05e7fa7b78cab4,introduction_response,no,,6,6
public_08,validation,intro_779f94aea4506feca6ec1440,syn_60baf3acdcffb71d555c54c207f24848,introduction_response,,no_response,,7
public_08,validation,intro_779f94aea4506feca6ec1440,syn_7b9bf24e279dde6ac438d28af1182c64,introduction_response,yes,,2,2
public_08,validation,intro_f8d5bcb44153dfa57c2c6171,syn_c194fd7da94bd493ca0fbb7af9292f87,introduction_response,yes,,4,4
public_08,validation,intro_f8d5bcb44153dfa57c2c6171,syn_f3c121acdc4afa0b749b279fce60ae7b,introduction_response,yes,,5,5
public_08,validation,intro_f8d5bcb44153dfa57c2c6171,,date_happened,True,,10,10
public_08,validation,intro_f8d5bcb44153dfa57c2c6171,syn_c194fd7da94bd493ca0fbb7af9292f87,second_meeting_intention,yes,,14,14
public_08,validation,intro_f8d5bcb44153dfa57c2c6171,syn_f3c121acdc4afa0b749b279fce60ae7b,second_meeting_intention,yes,,12,12
public_08,validation,intro_f8d5bcb44153dfa57c2c6171,,pause_after_mutual_interest,True,,14,14
public_08,validation,intro_f1221415f20013eb69976958,syn_12972c7fbbeec3d81a4c4510a6e2aef1,introduction_response,,no_response,,12
public_08,validation,intro_f1221415f20013eb69976958,syn_c4b5bdc0bc69886ead60e7acbe3682d2,introduction_response,,no_response,,12
public_08,validation,intro_61115efe9322607889c708fc,syn_9c526f3d5f791d337ca8e6ac45bb1f25,introduction_response,,no_response,,12
public_08,validation,intro_61115efe9322607889c708fc,syn_cc026958ed7c938cd4ae1d8da903d341,introduction_response,,no_response,,12
public_08,validation,intro_a84274da3217c5254949fa1b,syn_23f23d1ae9a94c654773bd477be4937e,introduction_response,,no_response,,13
public_08,validation,intro_a84274da3217c5254949fa1b,syn_c3543a6e4224572bef55ecf655033d60,introduction_response,no,,7,7
public_08,validation,intro_130224656e5afb2c3cc9c1ce,syn_9472d5e1967a21205590fcfcdde82aa3,introduction_response,yes,,7,7
public_08,validation,intro_130224656e5afb2c3cc9c1ce,syn_aeddb91a9f349c1352ed37589cb6b5f3,introduction_response,no,,9,9
public_08,validation,intro_bfae9424853ce6a4dbf72700,syn_10f09201189b30c0799374b18e8a5e9a,introduction_response,yes,,9,9
public_08,validation,intro_bfae9424853ce6a4dbf72700,syn_fceb07e10e27737824dd733b01c50d8e,introduction_response,,no_response,,15
public_08,validation,intro_55bebce8a716220255773566,syn_19b40b0a1d97aeea75e5e8d7a463751c,introduction_response,no,,10,10
public_08,validation,intro_55bebce8a716220255773566,syn_9d086f92bd9196465b05e7fa7b78cab4,introduction_response,yes,,12,12
public_08,validation,intro_a317911fbbee4db52d42662f,syn_2f8c459a5b01837c6646f0a205ecd462,introduction_response,,no_response,,15
public_08,validation,intro_a317911fbbee4db52d42662f,syn_405778e77863457c897b01bb1fbb3ef8,introduction_response,no,,14,14
public_08,validation,intro_b25fc09c2b6b9c2daad5d94f,syn_3116acff46ddb88da5ab15d9b0689845,introduction_response,no,,10,10
public_08,validation,intro_b25fc09c2b6b9c2daad5d94f,syn_d356f8360333d03ba81e16a8e22b7ca1,introduction_response,yes,,9,9
public_08,validation,intro_338e2a1c1f5fb5e0a989b840,syn_60baf3acdcffb71d555c54c207f24848,introduction_response,no,,10,10
public_08,validation,intro_338e2a1c1f5fb5e0a989b840,syn_cad6e37bd1d9e0bc49cf018a5f0627bb,introduction_response,no,,11,11
public_08,validation,intro_5fcbc7cf9fba96e5ea25a2f9,syn_845542023752fea3e0a95d952278eabf,introduction_response,,no_response,,15
public_08,validation,intro_5fcbc7cf9fba96e5ea25a2f9,syn_bc3e3dd9e610f359b070f731bb9c367a,introduction_response,yes,,9,9
public_08,validation,intro_298f15185c8512ef613a0404,syn_c701df12da749db46be838bc30598d3c,introduction_response,no,,13,13
public_08,validation,intro_298f15185c8512ef613a0404,syn_dd533ecc841591d3aeb6f406a7584c16,introduction_response,,no_response,,15
public_08,validation,intro_0907cc49691a6692dbacdab5,syn_792d57380c89bfae24709f7ed802d099,introduction_response,,no_response,,16
public_08,validation,intro_0907cc49691a6692dbacdab5,syn_b595de4e1e7ac367d2a85ae09da282a9,introduction_response,yes,,11,11
public_08,validation,intro_f0adfaff48990b74472984c9,syn_cefbb639ff3d2c3772dd590d22f27f85,introduction_response,no,,15,15
public_08,validation,intro_f0adfaff48990b74472984c9,syn_d1d432a7706d2824dfbd6a790a201ae8,introduction_response,no,,17,17
public_08,validation,intro_ebb8d424f11cf8d8d68a61ea,syn_9dc3a5eac3591712b30dae187c9241c9,introduction_response,yes,,19,19
public_08,validation,intro_ebb8d424f11cf8d8d68a61ea,syn_d6c107c4b905f822d30abe1ad4e37527,introduction_response,no,,13,13
public_08,validation,intro_041ed50161aa6a0f2d77724d,syn_143c0778852901795c46c1f373c65c3c,introduction_response,no,,19,19
public_08,validation,intro_041ed50161aa6a0f2d77724d,syn_c4b5bdc0bc69886ead60e7acbe3682d2,introduction_response,yes,,20,20
public_08,validation,intro_acf75a6a64049e8a5eb08126,syn_907e211f9ac8b9aa952628781a837c78,introduction_response,no,,17,17
public_08,validation,intro_acf75a6a64049e8a5eb08126,syn_b9f68294d202797558ba7ce459baff71,introduction_response,yes,,18,18
public_08,validation,intro_d3eb35509a6011c95773c777,syn_9e2b83520a604298ac7ac3ca4ed3a65c,introduction_response,yes,,17,17
public_08,validation,intro_d3eb35509a6011c95773c777,syn_cc026958ed7c938cd4ae1d8da903d341,introduction_response,yes,,14,14
public_08,validation,intro_d3eb35509a6011c95773c777,,date_happened,True,,28,28
public_08,validation,intro_d3eb35509a6011c95773c777,syn_9e2b83520a604298ac7ac3ca4ed3a65c,second_meeting_intention,yes,,29,29
public_08,validation,intro_3f7aea5855b3aaf004ba9683,syn_0c709f8b3259fe59be1b27351ac7d809,introduction_response,no,,20,20
public_08,validation,intro_3f7aea5855b3aaf004ba9683,syn_ade85ea94873bbf3448c74a619d69d4f,introduction_response,,no_response,,21
public_08,validation,intro_e2f85457abe128d4fd670223,syn_1bf4f770353090b3038dbac5c3073f26,introduction_response,yes,,19,19
public_08,validation,intro_e2f85457abe128d4fd670223,syn_6b260c3f68402193a6138919aeb018d2,introduction_response,no,,21,21
public_08,validation,intro_6961795b14755f83dbade383,syn_23f23d1ae9a94c654773bd477be4937e,introduction_response,no,,16,16
public_08,validation,intro_6961795b14755f83dbade383,syn_91edf82d6d948fc6b9255a86bd065059,introduction_response,yes,,16,16
public_08,validation,intro_1796164044715f5d60e84b96,syn_68048de1eba321da254e2b084c370e73,introduction_response,,no_response,,21
public_08,validation,intro_1796164044715f5d60e84b96,syn_ac908e117263d182ba1667043439b10a,introduction_response,no,,21,21
public_08,validation,intro_c94a77c4b0f6f0c2f04455fd,syn_908fd7f2b642f6ecd61bdb92419c4dd1,introduction_response,yes,,18,18
public_08,validation,intro_c94a77c4b0f6f0c2f04455fd,syn_9472d5e1967a21205590fcfcdde82aa3,introduction_response,,no_response,,21
public_08,validation,intro_26ee120091d651b9be1ce751,syn_ae94e39d79018cfbaead4178dfba523a,introduction_response,no,,15,15
public_08,validation,intro_26ee120091d651b9be1ce751,syn_cb02a4a051bb050189ec710cb46a2e8a,introduction_response,no,,18,18
public_08,validation,intro_a3f6590664e1d0f4c506e036,syn_c3543a6e4224572bef55ecf655033d60,introduction_response,no,,21,21
public_08,validation,intro_a3f6590664e1d0f4c506e036,syn_c37ed3cb30d8a92e348dc5b9d02cf437,introduction_response,no,,16,16
public_08,validation,intro_6c8e2ee5442bdfdaa2c55e11,syn_43d18aa30bcadd41bf9573fdb20f40b5,introduction_response,,no_response,,22
public_08,validation,intro_6c8e2ee5442bdfdaa2c55e11,syn_8a66ed480ae629f3e5a474726b94ace7,introduction_response,no,,18,18
public_08,validation,intro_c526cc7c24d9a5a1ef6e9c8b,syn_0c67573b1f57ba2825bf71fc8122d2c9,introduction_response,,no_response,,23
public_08,validation,intro_c526cc7c24d9a5a1ef6e9c8b,syn_2f8c459a5b01837c6646f0a205ecd462,introduction_response,no,,23,23
public_08,validation,intro_f9941c75f3e065741c24847f,syn_10f09201189b30c0799374b18e8a5e9a,introduction_response,,no_response,,23
public_08,validation,intro_f9941c75f3e065741c24847f,syn_19b40b0a1d97aeea75e5e8d7a463751c,introduction_response,no,,18,18
public_08,validation,intro_197257f22c77eed7514e6028,syn_3c07c75bfaca888c574a485e5ca7fce0,introduction_response,no,,23,23
public_08,validation,intro_197257f22c77eed7514e6028,syn_845542023752fea3e0a95d952278eabf,introduction_response,,no_response,,23
public_08,validation,intro_b117c045432a5a2169f23384,syn_60baf3acdcffb71d555c54c207f24848,introduction_response,,no_response,,23
public_08,validation,intro_b117c045432a5a2169f23384,syn_da3823379e36eaf825533774f2a7ccf9,introduction_response,yes,,17,17
public_08,validation,intro_0ca5253cd26ae13b937d2d03,syn_72c5f776ad35fbed0106ae5b3e02565d,introduction_response,no,,18,18
public_08,validation,intro_0ca5253cd26ae13b937d2d03,syn_fceb07e10e27737824dd733b01c50d8e,introduction_response,yes,,23,23
public_08,validation,intro_7d0b230c98d3ec4657e95694,syn_7b9bf24e279dde6ac438d28af1182c64,introduction_response,no,,21,21
public_08,validation,intro_7d0b230c98d3ec4657e95694,syn_cad6e37bd1d9e0bc49cf018a5f0627bb,introduction_response,yes,,21,21
public_08,validation,intro_c603b04fd7fb1a2507b60671,syn_9d086f92bd9196465b05e7fa7b78cab4,introduction_response,,no_response,,23
public_08,validation,intro_c603b04fd7fb1a2507b60671,syn_c701df12da749db46be838bc30598d3c,introduction_response,no,,21,21
public_08,validation,intro_2899bdf1390f2f3a37c63d4c,syn_b7189cec127fd9b575ec557d09c17ff0,introduction_response,yes,,21,21
public_08,validation,intro_2899bdf1390f2f3a37c63d4c,syn_d356f8360333d03ba81e16a8e22b7ca1,introduction_response,,no_response,,23
public_08,validation,intro_8269fcc46fc36ace72f5aecf,syn_12c7cb677b331024461e39406742da8e,introduction_response,,no_response,,25
public_08,validation,intro_8269fcc46fc36ace72f5aecf,syn_e3c0da5b3c5546e3da1f4ab3ef45696b,introduction_response,,no_response,,25
public_08,validation,intro_05e9f8ba8caa6c566a3a0153,syn_d1d432a7706d2824dfbd6a790a201ae8,introduction_response,no,,23,23
public_08,validation,intro_05e9f8ba8caa6c566a3a0153,syn_fd09deb8f5da5d48b9d195107582fa8d,introduction_response,,no_response,,25
public_08,validation,intro_186fa89538f6616d5c2af832,syn_3116acff46ddb88da5ab15d9b0689845,introduction_response,yes,,22,22
public_08,validation,intro_186fa89538f6616d5c2af832,syn_d1466cfc82f39251348c76bf51d2d3fa,introduction_response,yes,,26,26
public_08,validation,intro_4f8acf63a5d23dba793b3760,syn_af0dc6779fdaf3311a049163f1bbf8b3,introduction_response,,no_response,,27
public_08,validation,intro_4f8acf63a5d23dba793b3760,syn_e873c9ddc3b41ec81c488e1c46adf54a,introduction_response,yes,,26,26
public_08,validation,intro_668eec8b637c6db3adbf7bf3,syn_9dc3a5eac3591712b30dae187c9241c9,introduction_response,yes,,27,27
public_08,validation,intro_668eec8b637c6db3adbf7bf3,syn_c4b5bdc0bc69886ead60e7acbe3682d2,introduction_response,yes,,27,27
public_08,validation,intro_c68c3fdee3d2b02b6379c0d3,syn_ac908e117263d182ba1667043439b10a,introduction_response,yes,,28,28
public_08,validation,intro_c68c3fdee3d2b02b6379c0d3,syn_c3543a6e4224572bef55ecf655033d60,introduction_response,yes,,26,26
public_08,validation,intro_bc16bab58a6dba1707eed925,syn_8a66ed480ae629f3e5a474726b94ace7,introduction_response,,no_response,,30
public_08,validation,intro_bc16bab58a6dba1707eed925,syn_d6c107c4b905f822d30abe1ad4e37527,introduction_response,yes,,25,25
public_08,validation,intro_6b39707e57dc635047ba8269,syn_10f09201189b30c0799374b18e8a5e9a,introduction_response,yes,,30,30
public_08,validation,intro_ceabb235483ca1d13eeb2ab7,syn_6b260c3f68402193a6138919aeb018d2,introduction_response,no,,28,28
public_08,validation,intro_ceabb235483ca1d13eeb2ab7,syn_c701df12da749db46be838bc30598d3c,introduction_response,yes,,30,30
public_08,validation,intro_849fcf6002e5d8e7444acddc,syn_fceb07e10e27737824dd733b01c50d8e,introduction_response,no,,27,27
public_08,validation,intro_e30f5ac5f5a281fa252545d8,syn_43d18aa30bcadd41bf9573fdb20f40b5,introduction_response,no,,29,29
public_08,validation,intro_e30f5ac5f5a281fa252545d8,syn_e3c0da5b3c5546e3da1f4ab3ef45696b,introduction_response,yes,,30,30
public_08,validation,intro_c35e38cd574ab23c38f15503,syn_af0dc6779fdaf3311a049163f1bbf8b3,introduction_response,yes,,30,30
public_09,development_test,intro_2eb57bc09267ac10db803401,syn_01639d571d85dc2ea9a0bad313cbb6fa,introduction_response,no,,5,5
public_09,development_test,intro_2eb57bc09267ac10db803401,syn_664d91e54ac84101c9455adeb1f76e58,introduction_response,no,,6,6
public_09,development_test,intro_8907ea3554ede0bf4efd22cb,syn_0762071899f970108e97e5f879f23b60,introduction_response,no,,6,6
public_09,development_test,intro_8907ea3554ede0bf4efd22cb,syn_395b967214926c08e0140e09fe6780da,introduction_response,,no_response,,7
public_09,development_test,intro_90ac4b352dcef56d0b2830ff,syn_3d77683b704738740b9c6ab04accd89d,introduction_response,no,,4,4
public_09,development_test,intro_90ac4b352dcef56d0b2830ff,syn_7943db275fb55131bbdb6929da1bc57f,introduction_response,yes,,4,4
public_09,development_test,intro_d10ce29b921afb777780a4f3,syn_3e31ee54b5c6410836bf96e80cdf4e36,introduction_response,no,,4,4
public_09,development_test,intro_d10ce29b921afb777780a4f3,syn_98e94a52f25112977ad37af1219acaa2,introduction_response,no,,4,4
public_09,development_test,intro_6f1278ce1e586286076d9b5c,syn_49184f8377e25febace8f0eb14ebfb2c,introduction_response,,no_response,,7
public_09,development_test,intro_6f1278ce1e586286076d9b5c,syn_fd41191020e81449486bd66d57f5a965,introduction_response,no,,1,1
public_09,development_test,intro_73c3daee90dd30e3a05571ea,syn_92bc461db5199d18402828ef1512b58c,introduction_response,,no_response,,7
public_09,development_test,intro_73c3daee90dd30e3a05571ea,syn_ca4ebbf1f6b1a6530862a9b58dd79c12,introduction_response,,no_response,,7
public_09,development_test,intro_98d41ae175844d0a8e2ecfeb,syn_954eea336cf58b771bb42ef5e50176fe,introduction_response,no,,6,6
public_09,development_test,intro_98d41ae175844d0a8e2ecfeb,syn_a4de8bb0451caa4b23ce4900ae2ea2ae,introduction_response,,no_response,,7
public_09,development_test,intro_b1f8a127acf9933ea73ae8e3,syn_9b9eb23ba1764bf3ee3eb6b3427a9f87,introduction_response,yes,,5,5
public_09,development_test,intro_b1f8a127acf9933ea73ae8e3,syn_b923a686ac867c0fccf2c9cc2cbde8c7,introduction_response,,no_response,,7
public_09,development_test,intro_5bcc788c35f0c17ce6c2f980,syn_52bea84dd5f87d01e4cb9f99f1d15eeb,introduction_response,no,,5,5
public_09,development_test,intro_5bcc788c35f0c17ce6c2f980,syn_9c7c9200bd69eb3de6297f81570e2093,introduction_response,yes,,6,6
public_09,development_test,intro_b23da824cd2d784e6f69294d,syn_31b5b656f14d66c10a517e4530f34094,introduction_response,yes,,4,4
public_09,development_test,intro_b23da824cd2d784e6f69294d,syn_c40cfb64ca29a0af4f43672ee4c6138d,introduction_response,yes,,6,6
public_09,development_test,intro_b23da824cd2d784e6f69294d,,date_happened,True,,14,14
public_09,development_test,intro_b23da824cd2d784e6f69294d,syn_31b5b656f14d66c10a517e4530f34094,second_meeting_intention,yes,,17,17
public_09,development_test,intro_b23da824cd2d784e6f69294d,syn_c40cfb64ca29a0af4f43672ee4c6138d,second_meeting_intention,yes,,16,16
public_09,development_test,intro_b23da824cd2d784e6f69294d,,pause_after_mutual_interest,True,,17,17
public_09,development_test,intro_015f602c67c4368c950d828a,syn_d79f8912b62eda42f1d1fedb4a0692de,introduction_response,,no_response,,9
public_09,development_test,intro_015f602c67c4368c950d828a,syn_e02f6a883c0601314be61b0a920b7ac1,introduction_response,,no_response,,9
public_09,development_test,intro_e4a19bfd49ef157b7e66a155,syn_1060f8789d9efed5c96b62750c60a10c,introduction_response,no,,6,6
public_09,development_test,intro_e4a19bfd49ef157b7e66a155,syn_ee1b22e21a2ba67e42ee44263820977d,introduction_response,no,,7,7
public_09,development_test,intro_a113714860634b7be34b92f0,syn_443a630b3ca8086f7d67ec70eed08f1f,introduction_response,no,,12,12
public_09,development_test,intro_a113714860634b7be34b92f0,syn_a6ac730a7422dc42e543fc3d84f9da31,introduction_response,no,,8,8
public_09,development_test,intro_9776093e4d3d0d291355c8a8,syn_0e1fe175a9527ff92f59598e685cc7ee,introduction_response,,no_response,,14
public_09,development_test,intro_9776093e4d3d0d291355c8a8,syn_d6b73be38eda52db3025a5b96af5b58e,introduction_response,no,,8,8
public_09,development_test,intro_d0098ffa82a9b65cf959dcd8,syn_8c39122a398b4fbbc69c4483b741a20a,introduction_response,,no_response,,14
public_09,development_test,intro_d0098ffa82a9b65cf959dcd8,syn_e01ac751b18577fb87cd8bd30466431a,introduction_response,no,,8,8
public_09,development_test,intro_2f33113b70840751c3b73830,syn_0762071899f970108e97e5f879f23b60,introduction_response,no,,11,11
public_09,development_test,intro_2f33113b70840751c3b73830,syn_92bc461db5199d18402828ef1512b58c,introduction_response,,no_response,,15
public_09,development_test,intro_d0c64799f6f9ec3260b4a8a7,syn_23fefada2c5b19650602df9e452b270c,introduction_response,no,,12,12
public_09,development_test,intro_d0c64799f6f9ec3260b4a8a7,syn_7943db275fb55131bbdb6929da1bc57f,introduction_response,no,,10,10
public_09,development_test,intro_0a0b19eb2c7aaab27a1104d4,syn_2498b1dc356de003c3825324d212befd,introduction_response,yes,,13,13
public_09,development_test,intro_0a0b19eb2c7aaab27a1104d4,syn_664d91e54ac84101c9455adeb1f76e58,introduction_response,,no_response,,15
public_09,development_test,intro_2c898008682f72634c7f6272,syn_399815501e1007dfb1a713ea80f0e372,introduction_response,no,,13,13
public_09,development_test,intro_2c898008682f72634c7f6272,syn_3d77683b704738740b9c6ab04accd89d,introduction_response,no,,13,13
public_09,development_test,intro_00579fd2633774b063cd17c7,syn_3e31ee54b5c6410836bf96e80cdf4e36,introduction_response,yes,,13,13
public_09,development_test,intro_00579fd2633774b063cd17c7,syn_d575caff2f7b071eadd02469edffbfbc,introduction_response,yes,,13,13
public_09,development_test,intro_00579fd2633774b063cd17c7,,date_happened,False,,16,16
public_09,development_test,intro_a89a14ef5d1efbd062526078,syn_49184f8377e25febace8f0eb14ebfb2c,introduction_response,,no_response,,15
public_09,development_test,intro_a89a14ef5d1efbd062526078,syn_72fa7f3a49551b8406189406fe067a80,introduction_response,no,,10,10
public_09,development_test,intro_0f1a99ef94981c858db5c059,syn_954eea336cf58b771bb42ef5e50176fe,introduction_response,no,,13,13
public_09,development_test,intro_0f1a99ef94981c858db5c059,syn_df3b42bf60bed5a6adda3b4807a79fe3,introduction_response,yes,,15,15
public_09,development_test,intro_02206bb59218c1893004efc0,syn_a005fdbc59c75076c16892b788a008e3,introduction_response,no,,14,14
public_09,development_test,intro_02206bb59218c1893004efc0,syn_ca4ebbf1f6b1a6530862a9b58dd79c12,introduction_response,no,,10,10
public_09,development_test,intro_dfe505e64045e9eb2aaa1535,syn_46153b3e21490c0dcdddff4ea33fa5d1,introduction_response,no,,16,16
public_09,development_test,intro_dfe505e64045e9eb2aaa1535,syn_e42956bd3ad3d0ab962031c145e0e8f5,introduction_response,,no_response,,16
public_09,development_test,intro_fd87135ea35e0c7941161690,syn_4fe3ee745aa0a0513d715c1f5e333848,introduction_response,no,,10,10
public_09,development_test,intro_fd87135ea35e0c7941161690,syn_7ea24ae1bc6dd1bf483a695694b4de60,introduction_response,yes,,10,10
public_09,development_test,intro_ddffae69ba10fd9fe28061de,syn_938533b6ed1b3352a3eeee11e0e010f7,introduction_response,no,,16,16
public_09,development_test,intro_ddffae69ba10fd9fe28061de,syn_9c7c9200bd69eb3de6297f81570e2093,introduction_response,no,,11,11
public_09,development_test,intro_13375bf879bfb83c5b29a1ea,syn_06c6a93d496d809575d704f32cbdca19,introduction_response,yes,,13,13
public_09,development_test,intro_13375bf879bfb83c5b29a1ea,syn_ea1944eabf76fcfc92500830c916cccc,introduction_response,yes,,14,14
public_09,development_test,intro_13375bf879bfb83c5b29a1ea,,date_happened,False,,21,21
public_09,development_test,intro_46f857563f4d0a794cfb605c,syn_98e94a52f25112977ad37af1219acaa2,introduction_response,yes,,15,15
public_09,development_test,intro_46f857563f4d0a794cfb605c,syn_fa7c24955e283049d85df1fbb450d74b,introduction_response,yes,,14,14
public_09,development_test,intro_46f857563f4d0a794cfb605c,,date_happened,True,,16,16
public_09,development_test,intro_46f857563f4d0a794cfb605c,syn_98e94a52f25112977ad37af1219acaa2,second_meeting_intention,,no_response,,21
public_09,development_test,intro_46f857563f4d0a794cfb605c,syn_fa7c24955e283049d85df1fbb450d74b,second_meeting_intention,no,,20,20
public_09,development_test,intro_0dcbd98935a4c1e0421ab037,syn_395b967214926c08e0140e09fe6780da,introduction_response,no,,17,17
public_09,development_test,intro_0dcbd98935a4c1e0421ab037,syn_b2abd96ee53a27f2c5e59d6561761225,introduction_response,yes,,14,14
public_09,development_test,intro_03ee7e7c9b7316e21f7e930b,syn_5101ee98621b0a0aa0efcc363c546da1,introduction_response,no,,14,14
public_09,development_test,intro_03ee7e7c9b7316e21f7e930b,syn_a9c5ea5a5b35df82c6e4cc4a44fa35ca,introduction_response,no,,19,19
public_09,development_test,intro_c1e25aba0f014b286fb25024,syn_3897f1b0cc5984c872766b78ee052e7e,introduction_response,,no_response,,20
public_09,development_test,intro_c1e25aba0f014b286fb25024,syn_f37b7db2cd4e3caf99dcada45326ece7,introduction_response,no,,19,19
public_09,development_test,intro_412c79398f75b1309d87810b,syn_9b9eb23ba1764bf3ee3eb6b3427a9f87,introduction_response,no,,14,14
public_09,development_test,intro_412c79398f75b1309d87810b,syn_b4e4ce7c2881670a12de4cc507059e9e,introduction_response,no,,20,20
public_09,development_test,intro_518db7305128f56cbe9ac1e4,syn_2cbc418ebac399b8bd636a099732065d,introduction_response,no,,21,21
public_09,development_test,intro_518db7305128f56cbe9ac1e4,syn_8c39122a398b4fbbc69c4483b741a20a,introduction_response,yes,,17,17
public_09,development_test,intro_63959e8333d40a940409af57,syn_0762071899f970108e97e5f879f23b60,introduction_response,no,,18,18
public_09,development_test,intro_63959e8333d40a940409af57,syn_6a0a70e102a42456541ad3688e00967c,introduction_response,no,,23,23
public_09,development_test,intro_99e963c34ace727461eebf8a,syn_2498b1dc356de003c3825324d212befd,introduction_response,yes,,23,23
public_09,development_test,intro_99e963c34ace727461eebf8a,syn_78f72d93ac182e959338610c9ef20c33,introduction_response,yes,,23,23
public_09,development_test,intro_99e963c34ace727461eebf8a,,date_happened,False,,28,28
public_09,development_test,intro_7e8fddc0ac11e0af037e0450,syn_399815501e1007dfb1a713ea80f0e372,introduction_response,,no_response,,23
public_09,development_test,intro_7e8fddc0ac11e0af037e0450,syn_7943db275fb55131bbdb6929da1bc57f,introduction_response,no,,18,18
public_09,development_test,intro_27ce5f7d350099a35551eed4,syn_3d77683b704738740b9c6ab04accd89d,introduction_response,no,,23,23
public_09,development_test,intro_27ce5f7d350099a35551eed4,syn_72fa7f3a49551b8406189406fe067a80,introduction_response,yes,,21,21
public_09,development_test,intro_514c71587455fc8c8014219e,syn_4fa874d7bbb15debb13c26bd8848dbd7,introduction_response,yes,,19,19
public_09,development_test,intro_514c71587455fc8c8014219e,syn_664d91e54ac84101c9455adeb1f76e58,introduction_response,,no_response,,23
public_09,development_test,intro_c6a74535839f82af8abc1423,syn_92bc461db5199d18402828ef1512b58c,introduction_response,,no_response,,23
public_09,development_test,intro_c6a74535839f82af8abc1423,syn_a005fdbc59c75076c16892b788a008e3,introduction_response,yes,,19,19
public_09,development_test,intro_f4b3d1ba5646a3d56fc6d3c7,syn_144a731e5f6fbba895bb43400c8e21ac,introduction_response,,no_response,,24
public_09,development_test,intro_f4b3d1ba5646a3d56fc6d3c7,syn_49184f8377e25febace8f0eb14ebfb2c,introduction_response,yes,,21,21
public_09,development_test,intro_1cecd128f0e54ecf58e3bd01,syn_7ea24ae1bc6dd1bf483a695694b4de60,introduction_response,,no_response,,24
public_09,development_test,intro_1cecd128f0e54ecf58e3bd01,syn_e42956bd3ad3d0ab962031c145e0e8f5,introduction_response,,no_response,,24
public_09,development_test,intro_047f85ebc167281e02f7b7b2,syn_2640db16caaaa59c746ccdd73e414769,introduction_response,yes,,21,21
public_09,development_test,intro_047f85ebc167281e02f7b7b2,syn_fe848a0f29f2f6689a79b64a9bd16b2a,introduction_response,yes,,23,23
public_09,development_test,intro_047f85ebc167281e02f7b7b2,,date_happened,True,,26,26
public_09,development_test,intro_047f85ebc167281e02f7b7b2,syn_2640db16caaaa59c746ccdd73e414769,second_meeting_intention,yes,,27,27
public_09,development_test,intro_047f85ebc167281e02f7b7b2,syn_fe848a0f29f2f6689a79b64a9bd16b2a,second_meeting_intention,yes,,30,30
public_09,development_test,intro_047f85ebc167281e02f7b7b2,,pause_after_mutual_interest,True,,30,30
public_09,development_test,intro_2bb874551e992497d55a33a4,syn_395b967214926c08e0140e09fe6780da,introduction_response,,no_response,,27
public_09,development_test,intro_2bb874551e992497d55a33a4,syn_84678ce338afaea457e03995df9782ec,introduction_response,yes,,26,26
public_09,development_test,intro_2d3c16b3eb9023a4d4fe7a58,syn_4fe3ee745aa0a0513d715c1f5e333848,introduction_response,no,,26,26
public_09,development_test,intro_2d3c16b3eb9023a4d4fe7a58,syn_b2abd96ee53a27f2c5e59d6561761225,introduction_response,,no_response,,27
public_09,development_test,intro_150697d40fe8b808af9fa6e3,syn_611b4f999018ab87c5e4f02fdd3b8e35,introduction_response,,no_response,,27
public_09,development_test,intro_150697d40fe8b808af9fa6e3,syn_b923a686ac867c0fccf2c9cc2cbde8c7,introduction_response,yes,,21,21
public_09,development_test,intro_5dc43feedf9f775095947b03,syn_938533b6ed1b3352a3eeee11e0e010f7,introduction_response,no,,24,24
public_09,development_test,intro_5dc43feedf9f775095947b03,syn_f37b7db2cd4e3caf99dcada45326ece7,introduction_response,yes,,24,24
public_09,development_test,intro_a85ac28cf4ee549e5edf1293,syn_ca4ebbf1f6b1a6530862a9b58dd79c12,introduction_response,,no_response,,29
public_09,development_test,intro_a85ac28cf4ee549e5edf1293,syn_d575caff2f7b071eadd02469edffbfbc,introduction_response,yes,,29,29
public_09,development_test,intro_e2338b11e2e74df2222ab387,syn_875b1c6c5a3cd40c806ef3512722833e,introduction_response,yes,,27,27
public_09,development_test,intro_86da2e066a56b024c29186a7,syn_92bc461db5199d18402828ef1512b58c,introduction_response,no,,29,29
public_09,development_test,intro_59443ef92717397f891159c6,syn_5a23a537897a87e452157802beeeb09e,introduction_response,no,,30,30
public_09,development_test,intro_61bcd1883b2b9b47ef1bb9c9,syn_572733bbeb649bcd629f40c406bb38a5,introduction_response,yes,,30,30
public_09,development_test,intro_4b9057094d3347fdb4b3cd22,syn_9c7c9200bd69eb3de6297f81570e2093,introduction_response,yes,,30,30
public_10,development_test,intro_f32a36b1070ed64765de8aa3,syn_0142765f71da4f470ea933199686004e,introduction_response,no,,1,1
public_10,development_test,intro_f32a36b1070ed64765de8aa3,syn_2cf4a622e93de4862bf406fbe9968660,introduction_response,no,,4,4
public_10,development_test,intro_b29fbff94551a8851d7e0e43,syn_07a1ba169c947274fbda87ce93066956,introduction_response,yes,,6,6
public_10,development_test,intro_b29fbff94551a8851d7e0e43,syn_6a8b7f19205f77e0079c06f343b179f9,introduction_response,no,,2,2
public_10,development_test,intro_86028fc6214563b05e89625c,syn_11c7a35957579b543aebc553ec143dfb,introduction_response,no,,5,5
public_10,development_test,intro_86028fc6214563b05e89625c,syn_4d4039deb870661a489ded51c2e01c2d,introduction_response,,no_response,,7
public_10,development_test,intro_8f535491775f4df076aae27e,syn_1fa0f9be55fad34f21fa1c78bcc75823,introduction_response,no,,2,2
public_10,development_test,intro_8f535491775f4df076aae27e,syn_9ab353464f583bd46641af0a05e39f27,introduction_response,,no_response,,7
public_10,development_test,intro_c33f5e87e86a00e020e81dd0,syn_3026c699639e3e6348676dcc6d650cc9,introduction_response,no,,4,4
public_10,development_test,intro_c33f5e87e86a00e020e81dd0,syn_4118efebeb5bffb1d97c676086799fca,introduction_response,no,,3,3
public_10,development_test,intro_3403abf851d1ab4894350e2a,syn_33218a5ec81d850bee668de6aac93a05,introduction_response,,no_response,,7
public_10,development_test,intro_3403abf851d1ab4894350e2a,syn_5f14e9567ba0f208b00430bb476fc6fc,introduction_response,,no_response,,7
public_10,development_test,intro_ae3c8bcf4c6c2d88ae65a905,syn_4550325028612805cbf17f2710057234,introduction_response,no,,4,4
public_10,development_test,intro_ae3c8bcf4c6c2d88ae65a905,syn_a72369d69b77313b62eb9cf310987623,introduction_response,no,,5,5
public_10,development_test,intro_a5e856c02cb9dd50eee04cd3,syn_8dd6339d4267512f971ae9c93ba79a33,introduction_response,yes,,7,7
public_10,development_test,intro_a5e856c02cb9dd50eee04cd3,syn_f53c9fb43874da5040cb430163ee338e,introduction_response,,no_response,,7
public_10,development_test,intro_a453c9857a00cff7534c8e15,syn_a83803235dd25c672bd97b546bbd67fd,introduction_response,yes,,5,5
public_10,development_test,intro_a453c9857a00cff7534c8e15,syn_ebba1ff86420419865f1aabda4832735,introduction_response,yes,,5,5
public_10,development_test,intro_a453c9857a00cff7534c8e15,,date_happened,True,,15,15
public_10,development_test,intro_a453c9857a00cff7534c8e15,syn_a83803235dd25c672bd97b546bbd67fd,second_meeting_intention,no,,17,17
public_10,development_test,intro_a453c9857a00cff7534c8e15,syn_ebba1ff86420419865f1aabda4832735,second_meeting_intention,no,,17,17
public_10,development_test,intro_6ce5cd08dce543d3e5c0c0c9,syn_2ae6428fe8d0787376fe540dbd83a9e1,introduction_response,no,,5,5
public_10,development_test,intro_6ce5cd08dce543d3e5c0c0c9,syn_aafea598a05555fd8a0331cd77bf3d1b,introduction_response,yes,,9,9
public_10,development_test,intro_68c53ac58c8872aa158655c5,syn_42d6624b007f9dadc90a65025826c2af,introduction_response,,no_response,,9
public_10,development_test,intro_68c53ac58c8872aa158655c5,syn_71ab4eb8e49081b34c2d7519496eb3aa,introduction_response,yes,,7,7
public_10,development_test,intro_5c55d74fa2b78be65cfc01fd,syn_26a54382c3b5c6a9a6a5b67ca4f6994d,introduction_response,yes,,10,10
public_10,development_test,intro_5c55d74fa2b78be65cfc01fd,syn_bc4afbb6a6767d12f8abbddbeafe6fdd,introduction_response,yes,,5,5
public_10,development_test,intro_5c55d74fa2b78be65cfc01fd,,date_happened,True,,13,13
public_10,development_test,intro_5c55d74fa2b78be65cfc01fd,syn_26a54382c3b5c6a9a6a5b67ca4f6994d,second_meeting_intention,yes,,14,14
public_10,development_test,intro_5c55d74fa2b78be65cfc01fd,syn_bc4afbb6a6767d12f8abbddbeafe6fdd,second_meeting_intention,no,,15,15
public_10,development_test,intro_c0a12a04ae752da43b9d8cf1,syn_82e48d89b5e9fb6839d31933fbfee9dc,introduction_response,yes,,9,9
public_10,development_test,intro_c0a12a04ae752da43b9d8cf1,syn_eb8368f49afc9d7d00ecc48c4d3de4ce,introduction_response,,no_response,,10
public_10,development_test,intro_f98bfe0e7994240aec4ace69,syn_08c8959211b0ecd44286ad82daec2c78,introduction_response,,no_response,,11
public_10,development_test,intro_f98bfe0e7994240aec4ace69,syn_b50b420bc580e1d9e03e64fd62d0a6f1,introduction_response,no,,9,9
public_10,development_test,intro_2bc71949d19d48791f7dab0b,syn_a10a0f33bed613eab3c39579cfb95fd7,introduction_response,no,,6,6
public_10,development_test,intro_2bc71949d19d48791f7dab0b,syn_a17752a2f68f8ad7d1a4988b602f4345,introduction_response,,no_response,,11
public_10,development_test,intro_b284b4611ea7a0876cc18908,syn_6ccd6d178a306578b2d80336ed08202f,introduction_response,no,,6,6
public_10,development_test,intro_b284b4611ea7a0876cc18908,syn_e75c0907f7e92d36cef546a896000d88,introduction_response,no,,12,12
public_10,development_test,intro_5ce5ed4f21617cacc9c3ec7f,syn_26dd18a4132bd025090300e446cf7bda,introduction_response,,no_response,,13
public_10,development_test,intro_5ce5ed4f21617cacc9c3ec7f,syn_3d9aa8f2b2f0e82cb4712e749d6a1225,introduction_response,yes,,12,12
public_10,development_test,intro_b0400999024ef8bc7374849d,syn_39f48c4c50343606770faa51e54c63fa,introduction_response,no,,13,13
public_10,development_test,intro_b0400999024ef8bc7374849d,syn_a2eb656ba08d83bd383536f1df7c20dc,introduction_response,yes,,10,10
public_10,development_test,intro_097c5f5f2d04a5e831a9dd25,syn_07a1ba169c947274fbda87ce93066956,introduction_response,yes,,9,9
public_10,development_test,intro_097c5f5f2d04a5e831a9dd25,syn_676957ba298a618f64668d76d471200a,introduction_response,yes,,14,14
public_10,development_test,intro_097c5f5f2d04a5e831a9dd25,,date_happened,True,,24,24
public_10,development_test,intro_097c5f5f2d04a5e831a9dd25,syn_07a1ba169c947274fbda87ce93066956,second_meeting_intention,yes,,25,25
public_10,development_test,intro_097c5f5f2d04a5e831a9dd25,syn_676957ba298a618f64668d76d471200a,second_meeting_intention,,no_response,,29
public_10,development_test,intro_defc3fe37a1ac202c7c3497e,syn_11c7a35957579b543aebc553ec143dfb,introduction_response,yes,,15,15
public_10,development_test,intro_defc3fe37a1ac202c7c3497e,syn_76fd573a948b554f3ebee57b8874c057,introduction_response,,no_response,,15
public_10,development_test,intro_f06ce49d51aebc8c956ee256,syn_36a6a073237ca17cc85d34b97234c35c,introduction_response,,no_response,,15
public_10,development_test,intro_f06ce49d51aebc8c956ee256,syn_6a8b7f19205f77e0079c06f343b179f9,introduction_response,,no_response,,15
public_10,development_test,intro_960f9fd2516a449286637243,syn_4118efebeb5bffb1d97c676086799fca,introduction_response,no,,12,12
public_10,development_test,intro_960f9fd2516a449286637243,syn_a2636682040b5f9e5612d711743d5a8e,introduction_response,,no_response,,15
public_10,development_test,intro_61a2e75a7f663aba84dd1ca7,syn_00a292432ca19ea1d82f9d7dee556e20,introduction_response,yes,,15,15
public_10,development_test,intro_61a2e75a7f663aba84dd1ca7,syn_b875287926cc310b79c882e91dcb2892,introduction_response,no,,14,14
public_10,development_test,intro_9fca1820e22944136ac89732,syn_6fae297670a62d433323bf1c97f56f9b,introduction_response,,no_response,,16
public_10,development_test,intro_9fca1820e22944136ac89732,syn_e47ce1bf335b859bc695eba30b036973,introduction_response,,no_response,,16
public_10,development_test,intro_bf3195f1cf198269f5bb5c3d,syn_04f963f5220053f9161754484ba31633,introduction_response,,no_response,,17
public_10,development_test,intro_bf3195f1cf198269f5bb5c3d,syn_aafea598a05555fd8a0331cd77bf3d1b,introduction_response,,no_response,,17
public_10,development_test,intro_96f6e9c3cce69624f3a800a3,syn_260c5622d51b36a6045a69b534807038,introduction_response,yes,,15,15
public_10,development_test,intro_96f6e9c3cce69624f3a800a3,syn_42d6624b007f9dadc90a65025826c2af,introduction_response,,no_response,,17
public_10,development_test,intro_3405f88f0a8498ba4d75eef3,syn_5f14e9567ba0f208b00430bb476fc6fc,introduction_response,,no_response,,18
public_10,development_test,intro_3405f88f0a8498ba4d75eef3,syn_f74fd02a69d26a14e5a77cb07ec0630f,introduction_response,no,,14,14
public_10,development_test,intro_712231c74a68dcce4c3f9a40,syn_89b307713d8898967b949ee364b9c9c2,introduction_response,no,,18,18
public_10,development_test,intro_712231c74a68dcce4c3f9a40,syn_fb677458ed9ef553765b0355a8ca1d87,introduction_response,no,,16,16
public_10,development_test,intro_87622ed11430a6d33a06c6bb,syn_08c8959211b0ecd44286ad82daec2c78,introduction_response,no,,14,14
public_10,development_test,intro_87622ed11430a6d33a06c6bb,syn_3026c699639e3e6348676dcc6d650cc9,introduction_response,yes,,17,17
public_10,development_test,intro_5bb6c4a25ce4c5f246fc5a16,syn_280ed2ee4e8e69969aba90ad77844c04,introduction_response,no,,16,16
public_10,development_test,intro_5bb6c4a25ce4c5f246fc5a16,syn_a17752a2f68f8ad7d1a4988b602f4345,introduction_response,yes,,13,13
public_10,development_test,intro_b3dcf98cbfd6a3cb0f98f08c,syn_65f5d040e59eb3dfdff023cd290ef343,introduction_response,,no_response,,20
public_10,development_test,intro_b3dcf98cbfd6a3cb0f98f08c,syn_e75c0907f7e92d36cef546a896000d88,introduction_response,,no_response,,20
public_10,development_test,intro_91599634b0b47ee52b115798,syn_022af7d17ed9947190143ccd3b849cd3,introduction_response,no,,16,16
public_10,development_test,intro_91599634b0b47ee52b115798,syn_a72369d69b77313b62eb9cf310987623,introduction_response,no,,16,16
public_10,development_test,intro_517d29ce601e4cbe70910a0c,syn_11c7a35957579b543aebc553ec143dfb,introduction_response,yes,,21,21
public_10,development_test,intro_517d29ce601e4cbe70910a0c,syn_12df47841c9a6503a3ac59119e457aef,introduction_response,yes,,18,18
public_10,development_test,intro_a13802a338a33b1b5f73a9c2,syn_2bd0bc113015a61a34579ec7d3cfa18f,introduction_response,,no_response,,23
public_10,development_test,intro_a13802a338a33b1b5f73a9c2,syn_b50b420bc580e1d9e03e64fd62d0a6f1,introduction_response,,no_response,,23
public_10,development_test,intro_f993fcff77d346ff4c2689ac,syn_2cf4a622e93de4862bf406fbe9968660,introduction_response,no,,17,17
public_10,development_test,intro_f993fcff77d346ff4c2689ac,syn_6a8b7f19205f77e0079c06f343b179f9,introduction_response,,no_response,,23
public_10,development_test,intro_67fb883de6b7d6bcf7d43d64,syn_4d4039deb870661a489ded51c2e01c2d,introduction_response,,no_response,,23
public_10,development_test,intro_67fb883de6b7d6bcf7d43d64,syn_76fd573a948b554f3ebee57b8874c057,introduction_response,no,,17,17
public_10,development_test,intro_ea7301632466ebb7cd5ea869,syn_8004e1549c802a6b7a454f9afffc1479,introduction_response,,no_response,,23
public_10,development_test,intro_ea7301632466ebb7cd5ea869,syn_a2636682040b5f9e5612d711743d5a8e,introduction_response,,no_response,,23
public_10,development_test,intro_4adc1b719f55d0b6ac28c99d,syn_00a292432ca19ea1d82f9d7dee556e20,introduction_response,yes,,19,19
public_10,development_test,intro_4adc1b719f55d0b6ac28c99d,syn_2ae6428fe8d0787376fe540dbd83a9e1,introduction_response,no,,19,19
public_10,development_test,intro_d80231810d9c82d8ae1a7c64,syn_60757875c23e938767f7c422caa6e51f,introduction_response,no,,24,24
public_10,development_test,intro_d80231810d9c82d8ae1a7c64,syn_71f3eb1ca39613e5c06707f0fe673d52,introduction_response,no,,18,18
public_10,development_test,intro_84ecbc9fa3df1aeea4076370,syn_7665278eebe7b6a88233a61f735661c4,introduction_response,,no_response,,24
public_10,development_test,intro_84ecbc9fa3df1aeea4076370,syn_e47ce1bf335b859bc695eba30b036973,introduction_response,yes,,22,22
public_10,development_test,intro_2bdbb2be9cb7c4e704f2c879,syn_1fa0f9be55fad34f21fa1c78bcc75823,introduction_response,no,,22,22
public_10,development_test,intro_2bdbb2be9cb7c4e704f2c879,syn_aafea598a05555fd8a0331cd77bf3d1b,introduction_response,yes,,21,21
public_10,development_test,intro_f5fdbb9d2000e96affbff425,syn_260c5622d51b36a6045a69b534807038,introduction_response,no,,20,20
public_10,development_test,intro_f5fdbb9d2000e96affbff425,syn_71ab4eb8e49081b34c2d7519496eb3aa,introduction_response,no,,25,25
public_10,development_test,intro_49417ca724be577e90b30c65,syn_2c41f4560363cf4a91985306f3e708c5,introduction_response,no,,21,21
public_10,development_test,intro_49417ca724be577e90b30c65,syn_f9226f603076fe6965d21526c1b71669,introduction_response,,no_response,,26
public_10,development_test,intro_6110ce48b007a15bebe2dada,syn_3c198d961c739a549da7c314447558ec,introduction_response,no,,23,23
public_10,development_test,intro_6110ce48b007a15bebe2dada,syn_4118efebeb5bffb1d97c676086799fca,introduction_response,no,,26,26
public_10,development_test,intro_e9d188e703365247e5a10349,syn_9ab353464f583bd46641af0a05e39f27,introduction_response,,no_response,,26
public_10,development_test,intro_e9d188e703365247e5a10349,syn_bc4afbb6a6767d12f8abbddbeafe6fdd,introduction_response,no,,20,20
public_10,development_test,intro_838de58504ccd51ba57391dd,syn_08c8959211b0ecd44286ad82daec2c78,introduction_response,,no_response,,27
public_10,development_test,intro_838de58504ccd51ba57391dd,syn_4550325028612805cbf17f2710057234,introduction_response,no,,24,24
public_10,development_test,intro_7b1b242c53f317eb6e863e43,syn_1d9fcedbba8fbe744c915639c8c02ff7,introduction_response,yes,,25,25
public_10,development_test,intro_7b1b242c53f317eb6e863e43,syn_67a91d5639d408ed487ea1f496cac894,introduction_response,yes,,22,22
public_10,development_test,intro_3ed3e4e29f662503bbcdc744,syn_26dd18a4132bd025090300e446cf7bda,introduction_response,,no_response,,27
public_10,development_test,intro_3ed3e4e29f662503bbcdc744,syn_a17752a2f68f8ad7d1a4988b602f4345,introduction_response,,no_response,,27
public_10,development_test,intro_810762389a3135e14974227a,syn_3026c699639e3e6348676dcc6d650cc9,introduction_response,no,,24,24
public_10,development_test,intro_810762389a3135e14974227a,syn_e75c0907f7e92d36cef546a896000d88,introduction_response,,no_response,,28
public_10,development_test,intro_c0d00ece481a71f69ee89e52,syn_022af7d17ed9947190143ccd3b849cd3,introduction_response,yes,,25,25
public_10,development_test,intro_c0d00ece481a71f69ee89e52,syn_ecbf5233371e2318fb6924c4f6c75877,introduction_response,,no_response,,30
public_10,development_test,intro_1c8b284f170aebba17d8bd70,syn_2cf4a622e93de4862bf406fbe9968660,introduction_response,no,,29,29
public_10,development_test,intro_1c8b284f170aebba17d8bd70,syn_f74fd02a69d26a14e5a77cb07ec0630f,introduction_response,yes,,26,26
public_10,development_test,intro_a363b8039de09bc313d9eabb,syn_714f9712b4b94edc26dfda9b98d3a5da,introduction_response,no,,28,28
public_10,development_test,intro_a363b8039de09bc313d9eabb,syn_76fd573a948b554f3ebee57b8874c057,introduction_response,yes,,26,26
public_10,development_test,intro_f1bb81cc5e80d7ab8c5febff,syn_89b307713d8898967b949ee364b9c9c2,introduction_response,no,,25,25
public_10,development_test,intro_0efcc00c4081033864fbc77e,syn_a2636682040b5f9e5612d711743d5a8e,introduction_response,yes,,30,30
public_10,development_test,intro_11590e84e6fa27793dba8995,syn_60757875c23e938767f7c422caa6e51f,introduction_response,yes,,29,29
public_10,development_test,intro_d58c6b2e36d6964bf35e4d1d,syn_a83803235dd25c672bd97b546bbd67fd,introduction_response,yes,,27,27
public_10,development_test,intro_c8f8465b0bf980d5c117797e,syn_aafea598a05555fd8a0331cd77bf3d1b,introduction_response,no,,27,27
public_10,development_test,intro_f4559ad553a45a0dde2e4edb,syn_3c198d961c739a549da7c314447558ec,introduction_response,no,,29,29
public_10,development_test,intro_f4559ad553a45a0dde2e4edb,syn_fe63aea00d57f05275dfa1b39efa721e,introduction_response,no,,28,28
public_10,development_test,intro_9676fb52b80e680d66adbc99,syn_ac7adb59d76e0765d34bb88a00ac664b,introduction_response,yes,,30,30
public_10,development_test,intro_7c4e7c7c880ad79c7cbc0081,syn_2bd0bc113015a61a34579ec7d3cfa18f,introduction_response,no,,29,29
public_10,development_test,intro_d4d6ea3b924c5259c8e9f8ce,syn_a17752a2f68f8ad7d1a4988b602f4345,introduction_response,yes,,30,30
